OrderID,CustomerID,ProductName,Brand,Raw_Weight,Country,OrderDate,UnitPrice
REC-861088,6120,Perly,Perly,100.0,Morocco,2024-02-22,13.18
REC-900952,12550,Prince Goût Chocolat,Lu,300.0,Algeria,2024-11-13,1.5
REC-595965,6705,Excellence Noir Prodigieux Cacao,Lindt Excellence,100.0,Algeria,2025-02-02,12.99
REC-942653,8645,Tonik,عربي,22.0,Morocco,2024-12-11,14.82
REC-885998,14430,Sésame,Gerblé,230.0,Belgium,2025-08-21,18.4
REC-674324,6760,Шоколад Какаова Маса,J. D. Gross,125.0,Austria,2024-09-08,19.16
REC-867660,8420,Cristaline Eau De Source L,Cristaline,500.0,Belgium,2024-10-10,3.64
REC-448132,9144,Henry’S,Henry'S,42.0,Morocco,2024-12-30,17.59
REC-202400,10397,Milk Chocolate Bar,-,150.0,Algeria,2024-08-04,11.08
REC-386572,13888,Organic Dark Chocolate Bar,Green & Black'S,90.0,France,2025-10-15,12.14
REC-394893,8397,King Cookies,Excelo,36.0,Morocco,2025-05-25,19.74
REC-965916,6325,Sable Coco Henry S G,-,42.0,Morocco,2024-07-02,2.64
REC-735024,8672,Biscuits Croquants Au Coeur Onctueux De Nutella®,Nutella,304.0,France,2024-12-11,10.57
REC-866242,13720,Tartine Croustillante Authentique,Wasa,275.0,France,2024-12-16,6.25
REC-167785,6250,Excellence Noir Intense Cacao,Lindt,100.0,Algeria,2024-10-26,1.25
REC-625106,12696,Lightly Sea Salted Crisps,Tyrrell'S,150.0,France,2024-09-16,1.84
REC-399127,6000,Dark Chocolate,Green & Black,90.0,Belgium,2025-09-11,19.17
REC-506660,10724,Excellence Noir Puissant Cacao,Lindt,100.0,Austria,2024-12-09,14.0
REC-323330,14542,Fourrés Chocolat Noir,Bjorg,225.0,France,2024-08-12,22.91
REC-726018,6965,Extra Dark Cocoa,Fin Carré,100.0,Belgium,2025-05-26,23.07
REC-799477,13302,Fibres,Wasa,230.0,Belgium,2025-03-19,6.57
REC-169584,14120,Henry’S,Henry'S,85.0,Morocco,2024-07-02,4.31
REC-925173,6135,Momo Black,Excelo,36.0,Morocco,2024-10-30,22.96
REC-898017,12257,Tuc Original,Mondelēz,100.0,Austria,2026-01-19,12.68
REC-739815,7944,Extra Fine Dark Chocolate,Lindt & Sprüngli,100.0,Australie,2024-03-13,12.4
REC-992581,8248,Eyoo Cover,Excelo,52.0,Morocco,2025-11-16,18.93
REC-392117,12134,Tartines Craquantes Au Sarrasin Imp,Ekibio,160.0,Belgium,2025-12-09,9.41
REC-337268,14038,Pomme 🍏 🍎 Noisette🥜,Gerblé,230.0,Belgium,2025-05-31,15.63
REC-974515,12699,Trios,Aperitivos Company,20.0,Spain,2026-01-06,24.16
REC-953482,13960,Edelbitter Cacao,J. D. Gross,125.0,De,2025-06-30,5.07
REC-829185,8153,Pringles Original,Pringles,165.0,Italia,2024-10-18,6.16
REC-212346,13782,Crunchy OatsHoney,Nature Valley,42.0,Belgium,2024-05-25,4.18
REC-416664,6670,Figue Son,Gerblé,210.0,Belgium,2024-11-22,17.46
REC-205333,10008,Bitter Extra Kraftig,Lindt,50.0,Australia,2024-11-27,2.2
REC-503724,7289,Nestlé Dessert,Nestlé,205.0,Belgium,2024-10-21,12.68
REC-407282,13001,Petit Beurre,Bé,300.0,Morocco,2024-09-08,9.34
REC-499346,14145,Pains Au Lait X,Pasquier,350.0,Belgium,2024-04-08,22.82
REC-668408,14519,Chocolat Au Lait,Milka,100.0,Algeria,2024-11-01,6.24
REC-400480,14530,Brioche Tranchée Bio G,-,400.0,France,2024-11-13,3.2
REC-936049,8846,King Cookies Choco,Excelo,36.0,Morocco,2025-05-12,16.03
REC-574329,11736,Bio Basmati Reis Vollkorn,Pueblo Lindo,180.0,Austria,2024-05-26,7.62
REC-837122,14656,Lidl Organic Dark Chocolate,Lidl,100.0,Belgium,2024-07-10,12.68
REC-955005,10000,Mix Di Frutta Secca,Alesto,200.0,France,2025-05-19,19.89
REC-538001,13364,Excellence Noir Subtil Doux Cacao,Lindt Excellence,100.0,Australia,2024-07-21,20.27
REC-900195,13320,La Gâche Tranchée,-,500.0,France,2025-08-04,11.15
REC-570097,7969,Sour Cream Onion,Pringles,165.0,Algieria,2024-10-16,20.45
REC-180568,5233,Chocolat Noir Cacao,Dark Excellente,100.0,Morocco,2025-11-02,8.29
REC-630706,8436,Granola LOriginal,Lu,200.0,Belgium,2025-11-20,10.39
REC-326111,12644,Cracotte Céréales Complètes,Lu,250.0,Belgium,2024-05-06,23.01
REC-574635,6128,Kinder Bueno,Kinder,225.0,Australia,2025-05-30,8.04
REC-218223,7913,Dark Chocolate,Tesco Finest,100.0,United Kingdom,2025-07-05,24.8
REC-895633,6608,Chips,Kettle,25.0,United Kingdom,2024-06-20,9.93
REC-754969,6085,Pringles Sare,Pringles,165.0,Armenia,2024-07-27,2.7
REC-528239,12090,Wasa,Barilla,270.0,France,2025-04-10,18.39
REC-540990,14397,HenryS Sable Coco Biscuit G,Henrys,85.0,Morocco,2025-08-06,12.49
REC-956271,13610,Cracotte,Lu,735.0,Belgium,2025-01-24,24.0
REC-440963,6157,Biscuit Raisins,-,270.0,France,2024-06-09,16.66
REC-116337,12524,Nutri Avoine Chocolat,Bjorg,130.0,France,2024-03-15,1.47
REC-653437,12486,Goût Chocolat,Bn,285.0,Belgium,2025-09-04,4.06
REC-786266,10600,Digestives,Mcvitie'S,360.0,France,2025-04-03,15.58
REC-650994,6007,Harrys Brioche Tressee Nature Au Sucre Perle Sans Additifs G,Harrys,500.0,France,2025-11-06,12.68
REC-981280,12427,Protein Cacahuetes🥜 Chocolat🍫,Nature Valley,160440.0,Belgium,2026-02-01,3.37
REC-295140,11156,Tartines Craquantes Quinoa Pois Chiche Sans Gluten,Jardin Bio,150.0,France,2025-03-28,24.72
REC-845441,11715,Lightly Salted Low Fat Corn Cakes,Kallo,122.0,France,2025-11-15,11.73
REC-649864,10711,Figolu,Lumondelez,1921216.0,France,2025-03-11,2.41
REC-745146,9008,Krit Krititas Galletas Saladas,Cuétara,350.0,Israel,2024-08-27,1.04
REC-595340,5792,Sour Cream Onion,Pringles,165.0,France,2024-02-13,4.9
REC-980028,11685,Crunchy Avoine Et Miel,Nature Valleygeneral Mills,210542.0,France,2025-04-29,8.94
REC-702338,12472,,حلال,1.0,Morocco,2024-03-06,12.58
REC-918887,11878,Biscuit Lait Chocolat,Gerblé,230.0,Belgium,2024-12-24,12.68
REC-854220,9266,Toffifee,Süßigkeiten,125.0,Germany,2024-09-28,13.2
REC-321774,13910,Crunchy Avoine Chocolat Noir X X Barres De G,General Mills,210.0,France,2025-07-22,20.71
REC-770550,12930,Cookie🍪 Cacao Pépites Sans Sucre,-,130.0,Belgium,2025-09-29,22.48
REC-570975,13801,Dark Milk Chocolate,Tesco,100.0,United Kingdom,2025-12-27,24.54
REC-347253,13159,Petit Déjeuner Miel Et Pépites De Chocolat,Belvita,435.0,Belgium,2025-03-15,7.58
REC-433923,8141,Biscuit Soja Orange,Gerblé,180.0,France,2024-12-17,5.38
REC-374982,7072,Sablés Anglais LOriginal,Mcvitie'S,400.0,France,2024-11-30,19.09
REC-833121,6028,Excellence Noir Corsé Cacao,Lindt,100.0,Australia,2025-04-28,23.01
REC-484365,9681,Картофельные Чипсы Со Вкусом Парики,Pringles,165.0,Bulgaria,2024-02-07,2.12
REC-204232,8249,Brioche Moins De Sucre,Harrys,485.0,France,2025-04-30,8.89
REC-942651,12158,Chocolat Monogram,Macao,180.0,Morocco,2025-07-25,3.33
REC-818095,14040,Lentil And Pea Cakes With Beetroot And Balsamic Flavour Seasoning,Kallo,122.0,United Kingdom,2025-02-09,7.77
REC-553814,14094,Pringles Original,Kellogg'S,165.0,Belgium,2025-07-04,3.36
REC-996953,5970,Fourrés Chocolat Au Lait,Bjorg,225.0,France,2024-07-18,11.61
REC-767742,12401,Pringles,-,40.0,Belgium,2024-02-25,22.67
REC-498811,7623,Digestive Avena Choco,-,425.0,Portugal,2024-02-23,12.68
REC-800513,9069,,Dark Excelente,100.0,Morocco,2024-07-05,12.58
REC-946193,10839,G C Or Noir Noisette,Côte D'Or,180.0,Algeria,2025-02-17,9.67
REC-662711,12233,Raffaello,Ferrero,150.0,Bulgaria,2025-07-15,13.27
REC-991303,7760,Barres De Fruits Secs Noix Myrtilles,Nakd.,140.0,Belgium,2024-09-05,3.46
REC-562005,6118,Tagger,Bimo,22.0,Morocco,2024-08-08,3.95
REC-802740,13691,Goûter S Saveur Pommes,Gerblé,360.0,France,2024-03-11,10.68
REC-723751,14512,Wheat Biscuits,Tesco,48912.0,United Kingdom,2025-11-29,8.66
REC-379767,11844,Protein Cocoa Hazelnut Bars,Nakd,135.0,Belgium,2024-10-12,1.55
REC-994160,11794,Thé Biscuits,Lu,350.0,France,2025-04-07,2.33
REC-607612,8211,Petites Madeleines,St Michel,500.0,France,2025-06-25,7.44
REC-331169,9169,Goûter Pépites De Chocolat,-,34250.0,Belgium,2025-09-28,1.01
REC-130025,8900,Sea Salt Cider Vinegar Chips,-,150.0,France,2024-10-10,17.32
REC-219484,5608,Príncipe Crema De Chocolate,Lu,300155.0,France,2025-03-21,14.49
REC-480927,14848,Kinder Bueno White,Kinder,39.0,Belgium,2025-09-21,19.57
REC-699692,14144,Sea Salt Lentil Chips,Proper Chips,70.0,United Kingdom,2025-05-25,23.12
REC-392540,6866,Napolitain LOriginal,Lu,180630.0,France,2025-11-10,24.73
REC-958052,13313,Petits Fours Financiers,-,500.0,France,2025-09-29,12.77
REC-151159,12792,Biscuits Pavot Citron,Gerblé,200.0,France,2025-10-20,11.76
REC-287331,14177,The Original Crunchy Rye Breads,Ryvita,250.0,United Kingdom,2026-01-18,17.49
REC-904456,7274,Pringles Original,-,165.0,Belgium,2025-09-15,4.56
REC-561658,8242,Blueberry Muffin Myrtilles,Nakd,435.0,France,2024-05-16,5.74
REC-884876,8901,Merendina Big,Bimo,52.0,Morocco,2025-05-21,8.14
REC-221353,9692,Belvita Original PetitDéjeuner Miel Et Pépites De Chocolat,Lu,440.0,Belgium,2024-04-04,21.53
REC-279860,11879,Véritable Petit Écolier Chocolat Au Lait,-,15012125.0,Algeria,2025-11-09,11.82
REC-996817,10003,Galletas Fibra Zero Azúcares,Gullón,170.0,Portugal,2024-09-27,13.03
REC-407433,13728,Belvita Petit Déjeuner Chocolat,Lu,200.0,Belgium,2025-01-16,2.77
REC-160782,9873,Caramelised Popcorn Seasoned With Sea Salt,Proper,28.0,Belgium,2024-08-02,4.7
REC-221530,8033,Edelbitter Mild ,-,125.0,Belgium,2025-08-23,2.26
REC-183716,12748,Véritable Petit Beurre Pocket,Lu,300.0,Belgium,2025-11-15,11.48
REC-878584,11980,Chips De Lentilles Saveur Fines Herbes,-,85.0,France,2025-07-31,1.81
REC-777037,13194,Chocolat Noir Equateur Bio,J.D. Gross,100.0,France,2024-09-16,7.37
REC-762689,9488,Biscuit Complet Au Germe De Blé,Gerblé,210.0,France,2024-05-10,3.33
REC-789279,9528,Milka Galette Choco,Lu,260.0,France,2025-05-23,12.59
REC-188975,5634,Multigrain Crispbread,Ryvita,250.0,France,2025-10-15,23.74
REC-476256,8438,Tartines Craquantes Sarrasin,Céréal Bio,145.0,France,2025-03-16,12.31
REC-337130,14724,Excellence Noir À La Pointe De Fleur De Sel,Lindt,10010.0,France,2025-01-07,13.22
REC-415413,5434,Nakd Cacahuètes G XP,Nakd.,140.0,Belgium,2025-04-14,12.23
REC-599217,6506,Cream Crackers,-,300.0,France,2026-01-10,14.86
REC-328646,12348,,Excelo,8.0,Morocco,2025-02-04,12.58
REC-563059,5998,Pistaches De Californie,Alesto,200.0,Belgium,2024-12-13,13.4
REC-294785,13490,Organic Crisp Bread,Dr Karg'S,180.0,France,2024-05-02,6.38
REC-693740,12990,Brioche Tranchée Recette Classique,Harrys,485.0,France,2024-03-09,21.83
REC-760615,11250,Véritable Petit Beurre,Lu,200.0,France,2026-01-20,15.12
REC-195486,11785,Sweet Salty Nut Chocolat Noir Et Mélange De Noix Barres De G,-,150.0,Belgium,2025-02-24,6.11
REC-516677,9726,Cheese Oatcakes,Nairn'S,200.0,France,2024-10-28,11.21
REC-146982,12015,Dark Chocolate,Fin Carré,100.0,Finland,2026-01-29,17.47
REC-239925,12675,Wholegrain Wheat Bixies,Crownfield - Lidl,72036.0,Ireland,2025-01-18,9.7
REC-109693,9652,Granola Lu,Lu,184.0,France,2024-10-18,1.26
REC-441235,14293,Cuites Au Four Nature,Lay'S,130.0,Belgium,2024-09-08,12.68
REC-176522,5950,Sour Cream Onion Chips,Pringles,185.0,France,2025-09-29,11.05
REC-145901,9071,Belvita Brut Céréales Complètes,Lu,400.0,Belgium,2024-07-18,24.59
REC-126227,13641,,Clorets,15.0,Morocco,2025-05-17,12.58
REC-360302,11499,Chocolate Negro Cacao,J. D. Gross,125.0,Francuska,2026-01-08,2.66
REC-633933,10355,Goûter Aux Raisins,Gerblé,360.0,Belgium,2024-03-28,8.33
REC-187987,6562,Pringles Sour Cream Onion,Pringles,40.0,Austria,2024-10-22,23.61
REC-307690,13557,Granola LOriginal Gros Éclats De Chocolat,Granola,276.0,France,2025-01-16,5.67
REC-921480,8300,Milk Chocolate With Honey And Almond Nougat,Toblerone,100.0,Algeria,2024-04-06,22.51
REC-715337,14087,Organic Milk Chocolate,Green & Black'S,90.0,United Kingdom,2024-06-17,22.67
REC-195153,7641,Noir Extra,Poulain,100.0,France,2026-01-26,23.04
REC-550594,9230,Le Cookie Chocolat Noisette,Bjorg,200.0,France,2024-06-03,17.62
REC-598496,6586,Tonik,Bimo,121.0,France,2025-01-07,21.63
REC-469768,8105,Tartines Céréales G,La Boulangère,450.0,France,2026-01-05,12.68
REC-825324,7206,Spofy,Henry'S,50.0,France,2024-11-20,16.28
REC-734212,9909,Digestive Avena,Hacendado,200.0,Portugal,2025-08-31,8.32
REC-967946,8890,Galettes St Michel Au Beurre X G,St Michel,130.0,Belgium,2024-05-13,10.36
REC-561526,12868,Petit Brun Extra,Brun,146.0,France,2025-12-26,4.41
REC-306391,8081,Bn Casse Croute Biscuits G,Bn,400.0,France,2024-10-01,1.85
REC-518782,13160,Goûter Aux Écorces Confites,Gerblé,360.0,France,2025-11-15,5.87
REC-994456,14348,Шоколад С Парченца Малини,J.D. Gross,125.0,Bulgaria,2024-11-27,13.16
REC-245946,5600,Milka Tablette Noisette,Milka,100.0,Algeria,2025-07-28,18.95
REC-986860,14640,Sablé Saveur Coco,Gerblé,132.0,Belgium,2025-03-16,13.36
REC-253786,8062,Moelleux Chocolat,Belvita,250.0,Belgium,2024-04-25,16.82
REC-940169,14012,Capri Choco,-,45.0,Morocco,2025-02-27,12.68
REC-908189,12873,Ferrero Rocher,Ferrero,375.0,Algeria,2024-12-23,24.19
REC-722929,11952,Noir Degustation Caramel,J. D. Gross,125.0,France,2024-08-01,1.32
REC-215654,9846,Excellence Noir Délicat Doux Cacao,Lindt Excellence,100.0,Austria,2024-05-21,20.25
REC-107243,11322,La Madeleine Pur Beurre,Bonne Maman,30012.0,France,2025-05-21,16.68
REC-810626,13882,,Bimo,41.0,Morocco,2025-05-19,12.58
REC-662848,7254,Blueberry Muffin Raw Fruit Nut Bar,Nākd,35.0,United Kingdom,2024-08-31,20.63
REC-184393,14014,Oreo Original,Oreo,154.0,Austria,2024-10-15,13.24
REC-317612,6203,Benco Original,Benco,400.0,France,2024-12-05,1.14
REC-421289,10212,Pringles Sour Cream,Pringles,165.0,Belgium,2024-04-07,18.43
REC-525010,10985,Pelotazos Futebolas,Cheetos,32.0,France,2024-04-13,2.57
REC-425933,11633,Apple Raisin Oat Bars,Deliciously Ella,350.0,France,2024-02-21,12.68
REC-958697,8352,Crunchy Oats And Dark Chocolate Barres De G,-,42.0,Belgium,2025-05-12,9.32
REC-137198,9309,Nutri Avoine Complet,Bjorg,13034.0,France,2024-06-27,12.68
REC-312331,6897,PeterS Yard Original Sourdough Crackers,-,180.0,France,2026-01-25,20.18
REC-475606,13792,,Aiguebelle,100.0,France,2024-04-09,12.58
REC-384172,10530,Cuetara Digesta Light G Marie Cookies,-,200.0,France,2025-10-20,6.38
REC-394564,14380,Cacao,Lactel,39.0,Belgium,2026-01-17,7.07
REC-483457,9297,Chip Choco Zero Sin Azúcares,Gullón,125.0,Portugal,2025-04-29,12.68
REC-613302,12237,Gingembre Saveur Citron 🍋,Gerblé,132.0,France,2025-11-22,24.85
REC-558106,6457,,-,180.0,Morocco,2025-08-10,12.58
REC-756048,10104,Kinder Country,Kinder,2115.0,Austria,2024-08-18,19.95
REC-731114,7998,Sweet Salty Popcorn,Proper Corn,14.0,United Kingdom,2025-09-21,16.02
REC-881552,13965,Gocciole Classiche Pav Gr,Pavesi,500.0,Belgium,2025-10-27,17.3
REC-687196,7075,Protein Caramel Salé Cacahuètes,Nature Valley,160440.0,France,2025-08-17,17.22
REC-542590,8875, Cocoa Dark Chocolate,Moser Roth,125.0,United Kingdom,2025-07-01,18.29
REC-447906,6547,Noir Equitable Pérou,Alter Eco,100.0,Belgium,2025-07-31,1.22
REC-187921,5654,Nutella,Ferrero,825.0,Deutschland,2024-07-04,13.84
REC-272094,5174,Oatibix,-,24.0,France,2024-07-02,13.15
REC-477529,14784,Kinder Cards,Ferrero,128.0,Belgium,2025-12-17,10.3
REC-563532,9187,Petites Madeleines Pépites Chocolat,St Michel,400.0,France,2025-08-31,11.68
REC-172405,5318, Pains Au Lait Frais Bio G,-,280.0,France,2025-02-20,21.26
REC-326784,10469,,Bimo,21.0,Morocco,2024-05-15,12.58
REC-601917,6223,Single Origin Milk Chocolate,Marks & Spencer,100.0,France,2025-01-06,21.81
REC-542762,6066,Petit Cookies Pépites De Chocolat,Bonne Maman,250.0,Belgium,2024-07-17,5.73
REC-600233,8833,Petit Écolier Chocolat Noir Pur Beurre De Cacao,Lu,150.0,Canada,2024-08-28,6.15
REC-120129,10797,Sweet Salty Popcorn,Proper Corn,84.0,United Kingdom,2024-05-06,3.61
REC-614314,11805,Cocoa Vanilla Oat Boosts,Graze,430.0,France,2024-07-20,14.0
REC-151525,5140,Megachok,Arluy,500.0,France,2024-05-28,18.21
REC-217744,7396,Cranberry Saveur Amande,Gerblé,13243.0,Frankrijk,2025-05-12,9.15
REC-737686,10860,Biscuits Graines Kasha Sésame Pavot,-,13243.0,France,2024-08-01,21.57
REC-310932,14834,Chocolat Noir Madagascar,Ethiquable,100.0,France,2025-04-19,7.05
REC-343699,13161,Véritable Petit Beurre,Lu,200.0,France,2024-07-26,19.29
REC-499216,11117,Texas Bbq Sauce,Pringles,165.0,Belgium,2024-03-02,3.96
REC-117524,5039,Extrem,Excelo,36.0,Morocco,2025-10-18,23.56
REC-799646,10029,Sablés Chocolat,Mcvitie'S,300.0,France,2025-04-07,1.73
REC-452768,9793,Nakd Protein Cacao Noisette G XP,Nakd,45.0,France,2024-07-03,12.68
REC-734503,14206,Kinder Bueno,Kinder,43.0,Algeria,2024-12-31,10.66
REC-426267,11642,Wheat Biscuits,By Sainsbury'S,462.5,Gb,2024-04-21,23.04
REC-616790,14425,Shortbread Fingers,Walker'S,160.0,United Kingdom,2025-09-16,1.6
REC-519560,7176,Chips Saveur Fromage Du Jura,Brets,125.0,France,2024-10-24,21.83
REC-876426,12754,Top Cookies,Excelo,28.0,Morocco,2025-01-16,12.68
REC-255749,14155,Cooky Original Chocolate Chips,Be,40.0,Morocco,2025-03-12,14.76
REC-335372,13315,Fine Milled Oatcakes,Nairn'S,218.0,Frankrijk,2024-12-20,4.83
REC-824167,8454,Chips De Lentilles Saveur Tomate Mozza,-,85.0,France,2025-11-14,7.7
REC-892701,8042,Fruit Seed Oatcakes,Nairn'S,190.0,France,2024-11-27,3.52
REC-109243,7429,Milka Oreo,Milka Oreo,25.0,France,2025-06-08,2.72
REC-222245,8897,Chocolate Negro,Carrefour Bio,100.0,Belgium,2025-03-28,9.67
REC-603051,7517,Cocoa Orange,Nakd,35.0,Royaume Uni,2025-08-06,16.7
REC-147698,13137,Savane,Brossard,310.0,France,2024-07-02,21.12
REC-909087,14717,Nutabella,-,900.0,Morocco,2024-07-25,18.46
REC-659364,13462,Absolute Black Dark Chocolate,Montezuma'S,90.0,Spain,2025-03-30,7.04
REC-431149,8527,Eyoo,Excelo,36.0,France,2025-05-05,19.74
REC-194215,6870,Flash Wondermint Gum,Flash,512.0,France,2024-07-23,17.85
REC-801190,13662,Biscuits Mega Duo Imp,Gullón,500.0,France,2025-12-15,7.25
REC-531273,9147,Cooky,Be,100.0,Morocco,2024-12-22,10.84
REC-426965,14311,Dark Chocolate Chip Oat Biscuits,Nairn'S,200.0,France,2024-06-21,1.2
REC-412341,14101,G Lt Noisette Cote D Or,Côte D'Or,180.0,Algeria,2025-02-23,10.13
REC-842128,14185,Dark Chocolate,Tesco Finest,100.0,United Kingdom,2025-05-06,12.39
REC-513271,10123,Merci Finest Selection Assorted Chocolates,Storck,250.0,Austria,2024-06-15,13.74
REC-901924,5988,Lotus Biscoff Speculoos Original G XG,Lotus Bakeries,250.0,Belgium,2025-10-22,6.98
REC-738096,8362,Noir Intense,-,100.0,Belgium,2025-02-21,23.87
REC-554502,11920,Biscuits Germe De Blé Et Pépites De Chocolat,Lidl,20045.0,France,2024-03-16,4.49
REC-415207,14283,Milka Wholenut,Milka,150.0,France,2025-04-14,2.02
REC-932547,13331,Nakd Peanut Butter Protein Bar,Nakd,345.0,France,2024-05-02,16.1
REC-225200,13078,Fine Gourmande Noir ,Fine Gourmande,100.0,France,2025-08-05,17.64
REC-700756,6550,Barre Céréales Protéines Peanut Chocolat🍫,Nature Valley,160.0,Belgium,2025-05-22,3.22
REC-104753,5467,Nature Valley Crunchy Oats Honey,Nature Valley,160.0,France,2025-01-01,13.98
REC-563677,10401,BOno Wafer,Excelo,36.0,Morocco,2024-02-18,22.57
REC-215776,13213,Cracotte Chocolat,Lu,200.0,Belgium,2025-09-15,8.73
REC-528518,12571,Tortilla Nachips Original,Old El Paso,185.0,Austria,2025-12-19,12.68
REC-636347,13593,Tentation Aiguebelle,Aiguebelle,100.0,Morocco,2024-11-16,14.26
REC-411150,6118,Nut Fruit Mix Classic,Alesto,200.0,Bulgaria,2025-04-13,3.62
REC-740006,14976,Baiocchi Nocciola G,Barilla,260.0,France,2026-01-18,1.02
REC-786767,11518,Table Water,Carr'S,125.0,France,2025-03-02,4.99
REC-546635,8778,Biscoff,-,250.0,Armenien,2025-09-16,11.99
REC-140146,5570,BReady Pièces,Ferrero,132.0,Belgium,2025-01-10,10.97
REC-594620,8463,Cheese Onion Flavour Potato Crisps,Walkers,25.0,United Kingdom,2025-05-19,7.05
REC-116922,7404,PimS Sinaasappel,Lu,15012.0,Belgium,2025-05-03,17.63
REC-307325,5909,Dark Chocolate Nuts Sea Salt Bars,Kind,33090.0,Gb,2025-07-27,19.81
REC-147375,13240,Noir Intense Dessert ,Lindt,200.0,France,2026-01-27,5.7
REC-255248,6169,Biscuits Soja Figue,Gerblé,270.0,Belgium,2024-10-30,5.23
REC-477166,11681,Cream Crackers,Tesco,300.0,France,2024-09-01,15.59
REC-984645,13750,Le Petit Gerblé Nature,Gerblé,200.0,Fr,2024-11-20,11.76
REC-637099,10108,Bastogne,Lu,260.0,France,2024-04-02,24.22
REC-872243,7122,G Ferrero Rocher Tablette Lt,Ferrero Rocher,90.0,Belgium,2025-05-18,20.01
REC-256797,10421,Chocolate Bar Snickers,Snickers,50.0,Bulgaria,2025-04-17,18.94
REC-891221,7883,Noix De Cajou Cranberries,Alesto,200.0,Belgium,2025-08-27,12.68
REC-668354,5029,Chamonix,Lu,25020125.0,France,2024-03-18,12.68
REC-163360,12757,Twix Twin,Mars Wrigley,50.0,Belgium,2024-08-28,2.23
REC-817759,11291,After Eight Coffret G,Nestlé,300.0,Belgium,2026-01-03,12.68
REC-919628,7157,Cookie Chocolat Saveur Noisette Sans Sucres,Gerblé,130.0,France,2024-11-07,16.9
REC-828515,9969,,-,180.0,Morocco,2025-08-15,12.58
REC-653547,11328,Napolitain,Aiguebelle,4.0,Morocco,2024-06-07,2.74
REC-124019,10597,Biscuit Chocolat Saveur Amande,Gerblé,200.0,France,2024-08-31,12.36
REC-234442,14276,Sablé Sésame Saveur Vanille Gerblé Sans Sucres,Gerblé,132.0,France,2025-08-21,4.09
REC-224813,11208,Gerblé Sablés Sans Sucres Saveur Citron Et Yuzu G Oz,-,13234.0,Belgium,2024-11-17,23.59
REC-886778,8143,Ferrero Rocher X ,Ferrero,200.0,Dänemark,2024-09-12,13.75
REC-222243,8407,Fakiat Barbeque,Leader Food,18.0,France,2025-09-15,5.96
REC-956956,13224,Sticks Et Bretzels DAlsace,Dr. Oetker,300.0,France,2025-02-11,16.9
REC-565596,12121,Sea Salt Balsamic Vinegar Crisps,Kettle,130.0,Ireland,2024-03-27,4.56
REC-468646,11217,Excellence Noir Orange Intense,Lindt,100.0,Canada,2025-08-19,22.06
REC-706461,6671,CroustiSon Miel 🍯🐝Sésame,Gerblé,200.0,France,2025-03-29,21.38
REC-258452,6678,Pringles Hot Spicy,Pringles,165.0,Croatie,2025-04-07,13.3
REC-391937,10925,Sea Salted,Seabrook,625.0,United Kingdom,2025-04-10,12.68
REC-541786,12292,Kinder Délice Pack,Kinder,390.0,France,2026-02-04,18.76
REC-705116,8552,Fourrés Chocolat Lait Noisettes,Bjorg,182.0,France,2026-01-15,3.34
REC-618179,7791,Tartines Craquantes Au Sarrasin,-,180.0,Belgium,2024-09-15,15.46
REC-805713,7030,Hohos,-,180.0,Morocco,2026-01-04,10.24
REC-787344,8824,Lemon Blueberry Oat Boosts,Graze,430.0,Gb,2025-08-19,6.98
REC-452636,5813,Bimo,Merendina,36.0,Morocco,2025-03-02,12.78
REC-388435,6058,Oreo Original,Mondelez,153.5,Morocco,2024-07-23,16.2
REC-410200,11324,Malt Loaf,Soreen,170.0,France,2025-04-06,18.84
REC-431929,10622,Kinder Chocolate,Kinder,50.0,Algeria,2024-05-25,14.96
REC-595599,14494,Whole Nut Milk Chocolate,Fin Carré,100.0,Bulgaria,2025-05-22,17.98
REC-420462,11667,Cuor Di Cereale,Galletas Gullon,300.0,Bulgaria,2025-01-03,12.52
REC-276469,9429,Milk Chocolate,Tony'S Chocolonely,180.0,United Kingdom,2024-09-26,1.92
REC-110488,12529,Smoky Barbecue Crunch,Graze,100.0,United Kingdom,2025-01-22,12.68
REC-278242,14213,Sablé Nature Sans Sucres,Gerblé,132.0,France,2025-02-28,20.37
REC-304978,5948,Break Chocolate Fingers,Break,31.0,Lebanon,2024-11-29,15.29
REC-938382,10480,Gifflar Cannelle,Pågen,260.0,France,2026-02-03,23.2
REC-752253,8165,Gaufres Miel,Bjorg,175.0,Croatia,2025-12-24,12.68
REC-668825,9445,Veg Crisps,Tyrrell'S,125.0,France,2025-10-29,10.65
REC-714142,7706,Top Cookies Original,Excelo,32.0,Morocco,2024-06-04,3.0
REC-155683,14201,Tartines Craquantes Froment,Maître Jean Pierre,250.0,Belgium,2025-12-07,16.14
REC-614633,11197, Cacao Noir,Carrefour,80.0,France,2025-03-30,4.16
REC-810541,10650,Peanut Delight,Nākd,435.0,Royaume Uni,2024-03-11,14.72
REC-719038,8305,Excelo Nougat,Excelo,36.0,Morocco,2024-12-28,12.68
REC-891439,8216,Kinder Kinderini,Ferrero,250.0,France,2026-01-02,7.97
REC-590398,14693,,Ferrero Rocher,90.0,Australia,2024-10-31,12.58
REC-828436,12339,Buscalios,Risi,35.0,France,2025-10-13,22.21
REC-231742,11533,Biscuits Tacos,Reda Food,180.0,Morocco,2024-06-25,7.47
REC-505283,11007,Dark Chocolate ,Marks & Spencer,137.5,Gb,2025-10-30,3.88
REC-405146,5025,Peanuts Roasted Salted,Alesto,250.0,Belgium,2025-02-08,21.93
REC-419555,14119,Roudor,St Michel,150.0,France,2024-03-31,1.02
REC-885496,9271,Tartined Craquantes Châtaigne,Jardin Bio,150.0,France,2025-02-10,5.7
REC-749206,14466,Kitkat,Nestlé,365.0,Morocco,2024-04-28,18.26
REC-432435,12770,Crunchy,Be,34.0,Morocco,2025-09-12,8.15
REC-503925,8359,Chips Recette Paysanne Nature,Lays,155.0,France,2025-03-18,17.38
REC-109081,9704,Ready Salted Crisps,Walkers,141.0,United Kingdom,2026-01-11,2.11
REC-801714,12355,Fine Milled Oatcakes,Nairn'S,48250.0,United Kingdom,2024-08-29,9.84
REC-789642,14617,Prince Multicéréales Goût Chocolat Au Blé Complet,-,29315.0,France,2025-09-24,7.03
REC-501122,8459,Nutella Biscuits Fergulf,Ferrero,166.0,France,2025-10-28,2.76
REC-425316,8036,Pringles Paprika,-,40.0,Franța,2025-09-25,20.8
REC-673861,8907,Chocolate For Change Single Origin Cocoa Dark Chocolate,Coop,100.0,United Kingdom,2024-04-26,4.85
REC-923949,14607, Dark Chocolate,Sainsbury'S,150.0,Gb,2025-04-14,2.71
REC-975360,8850,Pain Au Lait Bio X G,La Boulangère,420.0,France,2026-01-26,5.26
REC-171363,11285,Hohos,-,180.0,Morocco,2024-09-26,23.3
REC-610460,8398,Protein Salted Caramel Nut,-,40.0,France,2024-11-08,7.75
REC-403782,7698,Lu Grany Pommes,Lu,1256.0,France,2026-01-24,24.67
REC-777889,11571,PimS Framboise,Lu,150.0,Belgium,2024-12-31,5.69
REC-378766,14247,Galleta Ligera Sin Sal Y Sin Azúcar,Gullón,80.0,France,2025-02-13,12.68
REC-327239,13402,Paahdettu Maapähkinä,Alesto,200.0,France,2024-06-30,3.51
REC-326397,9991,Chocolat Noir Équateur Intense Et Floral,Ethiquable,100.0,France,2025-10-27,16.41
REC-690278,14683,Chocolate Negro Cacao,Hacendado,100.0,Spain,2024-12-07,3.83
REC-102120,7648,Milk Chocolate,Fin Carré,100.0,Bulgaria,2024-09-16,6.92
REC-688832,10581,Dunkle Schokolade Mit Ganzen Haselnüssen,Fin Carré,100.0,Belgium,2025-05-31,22.64
REC-291490,12382,Biscuits Fourrés Aux Framboises,-,175.0,France,2025-12-15,19.27
REC-740623,7606,MMS Peanut,Mars Wrigley,330.0,Belgium,2025-03-31,21.82
REC-110119,5506,Cake Chock,Milka,150.0,奥地利,2025-08-31,12.68
REC-247388,9226,Oregano Crostini Italian Bread Bites,Crosta & Mollica,150.0,France,2024-09-14,16.31
REC-118961,6135,Oat Biscuits,-,200.0,New Zealand,2024-12-30,3.01
REC-348747,6106,Excellence À La Pointe De Fleur De Sel Noir,Lindt,100.0,Belgium,2025-04-20,12.48
REC-451588,6932,Moelleux Chocolat Noix,-,138.0,France,2024-02-22,9.18
REC-674481,8863,Berry Delight,Nakd,127.5,United Kingdom,2025-01-03,12.51
REC-933861,6676,Ovomaltine Crunchy,Ovo Maltine,360.0,Belgium,2024-10-16,12.83
REC-985358,10037,Chocolat Bio Noir ,Côte D'Or,90.0,Belgium,2025-06-10,12.68
REC-447978,8413,Crunchy Cereal Bars Made With Whole Grain Rolled Oats And Honey,Nature Valley,420.0,France,2025-12-10,9.55
REC-167533,14678,Sweeties Mini,Aiguebelle,100.0,Morocco,2025-11-04,16.49
REC-783284,10364,Cookies Chocolate Chip,Sondey,225.0,France,2025-02-12,2.55
REC-895560,14747,,Wasa,270.0,Italy,2024-07-30,12.58
REC-159182,10578,Love Corn Sea Salt,-,115.0,Gb,2024-07-15,20.17
REC-228067,9824,,Florbú,340.0,Marruecos,2024-02-05,12.58
REC-312884,6758,Digestive ,Hacendado,400.0,Spain,2025-09-04,9.92
REC-750594,12775,,-,180.0,Morocco,2025-09-14,12.58
REC-417952,12417,Genova Double Creme,-,38.0,Morocco,2025-05-09,4.13
REC-867395,10685,Madagascar Dark Chocolate Tummasuklaa,Preferred Selection,100.0,Czech Republic,2024-07-03,9.37
REC-597548,12785,Mini Bn Chocolat,Bn,175535.0,Belgium,2025-04-24,12.69
REC-154012,12482,Biscuit Fondant Choco 🍫Noir Sans Sucres Ajoutés,Gerblé,126.0,France,2025-06-23,11.73
REC-245493,8880, Baguettes Viennoises G,La Boulangère,340.0,France,2024-07-04,7.65
REC-550722,5410,Véritable Petit Écolier Pocket Chocolat Au Lait,Lu,2501025.0,France,2025-12-15,15.04
REC-405850,13531,Shortbread Fingers,Paterson'S,20300.0,Spain,2025-11-29,11.55
REC-191215,10051,سيرجيو صغيرة,-,180.0,Morocco,2025-10-12,12.68
REC-758625,11017,Cioccolato Fondente,Fin Carre,200.0,Italy,2024-10-28,5.48
REC-633365,5484,Chips Sel De Mer Et Poivre Noir,Tyrrell'S,150.0,France,2025-06-04,15.97
REC-613708,9966,Nestlé Dessert Noir G,-,205.0,France,2024-12-15,3.54
REC-793167,6407,Corn Thins Original,Real Foods,150.0,Australia,2025-07-21,2.0
REC-914211,14067,Marmite Crunch,Graze,100.0,France,2024-07-27,22.51
REC-815843,9336,Chipotle Lime,Manomasa,140.0,Gb,2024-11-15,3.67
REC-508584,11539,High Fibre Cream Crackers,Jacob'S,200.0,Royaume Uni,2024-10-25,12.73
REC-236097,12806,The Original Cracker,Ritz Bakery,200.0,United Kingdom,2025-12-22,16.67
REC-537240,7407,Müsli Oat Biscuits,Emco,60.0,France,2025-11-25,12.68
REC-346552,9023,Ginger Cocoa Bar,Green & Black'S,90.0,Spain,2024-04-27,12.68
REC-787632,11920,Barbecue Lentil Chips,Proper,85.0,United Kingdom,2024-11-23,4.69
REC-473925,7936,Lu Grany Chocolate Cereals Bar X G Oz,Lu,125.0,France,2025-06-16,14.74
REC-477514,11188,Kinder Riegel Einzelpackung,Ferrero Group,100.0,Belgium,2025-05-08,6.36
REC-105082,6224,Melloeux Fruit Rouges,-,180.0,Belgium,2024-12-16,5.46
REC-528664,10267,Just Snax Tortilla Chips,Sainsbury'S Basics,200.0,United Kingdom,2026-01-26,11.85
REC-887059,7787,Hazelnut Pecan Maple Oat Bars,Deliciously Ella,350.0,United Kingdom,2024-08-23,10.4
REC-756881,6573,Bonne Maman Quatre Quarts G Oz,Bonne Maman,500.0,France,2024-06-14,5.56
REC-436222,12499,Chips Saveur Sel Vinaigre,-,125.0,Croatie,2025-08-07,19.51
REC-910883,10674,Mignonnette Noir De Noir,Côte D'Or,180.0,Belgium,2025-03-25,14.93
REC-594096,13112,La Paille DOr Aux Framboises,Lu,170.0,France,2024-03-09,22.58
REC-953953,13647,Choco Wafer,Milka,180630.0,Belgium,2025-04-06,16.73
REC-162742,12477,Musli Oat Biscuits Blueberry,Emco,606.0,France,2024-11-07,17.9
REC-404794,8005,Lightly Salted Potato Chips,Kettle,25.0,Gb,2025-06-21,4.21
REC-411911,6538,Palmito LOriginal,Lu,1002.0,Belgium,2025-06-03,12.68
REC-709714,9026,Curly Cacahuète LOriginal,-,160.0,Canada,2025-08-21,4.98
REC-142011,11614,Salt And Vinegar Flavour Potato Crisps,Walkers,25.0,United Kingdom,2026-01-15,17.12
REC-224018,7160,Belvita Original Biscuits Petit Déjeuner Miel Pépites De Chocolat,Belvita,250.0,France,2024-05-30,13.35
REC-450859,14600,Chocolat Noir Bio ,Côte D'Or,90.0,Belgium,2025-05-14,10.2
REC-899654,7650,Chips Sea Salt Cider Vinegar,Tyrrels,150.0,France,2024-12-01,19.93
REC-637476,10477,Ready Salted Crisps,Tesco Finest,150.0,United Kingdom,2024-07-06,16.99
REC-940651,10035,All Butter Shortbread Fingers,Tesco,210.0,Gb,2024-12-02,10.44
REC-550308,7241,Petites Madeleines,St Michel,157.0,France,2025-01-22,16.06
REC-164799,13400,The Original Speculoos,Lotus,225.0,France,2024-06-24,19.8
REC-269908,12654,Dark Chocolate,Moser Roth,25.0,Gb,2024-06-27,5.52
REC-904498,6405,Milk Single Origin Chocolate,Waitrose,100.0,United Kingdom,2024-07-23,4.62
REC-633035,10082,,Excelo,36.0,Morocco,2025-11-05,12.58
REC-704624,11348,Snack Poppé TH,Too Goodfrance,85.0,Frankrijk,2024-02-23,22.83
REC-117145,6566,Crackerbread,Ryvita,2005.0,France,2025-06-17,8.07
REC-526147,6216,Chocolate Negro Cacao,Hacendado,200.0,Spain,2025-10-02,16.56
REC-528594,13701,Carres Graines Pepites De Chocolat,Lidl,140.0,Frankrijk,2025-01-06,15.23
REC-559831,13836,Sucre Pure Via Specialpatisserie,-,180.0,France,2024-04-03,4.82
REC-646271,10486,Chips De Lentilles Saveur Oignons Caramélisés,Vico,85.0,France,2024-09-07,7.75
REC-323617,8422,Excellence Noir Caramel À La Pointe De Sel,Lindt,100.0,France,2025-07-22,3.72
REC-330558,11609,Kinder Pinguin,Kinder,240.0,France,2025-06-17,22.65
REC-243290,5811,Gerblé Cacao Céréales,Gerblé,160.0,France,2025-01-07,17.72
REC-884233,14107,Crakes Choc,Excelo,36.0,Morocco,2024-06-03,23.59
REC-441343,9558,Petit Déjeuner Fruits Rouges,Gerblé,180.0,France,2025-03-19,12.68
REC-386153,8164,Chocolat Tentation Noir Gourmand Amandes,Aiguebelle,100.0,France,2024-09-30,12.82
REC-561962,10725,Noir Amandes Entières,Côte D'Or,180.0,France,2024-06-11,10.09
REC-684507,7706,Milk Caramel Sea Salt Chocolate,Tony'S Chocolonely,180.0,United Kingdom,2024-09-22,12.68
REC-724820,12941,Raffaello Confetteria Kokos Mandelcreme,Ferrero,90.0,Bulgaria,2025-09-21,24.36
REC-449605,10319,Chocolate Chip Oat Biscuit Breaks,Nairn'S,160.0,Czech Republic,2025-02-17,19.59
REC-949874,10721,Milk Chocolate Nut,Fin Carre,100.0,Bulgaria,2025-09-20,18.32
REC-859685,8583,Lindt Excellence Dark Orange Intense,Lindt,100.0,ประเทศออสเตรีย,2024-03-05,17.95
REC-522487,6246,TyrrellS Sweet Chilli Red Pepper,Tyrrell'S,150.0,France,2024-05-13,12.68
REC-157991,9251,Brioche Tranchée Nature Ss Additif,Harrys,680.0,France,2026-01-30,18.51
REC-441880,13367,Pringles,Pringles,175.0,Frankrijk,2025-04-23,14.67
REC-220764,12019,Tortilla Chips,Tesco,200.0,Isle Of Man,2024-07-24,23.48
REC-315928,9950,Mints,J.D. Gross,125.0,Germany,2024-06-21,4.56
REC-401196,13993,Pains Au Chocolat,Pasquier,480.0,France,2025-06-04,13.16
REC-274859,11967,Chèvre Piment DEspelette,Bret'S,125.0,France,2024-07-22,3.98
REC-487510,11203,Raffaello,Ferrero,230.0,Austria,2024-08-25,5.63
REC-259397,12550,Mature Cheddar Chive,Tyrell'S,180.0,France,2025-10-16,24.99
REC-289254,13814,Raw Fruit Nut Bar,Nakd,35.0,Royaume Uni,2025-11-07,22.45
REC-758050,13025,Oven Baked Sweet Potato Fries,Strong Roots,180.0,France,2024-04-24,13.78
REC-830455,7199,Nestlé Dessert Absolu G,Nestlé,170.0,France,2025-11-24,2.61
REC-675513,12219,Tosta Rica,Cuétara,570.0,France,2025-05-17,3.4
REC-894378,9551,Crunchy Canadian Maple Syrup,Nature Valley,210.0,France,2025-11-30,15.06
REC-712691,12721,Bio Crackers,Lidl,200.0,Frankrijk,2025-01-22,22.68
REC-741000,9144,Mcvities Rich Tea Biscuits,Mcvitie'S,300.0,United Kingdom,2024-03-01,22.32
REC-253952,13821,Baiocchi Nocciola Snack Mb,Barilla,336.0,France,2024-03-29,3.79
REC-905681,7343,,Snack Day,370.0,Österreich,2025-11-21,12.58
REC-560612,12280,Intense Dark Chocolate Cocoa Solids,Marks & Spencer,100.0,France,2025-05-19,5.02
REC-377992,13367,Tartines Craquantes MultiCéréales,Céréal Bio,145.0,France,2024-11-23,19.21
REC-766839,11640,Chocolat Au Lait Feuilleté Caramel,Poulain,95.0,France,2024-11-14,5.33
REC-400914,6909,Chocolate Negro Azúcares Añadidos Cacao,-,100.0,Spain,2024-12-14,2.21
REC-952850,14781,Chips De Sarrasin Au Sel De Guerande,Brets,120.0,France,2024-03-09,18.89
REC-698801,10404,Bn Strawberry Cookies G Oz,Bn,285.0,Belgium,2024-06-12,6.24
REC-555333,10657,Baked Sea Salt,Walkers,622.0,United Kingdom,2024-10-09,20.35
REC-692545,13969,Salt And Vinegar Flavour Rice And Corn Cakes,-,117.0,United Kingdom,2025-11-11,15.91
REC-817214,6912,Bonbon À La Sève De Pin,-,180.0,Belgium,2024-07-18,20.13
REC-786321,14062,La Barquette Chocolat,Lu,200.0,France,2024-10-18,4.25
REC-460626,8289,Création Rocher Noir,Lindt,100.0,France,2025-05-29,5.35
REC-224080,10303,Scottish Rough Oatcakes,Savour Bakes,250.0,United Kingdom,2025-04-04,22.63
REC-155289,10861,Itri Choco,-,32.0,Morocco,2025-03-10,12.68
REC-757953,10560, Pains Au Lait Frais Sans Sucres Ajoutés G,La Boulangère,350.0,France,2025-06-10,16.21
REC-115392,13265,Pomme De Terre Nature,-,155.0,Fr,2025-09-17,14.11
REC-892352,7611,All Butter Shortbread Fingers,Tower Gate,210.0,Czech Republic,2025-08-31,22.34
REC-494805,13387,Curly Cacahuete,Curly,100.0,France,2025-03-10,3.36
REC-700666,5519,MMS Cacahuètes Pack Familial,M&M'S,550.0,France,2024-08-02,1.56
REC-251272,10523,Nestlé Dessert Corsé G,Nestlé,205.0,France,2024-05-12,21.77
REC-315153,11263,Crunchy Avoine Fruits Rouge X G,-,210.0,France,2025-02-15,12.68
REC-483324,12448,Digestive Zero Sin Azúcares,Gullón,400.0,Andorra,2026-01-06,12.54
REC-212204,12863,Hazelnut Butter Dark Chocolate,Hu,60.0,Spain,2024-09-07,12.32
REC-540997,9547,Chips Nature,Lay'S,135.0,Fr,2025-06-15,10.28
REC-159098,5660,Brioche Tranchée,Maître Jean Pierre,500.0,France,2025-01-25,12.35
REC-154990,7787,Framboise Intense,Lindt,100.0,Australien,2024-10-12,12.68
REC-205019,10957,Petits Coeurs Chocolat,Kraft Foods,125.0,France,2025-01-16,12.68
REC-448241,10128,Le Sablé Pur Beurre,-,12528.0,France,2024-06-30,4.96
REC-402691,13147,Schokobons,Kinder,200.0,Austria,2025-05-26,21.0
REC-501265,13534,María Dorada ,Hacendado,4002200.0,Portugal,2025-06-01,7.0
REC-132229,9786,Belvita Original Petit Déjeuner Pépites De Chocolat,Lu,300.0,Belgium,2025-10-12,17.3
REC-482175,13507,Biscuits Nappés De Chocolat Noir,-,180.0,France,2024-04-30,15.8
REC-693525,12459,Walkers Ready Salted Crisps Pk,Walkers,150.0,United Kingdom,2025-12-21,12.68
REC-928352,7317,Berry Delight Bars,Nakd,1404.0,Belgium,2024-09-22,14.31
REC-771515,9509,PomBear Potato Snacks,Kp Snacks,13.0,United Kingdom,2025-03-07,23.09
REC-299670,11373,Aiguebelle Mini Chocolate,Aiguebelle,100.0,France,2025-06-29,15.64
REC-503591,5684,Organic Sesame Biscuits,Biscuiterie De L'Abbaye,170.0,France,2025-12-30,14.5
REC-183457,12235,Excellence Lait Extra Fondant,Lindt,100.0,France,2024-09-09,12.68
REC-620581,14477,Fourré Cacao Sans Sucres,Gerblé,185.0,France,2025-05-06,11.91
REC-734098,13212,Kinder Maxi,Ferrero,2311121.0,Belgium,2024-07-26,1.25
REC-241923,10558,Lentil Chips Sea Salt Flavour,Eat Real,113.0,United Kingdom,2025-02-05,18.33
REC-885440,14660,Vegetable Chips,Deluxe,100.0,Czech Republic,2024-07-06,3.74
REC-647623,11437,Bono,-,180.0,Morocco,2024-09-25,4.12
REC-113143,6277,Eyoo Choc,Excelo,36.0,Morocco,2024-02-09,20.01
REC-656966,11976,Tobigo,-,180.0,Morocco,2025-10-01,21.5
REC-693147,7455,Mon Cherie,-,315.0,Austria,2024-07-21,19.59
REC-213879,14019,Top Original,-,56.0,Morocco,2024-02-16,5.19
REC-532547,8179,Chips Saveur Poulet Braisé,-,125.0,France,2024-06-05,8.46
REC-273703,12815,Petit Déjeuner Chocolat,Belvita,600.0,Belgium,2024-07-29,21.43
REC-875617,7677,The Golden Experience,Ferrero Rocher,90.0,France,2024-06-09,11.54
REC-945353,9689,Biscuits Nutella BReady X Gaufrettes Fourrées,Ferrero,330.0,France,2025-08-17,20.81
REC-628376,12803,Delichoc Milk Chocolate Cookies,Delacre Y,150.0,France,2024-02-24,20.19
REC-573722,9580,Breaksta,Tiffany,13.0,Qatar,2025-05-24,12.68
REC-721254,13262,Cherry Bakewell Oat Boosts,Graze,100.0,Gb,2024-11-25,23.98
REC-669569,8846,Cream Crackers,-,300.0,United Kingdom,2025-10-06,20.16
REC-554210,8738,,Snickers,50.0,Morocco,2024-08-31,12.58
REC-332005,5142,SchokoBons,Kinder,225.0,France,2025-04-07,21.09
REC-661603,7838,Chocolate Extrafino Noir Azúcares Añadidos,Trapa,80.0,Spain,2025-11-08,24.18
REC-152568,11040,Harrys Brioche Tranchee Pepites De Chocolat Sans Additif G,Harry'S,485.0,France,2026-01-30,15.38
REC-283969,11603,Biscuit Chocolat Céréales,Gerlinea,200.0,France,2024-08-16,11.86
REC-623742,10968,LOriginal Noir,Côte D'Or,200.0,France,2025-06-19,11.51
REC-182020,11664,Prince Goût Tout Choco Au Blé Complet,Lu,300.0,France,2025-10-04,23.8
REC-734828,14472,Sticks Bretzels DAlsace LOriginal,Dr. Oetker,300.0,France,2025-09-07,23.79
REC-614213,7642,Lightly Salted Tortilla,Lidl,200.0,France,2026-01-10,23.11
REC-227715,14036,Biscuits Abricot Pistache,Gerblé,160.0,France,2024-06-16,21.09
REC-890176,14282,British Ribeye Steak,Tesco Finest,300.0,Gb,2025-04-04,12.68
REC-350428,7250,Protein Peanut Butter Bar,N?Kd,45.0,France,2025-02-12,15.8
REC-676463,10522,Ugandan Dark Chocolate,Sainsburys,100.0,United Kingdom,2025-03-09,18.4
REC-561676,13637,G Dragibus Soft Haribo,Haribo,300.0,France,2024-09-26,20.05
REC-618587,8935,Dairy Milk,Cadbury,128.5,United Kingdom,2024-02-05,9.44
REC-310475,8391,Chilli And Lime Protein Nut Crunch,Graze,100.0,United Kingdom,2025-10-20,9.31
REC-560155,9783,Shortbread All Butter Fingers,Sainsbury'S,200.0,France,2025-12-18,8.94
REC-469529,8317,Chips Paysannes,Lay'S,150.0,France,2024-12-14,12.68
REC-101717,12856,Gâteau Marbré Au Chocolat,Bonne Maman,475.0,France,2026-01-03,12.68
REC-828599,6831,Pérou Grand Cru Amazonas Note De Fruits Rouges,Ethiquable,100.0,France,2025-07-14,20.08
REC-383499,10074,Melts Cheese,Carr'S,137.5,France,2024-11-24,22.58
REC-547341,14509,Cheetos Sticks Palitos,-,27.0,France,2024-10-10,12.9
REC-336478,6989,Napolitain Noir,Aiguebelle,100.0,France,2024-02-24,11.85
REC-852250,13816,Cracker Épeautre Et Graines,Maître Jean Pierre,200.0,France,2024-04-08,4.37
REC-934945,14644,Duo Fourré Goût Chocolat 🍫 Noisette 🥜,Belvita,525506253.0,Belgium,2025-06-03,15.56
REC-416538,8888,Le Moelleux,Ker Cadélac,500.0,France,2024-06-04,5.5
REC-105895,5408,Mini Mix,Gullón,350.0,Algeria,2024-08-15,16.08
REC-292499,13115,Galletas Desayuno Zero Sin Azúcares,Gullón,216.0,Bolivia,2024-09-03,12.68
REC-791744,11417,Gran Cereale Classico Fiocchi D Avena Farrone Orzo,Gran Cereale,500.0,Italia,2024-11-23,5.42
REC-629664,10466,Lightly Salted Potato Chips,Kettle,25.0,United Kingdom,2024-07-04,24.03
REC-816334,9833,Tartelettes Citron,Bonne Maman,1259.0,Belgium,2025-12-15,2.15
REC-582703,9474,Grany Noisettes Céréales,Lu,125.0,Belgium,2025-08-05,13.8
REC-718810,7528,Pringles Hot Spicy,Pringles,40.0,France,2025-04-03,8.98
REC-612639,12948,Nutella BReady,Ferrero,220.0,Austria,2025-11-29,1.09
REC-864840,8774,Chocolat Noir Pâtissier,Nestlé,205.0,Finland,2024-09-12,24.04
REC-368267,5524,Madeleines Aux Œufs De Poules Élevées En Plein Air,St Michel,600.0,France,2024-05-19,3.36
REC-375286,8001,Crackers Heudebert,Heudebert,250.0,France,2024-04-13,21.39
REC-547576,6207,Crunchy Nut Bars With Peanuts Chocolate,Eat Natural,345.0,Belgium,2024-10-07,14.26
REC-498844,6133,LOriginal Lait,-,200.0,Belgium,2024-12-18,5.4
REC-200491,5023,Monaco,-,180.0,Belgium,2025-07-08,4.5
REC-721496,12592,Gran Cereale Cioccolato,Gran Cereale,230.0,Italia,2024-12-14,8.07
REC-715073,14838,Doradas Al Horno Zero Sin Azúcares,Gullón,3302165.0,Portugal,2025-07-04,12.68
REC-985280,5564,Raw Fruit Nut Bars Salted Caramel,Nākd,435.0,United Kingdom,2025-05-14,15.6
REC-252231,6894,Madagascan Dark Chocolate,Extra Special,100.0,United Kingdom,2025-07-11,6.32
REC-137791,6601,Barres Protéinées Aux Chocolat Et Cranberries Sans Gluten,Nature Valley,440.0,Belgium,2025-01-03,6.96
REC-526840,12072, Pains Au Lait Au Levain,Marque Repère,35010.0,France,2025-03-08,2.57
REC-402960,13277,Cream Crackers Original,Jacob'S,200.0,France,2025-08-30,4.7
REC-420573,14732,Proper Corn Sea Salted Popcorn,Proper,70.0,Belgium,2025-03-04,21.58
REC-268750,10758,Peanut Butter Oat Bar,Deliciously Ella,50.0,France,2025-03-16,1.63
REC-260601,12016,Black Forest Cherry Dark Chocolate,Montezuma'S,90.0,France,2024-11-15,16.42
REC-835443,8459,Doritos Goût Nature,Doritos,160.0,France,2025-04-03,23.6
REC-517074,5722,Bretzels DAlsace Maxi,Dr. Oetker,200.0,France,2024-10-07,13.39
REC-858821,12039,Yoyos Strawberry Multipack X,Bear,520.0,France,2025-04-10,7.11
REC-146852,10645,Capri Vanille,Excelo,36.0,Morocco,2024-12-26,14.29
REC-798014,12127,Prince Goût Lait Choco Au Blé Compet,Lu,200.0,Canada,2025-03-20,24.28
REC-448688,6991,Chocup Milky,Excelo,36.0,France,2024-03-31,12.68
REC-209315,6477,Lindt Excellence Cocoa,Lindt,50.0,Österreich,2024-08-24,12.68
REC-559704,8805,Salt Vinegar Lentil Chips,-,85.0,United Kingdom,2024-06-01,19.13
REC-953626,5378,Fourrés Chocolat🍫,Jardin Bio,300.0,France,2024-11-03,1.91
REC-248915,8282,Fettuccine Alfrado,Trader Giotto'S,200.0,France,2024-08-07,23.79
REC-454710,7294,Petit Nesquik,Nestlé,660.0,Belgium,2025-12-05,21.84
REC-123934,14679,Crêpes Dentelle LAuthentique,-,125.0,France,2024-08-21,20.74
REC-538199,11573,Scottish Rough Oatcakes,Tesco,185.0,United Kingdom,2024-03-18,19.15
REC-896748,11080,Gaufre De Liège Perles De Sucre,Lotus,315.0,Belgium,2024-10-15,6.77
REC-801387,10403,LOriginal Noir,Côté D'Or,3003100.0,France,2024-10-07,16.31
REC-157258,12355,Apple Raisin Oat Bar,Deliciously Ella,50.0,France,2024-11-03,14.36
REC-210063,8108,Prince Petit Dej,Lu,300.0,Belgium,2025-01-04,20.57
REC-437082,8232,Arôme Vanille,-,200.0,France,2025-02-27,14.79
REC-841779,12779,Special K High Protein,-,112.0,Belgium,2025-12-12,1.4
REC-441261,7112,Pringles Cașcaval,Pringles,165.0,Hungary,2024-08-13,12.33
REC-873432,8125,Bournville Dark Chocolate Bar,Cadbury,180.0,France,2024-12-25,21.58
REC-113841,10648,Sweet Chilli Rice Crackers,The Snack Organisation,180.0,France,2026-02-01,20.37
REC-364828,8806,Chocolate Orange Milk,Terry'S,180.0,United Kingdom,2024-08-27,11.83
REC-530966,8152,Doo Wap Pépites Choco,Harrys,320.0,France,2024-08-21,19.06
REC-545232,10025,McvitieS Rich Tea The Light One Delights,Mcvitie'S,300.0,Gb,2025-05-30,20.02
REC-790841,11019,Lotus Biscoff Speculoos Fourré Crème Speculoos G,Lotus,150.0,Australia,2025-03-21,11.31
REC-995899,7738,Cake Fourré Saveur Fraise,-,6.0,France,2024-07-31,18.01
REC-764286,6219,Galettes Bretonnes Pur Beurre,-,2502125.0,France,2025-10-26,16.56
REC-135793,5182,Sticks Et Bretzels DAlsace,Dr. Oetker,137.0,France,2025-12-26,16.9
REC-455654,5649,Lindt Excellence Milk Chocolate G,Lindt,100.0,Australia,2024-02-20,15.11
REC-915893,9141,Moelleux Pépites De Chocolat,Gerblé,196.0,France,2025-07-14,19.43
REC-279494,5298,Madeleines Moelleuses Nature X Sachets De G,Ker Cadélac,500.0,France,2025-12-19,1.69
REC-906408,8594,G Vichy Menthe,Vichy,230.0,France,2025-02-20,12.68
REC-717570,8341,La Grande Galette ,St Michel,15033.0,France,2024-07-05,12.68
REC-605981,13347,Grany Moelleux Fruit Des Bois,Lu,1926.0,Belgium,2025-01-18,15.76
REC-965000,9706,Baked Pretzels Original Sea Salted,Penn State,175.0,France,2025-01-06,3.45
REC-289005,5062,PomBear Original Pk,Pom-Bear,613.0,United Kingdom,2024-05-22,7.25
REC-158100,13976,Chips Saveur Pesto Mozzarella,Brets,125.0,France,2025-12-24,13.4
REC-751061,10543,Rice Crackers Finement Salé Promotion,-,85.0,Belgium,2025-07-05,13.2
REC-371565,14283,Toast Brioché,Lu,150.0,Frankrijk,2024-02-21,12.68
REC-315652,10902,Bounty X,Mars,2285.0,Belgium,2024-07-16,17.33
REC-824782,5746,Bear Pure Fruit Yoyos Strawberry G,Bear,20.0,Tschechien,2024-08-28,9.97
REC-116038,10484,Walkers Supreme Prawn Cocktail,Walkers,25.0,United Kingdom,2025-02-27,21.02
REC-797759,7004,Oreo Double Creme,Mondelez,157.0,Austria,2024-09-25,17.03
REC-475248,6779,Trancetto Cacao,Balconi,45.0,France,2025-03-20,24.59
REC-807924,14662,Chocolat Noir Dégustation Cacao Bio,Bio Village,175.0,France,2025-10-19,16.28
REC-110224,13568,Ferrero Rocher,Ferrero,100.0,France,2025-01-13,3.25
REC-189159,13071,Raspberry Wholegrain Oat Bars,Stoats,442.0,Gb,2024-04-22,8.56
REC-236609,13448,Noir ,Biocoop,140.0,France,2025-04-20,17.67
REC-120920,11933,Knusper Schnitte,Sondey,1025.0,Франция,2025-04-24,4.09
REC-342844,14577,Biscuit Chocolat Noir,Gerblé,150.0,France,2025-05-31,19.49
REC-846346,8714,Fourrés Vanille Bio,Bjorg,225.0,France,2024-09-01,2.67
REC-249351,5221,Haïti Grand Cru Cap Haïtien Cacaoté Et Fruité,Éthiquable,100.0,France,2024-09-09,1.84
REC-599185,8373,Gran Cereale Frutta,Barilla,250.0,Greece,2024-10-04,20.6
REC-302139,10921,Chamallow,Haribo,300.0,France,2025-01-08,12.68
REC-430647,14678,Shortbread Fingers,Belmont Biscuits,300.0,United Kingdom,2025-08-19,22.74
REC-533938,13168,Briochettes,Pasquier,480.0,France,2024-04-19,18.9
REC-859930,9693,Ugandan Dark Chocolate,Asda,100.0,United Kingdom,2024-12-12,10.2
REC-938747,11561,Chocolat Noir Aux Pépites,Carlotti,100.0,Morocco,2025-10-03,2.38
REC-570792,11474,Peanuts Roasted Salted,Alesto,500.0,Belgium,2026-01-25,8.84
REC-936955,5470,Cigar,Henry'S,47.5,France,2025-10-26,6.6
REC-196794,5746,Leibniz Butterkeks,Bahlsen,120.0,Germany,2025-09-08,12.68
REC-749902,7759,Sensations Thai Sweet Chilli Crisps,Walkers,150.0,United Kingdom,2024-11-10,12.68
REC-695435,13986,Cracotte Fibres,Lu,250.0,France,2025-07-20,16.86
REC-761163,6268,Cuor Di Cereale Cioccolato,Gullón,280.0,France,2025-06-06,21.57
REC-425614,7730,,Gullón,265.0,Hungary,2025-04-12,12.58
REC-160620,11740,Corn Smoked Bbq Crunchy Corn,Love Corn,115.0,Spain,2024-09-25,18.25
REC-671417,11925,Brunch Bar Choc Chip,Cadbury,5.0,United Kingdom,2024-02-11,3.91
REC-873391,11215,Chips Paysanne Nature,-,180.0,France,2025-01-18,8.2
REC-982031,10416,All Butter Scottish Shortbread Fingers,Marks & Spencer,210.0,France,2025-01-14,15.64
REC-113541,9705,Taboule Oriental G,Bonduelle,300.0,France,2025-05-06,22.16
REC-842371,13428,Brossard Le Cake À LAnglaise,-,400.0,France,2025-06-16,10.57
REC-181325,8461,Brioche Tressée À La Main,-,630.0,France,2025-10-09,12.36
REC-992067,11794,Monster Munch Salé,Intersnack,85.0,France,2025-09-10,11.46
REC-985552,5851,La Vicoise Saveur Sel De Mer,Vico,150.0,France,2026-01-13,19.95
REC-232590,12804,Protein Bar Peanut And Chocolate,Nature Valley,40.0,France,2024-03-20,16.3
REC-983019,10744,Black Peppercorn Bolli Italian Crackers,Crosta & Mollica,150.0,United Kingdom,2025-04-19,9.1
REC-848021,11603,Malt Lunchbox Loaves,Soreen,170.0,United States,2024-10-08,10.16
REC-244388,9790,Mini Delice Amandes,Aiguebelle,100.0,Morocco,2025-02-27,13.64
REC-234590,6850,Biscuits Nutella X Biscuits Fourrés G,Nutella,414.0,France,2024-02-05,12.68
REC-736476,12032,Granola LOriginal,-,225.0,Frankrijk,2025-06-30,5.55
REC-375103,10120,Belvita Petit Déjeuner Goût Noisette Et Chocolat,Belvita,400.0,France,2026-01-17,13.66
REC-978721,12600,Délichoc Noir,Delacre,150.0,France,2026-01-27,11.58
REC-857909,12918,Dunkle VollNuss,Ritter Sport,100.0,Austria,2026-01-01,13.15
REC-428280,13347,Crunchy Savoury Wholewheat Sticks,-,200.0,France,2024-10-15,9.35
REC-873211,5619,Sweet Chilli Flavour Wholegrain Snack,-,150.0,France,2025-11-30,13.97
REC-177177,10152,Sea Salted Potato Crisps,-,150.0,France,2024-07-08,2.26
REC-797863,8408,Wafers Bfb Hazelnut,Balconi,225.0,France,2024-07-03,13.6
REC-915342,13747,Molinetti,Barilla,800.0,France,2024-10-03,19.51
REC-491921,7451,Milka,Milka,100.0,France,2024-06-17,2.65
REC-352974,12938,Salted Microwave Popcorn,Proper Corn,210.0,United Kingdom,2024-11-06,12.68
REC-290242,13737,Dark Milk Chocolate,M&S Collection,100.0,Hong Kong,2025-11-05,24.54
REC-776142,9817,Petites Madeleines De Sucres,St Michel,400.0,France,2024-07-15,7.12
REC-237622,9075,Mars,Mars,51.0,France,2024-03-13,17.6
REC-603374,6811,Lotus Biscoff Speculoos Fourré Crème Saveur Chocolat G,Lotus,150.0,République Tchèque,2024-04-19,3.98
REC-405563,10268,Snack A Jacks Mini,Snackajacks,19.0,Ireland,2025-07-26,22.98
REC-805265,7363,Mikado Chocolat Au Lait,Lu,100.0,France,2024-06-19,4.48
REC-725940,6421,Amandes Grillées Salées,Alesto,150.0,République Tchèque,2024-06-16,13.57
REC-112319,12789,Excellence Noir Sésame Grillé,Lindt & Sprüngli,100.0,France,2025-01-14,9.46
REC-479833,12559,Prince Goût Vanille,Lu,300.0,France,2024-07-10,11.77
REC-863427,7692,Pringles Original,Pringles,195.0,France,2026-01-26,13.04
REC-172842,8697,Savane Chocolat,Brossard,210.0,Fr,2024-10-21,17.08
REC-643647,7739,Kafferep,Ikea,600.0,France,2025-10-12,11.71
REC-272358,10338,Sea Salt Crushed Black Peppercorns,Kettle Chips,180.0,United Kingdom,2025-03-01,10.36
REC-352735,12195,Snickers Stück À G,Mars Incorporated,50.0,France,2024-05-06,11.08
REC-781612,10982,Weiße Schokolade,Fin Carré,100.0,France,2024-10-07,21.22
REC-977968,14985,Snack Poppé,Too Good,85.0,France,2025-04-21,17.87
REC-174568,10736,Madeleines Longues Marbrées Chocolat,Le Ster,12510075.0,France,2025-10-04,13.18
REC-346543,8496,Lotus Dinosaurus Original Chocolat G XP,Lotus,225.0,France,2024-07-14,8.26
REC-411714,6068,Galletas Chocolate Rebuenas,Hacendado,500.0,Morocco,2025-03-16,18.37
REC-373915,8431,Tagada,Haribo,300.0,France,2024-12-28,8.32
REC-247713,14552,Pain Au Lait Bio Pasquier,Brioche Pasquier,4.0,France,2024-11-05,10.0
REC-127715,8125,G Ricola Citron Melisse,Ricola,50.0,France,2025-06-19,2.93
REC-263705,12021,Wasa Tartine Croustillante Sensation Aux Graines De Chia Touche De Sel G,Wasa,245.0,France,2024-11-05,11.51
REC-723202,11319,Breaksta Tiffany,Wafer Sandwich,26.0,Morocco,2025-09-16,8.6
REC-647565,10431,Tube Caramel Beurre Salé,Régilait,300.0,France,2024-04-24,23.57
REC-999068,7260,Dark Chocolate,-,180.0,Bolivia,2025-11-09,13.63
REC-826172,12161,Original Salted Peanuts,Kp,415.0,France,2024-03-20,12.68
REC-196679,10288,Frusli Juicy Blueberries Chewy Cereal Bars X G,Jordans,30.0,France,2024-08-19,4.82
REC-952086,11647,Mini Bites Quinoa Chía,Gullón,250.0,France,2025-08-29,21.84
REC-179116,10929,Cacao Almond Oat Bars,Deliciously Ella,350.0,United Kingdom,2025-03-03,12.68
REC-361666,6019,LExtra Craquante Nature,Vico,150.0,France,2024-09-19,11.0
REC-799310,5974,Cashew Butter Pure Vanilla Bean Dark Chocolate,Hu,60.0,Gb,2025-04-30,8.93
REC-404436,12293,Crunchy,Bjorg,150.0,France,2025-08-11,13.29
REC-573234,8544,Doritos Cheese,Doritos,160.0,France,2025-07-13,12.68
REC-737038,14867,,Merendina,36.0,Morocco,2025-10-26,12.58
REC-383318,7857,The Original Cracker,Ritz,118.0,United Kingdom,2025-08-20,1.1
REC-630468,11153,Rough Oatcakes,Sainsbury'S,250.0,France,2024-07-10,10.29
REC-850125,7216,Muesli Bars Chocolate,Crownfield,825.0,Bulgaria,2024-07-07,10.24
REC-619056,12401,Dunkle Ganze Mandel,Fin Carré,200.0,France,2024-12-20,1.55
REC-630599,5081,Cake Aux Fruits Tranché,Lidl,300.0,France,2024-05-10,16.18
REC-766752,10102,Galettes Pur Beurre,Bonne Maman,170.0,France,2024-09-15,14.57
REC-768004,5802,Le Palet Pur Beurre,La Mère Poulard,125.0,France,2025-02-08,17.63
REC-579857,8304,Les Craquantes Blé Complet,-,250.0,France,2025-11-06,16.74
REC-271727,10870,Muesli Croustillantnoix,Auchan,45.0,France,2024-08-18,9.39
REC-684920,10199,Celebrations,Mars,237.5,Belgium,2025-02-24,19.54
REC-324087,9545,TunnockS Caramel Wafer Biscuits Imp,Thomas Tunnock Ltd,830.0,Australia,2025-07-23,12.68
REC-687235,10476,Wafers Cocoa,Balconi,45.0,France,2025-08-03,6.55
REC-161215,13919,Protein Bar Cookie Cream Flavour,Ironmaxx Nutrition Gmbh & Co.,45.0,France,2025-09-06,14.13
REC-773229,7829,Gourmet Sea Salt Savoury Crackers,Aldi,185.0,Ireland,2025-10-08,2.78
REC-126095,7493,Love Corn Salt Vinegat,Love Corn,45.0,Gb,2025-06-25,2.08
REC-266437,8787,Cream Crackers,By Sainsbury'S,300.0,France,2025-09-24,3.71
REC-243011,8446,Blueberry Honey Porridge Oat Bars,Stoats,442.0,An Fhraing,2025-06-27,4.41
REC-539546,5522,Biscuit Filled With Hazelnut Spread With Cocoa,Nutella,1932.0,保加利亚,2025-01-12,11.59
REC-873872,10383,Chipster,Belin,75.0,Canada,2025-04-17,6.66
REC-825570,14151,Hula Hoops Original,Kp Snacks,624.0,United Kingdom,2025-08-07,4.61
REC-543821,7789,Ritz Crackers Original G,Mondelez,200.0,Germany,2025-04-29,24.5
REC-608252,13403,Berry Delight Fruit Nut Bar,Nakd,35.0,United Kingdom,2025-10-11,1.78
REC-437414,11696,Chocolat Noir Collection Pure,Villars,100.0,Croatie,2024-08-14,15.42
REC-348410,8367,Nestle Dessert Lait,Nestlé,170.0,Canada,2025-08-07,1.05
REC-294915,10211,Belvita Petit Déjeuner Tartiné,Lu,250.0,Belgium,2025-03-15,19.49
REC-848362,12458,Nature Valley Crunchy,-,10.0,France,2025-05-19,4.11
REC-932657,5427,Gullon Cuordi Cereale Tradizionale Alto Contenuto Di Fibra,Gullon,280.0,France,2025-07-25,12.68
REC-478427,5222,Proper Corn Sea Salt,Proper,610.0,Gb,2026-01-04,8.32
REC-397645,7667,Pringles Hot Spicy,Pringles,175.0,França,2025-10-02,10.62
REC-982782,5760,Crunchy Variety,General Mills,42.0,France,2024-06-30,12.68
REC-298198,13206,Single Estate Venezuelan Dark Clchocolate,Sainsbury'S Taste The Difference,100.0,Gb,2024-12-30,19.05
REC-999488,10754,بريك,Tiffany,12.0,Saudi Arabia,2025-04-27,7.87
REC-567142,13819,Mint Intense Dark Chocolate,Lindt,100.0,Ireland,2025-03-04,4.85
REC-748415,6826,Kinder Duo,Kinder,150.0,France,2025-06-06,16.51
REC-212845,10753,Joyfuel Chocolat Au Lait Cookie Dough,Joyfuel,55.0,France,2025-09-11,2.84
REC-995013,9725,Doritos,-,230.0,United Kingdom,2024-11-08,19.01
REC-240403,6000,Milka Chocolate Hazelnuts,Milka,100.0,Österreich,2024-10-05,5.81
REC-843539,6886,Ovomaltine Barres,Ovomaltine,100.0,Belgium,2024-12-31,8.9
REC-732172,6239,Pépito Croc Sablé Goût Choco,-,294.0,France,2025-01-23,5.8
REC-389392,11439,Digestive Fibra ,-,400.0,Spain,2024-03-13,14.53
REC-318511,8248,Galletas María Dorada,Hacendado,800.0,Spain,2025-09-12,16.33
REC-188620,6736,Chocolate Negro ,Hacendado,200.0,Portugal,2025-08-06,12.52
REC-392757,12858,FrischeiWaffeln,Confiserie Firenze,180.0,Bulgarije,2025-01-13,18.11
REC-511680,8652,Cadbury Dairy Milk Cadbury Dairy Milk The Classic,Suchard,550.0,France,2025-10-10,12.68
REC-351418,10336,Breaktime,Tiffany,13.0,Qatar,2025-02-09,8.75
REC-930683,11117,Barbeque,Pringles,12.0,France,2024-11-17,24.2
REC-383420,5927,Bahlsen,Bahlsen,168.0,United Kingdom,2025-09-02,12.06
REC-252402,10961,Nappés Intenses Eclats De Fèves De Cacao,Bjorg,182.0,France,2026-01-03,23.93
REC-959878,12237,Oats N Honey Granola Bars,-,14942.0,France,2025-08-18,1.35
REC-320838,5258,Biscuit Saveur Vanille Citron,Gerlinéa,156.0,France,2025-11-02,4.63
REC-114796,9377,Tablette Bio Dégustation Chocolat Noir G,Ivoria,100.0,France,2025-09-23,23.83
REC-620781,13762,Pain Des Fleurs Sarrasin,Le Pain Des Fleurs,150.0,Belgium,2025-07-28,23.99
REC-758527,14701,Chocolat Noir Cacao,Marque Repère,100.0,France,2025-02-24,21.8
REC-785583,9688,Kinder Maxi,Ferrero,1021.0,Österreich,2024-05-25,15.11
REC-675659,6785,Délices Au Caramel,Lightbody,320.0,France,2025-04-15,24.24
REC-513061,10459,Lindt,-,100.0,Gb,2024-08-20,2.29
REC-578421,6521,Green Blacks Smooth Mint,Green & Blacks,180.0,United Kingdom,2024-09-25,12.68
REC-461910,14376,Manchego Green Olive,Manomasa,140.0,Gb,2026-02-04,1.66
REC-418209,9355,Butternut Squash Tomato Basil Falafel,Aldi,200.0,United Kingdom,2024-06-21,15.28
REC-868358,8027,,-,180.0,Morocco,2024-10-23,12.58
REC-567194,6873,Lulu La Barquette Fraise,Lu,200.0,Belgium,2025-01-30,12.68
REC-989169,6549,Pepito Lu Pépite Choco,Lu,150.0,France,2025-09-05,19.89
REC-895504,11467,G Haribo Croco,Haribo,300.0,France,2024-12-08,12.76
REC-926774,8817,Madeleine,Armor Délices,430.0,France,2025-04-03,7.42
REC-221525,9733,La Grande Galette Pur Beurre,-,135.0,France,2024-02-05,7.35
REC-664894,11162, Navettes Au Beurre Frais Et À La Crème Fraîche,La Fournée Dorée,400.0,France,2025-05-29,11.87
REC-215902,7515, Banana Lunchbox Loaves,Soreen,170.0,France,2024-04-26,7.68
REC-682987,11767,Protein Flapjack Cocoa Oat,Trek,50.0,France,2024-09-16,16.7
REC-465696,11796,Kinder Chocolate,Kinder,225.0,Argélia,2025-06-29,3.29
REC-247274,12831,Macine Mb G Int Eu,Barilla,350.0,France,2025-10-18,22.97
REC-327334,5940,Sweet Saltynut,Nature Valley,30.0,France,2024-06-27,15.3
REC-450794,12469,Gâche Tranchée,Saveurs De Nos Régions,500.0,France,2024-05-24,19.3
REC-480982,6274,Totas,Tosfrit,40.0,France,2024-03-23,20.57
REC-606238,10295,Chocolate ,Trapa,80.0,Spain,2024-12-13,21.39
REC-846159,11811,Fruit Slices Apple,Go Ahead,180.0,United Kingdom,2024-09-02,6.29
REC-594573,8534,Miredina,Mondelez,153.5,Morocco,2025-12-17,17.29
REC-254475,11515,Lulu LOurson Chocolat,Lu,150.0,France,2025-09-08,1.97
REC-997609,6579,Sablés Sarrasin Miel Saveur Citron,Céréal Bio,132.0,France,2024-09-23,11.55
REC-344258,9455,Sweet And Salted Popcorn,Tesco,110.0,France,2024-10-12,18.58
REC-538715,10760,Lotus Biscoff Speculoos Original Pocket Format Familial G XP,Lotus,248.0,France,2024-05-11,14.99
REC-732999,9921,Breakfast Cocoa With Choc Chips,Belvita,225.0,France,2025-09-08,12.53
REC-127463,13169,Knoppers Einzelpack,Storck,25.0,Dänemark,2025-01-31,24.3
REC-196691,7786,Dark Chocolate Nuts Sea Salt,Kind,40.0,France,2025-09-27,24.5
REC-113479,5718,Tableta Chocolate Negro ,Carrefour Bio,100.0,Belgium,2024-11-12,2.66
REC-764198,5365,Lentil Chips,Snackrite,615.0,United Kingdom,2025-03-17,19.13
REC-316744,11025,Lindt Lait Extra Fin,Lindt,100.0,Fr,2024-09-27,16.04
REC-601543,11146,Pick Up Choco X,-,168.0,France,2024-09-16,20.76
REC-204201,6171,Fourré Figues,Gerblé,180.0,Fr,2024-09-09,21.42
REC-316418,14598,Curry Cauliflower Bites,Holland & Barrett,171.0,United Kingdom,2024-06-19,10.02
REC-260803,9776,Tartelettes Chocolat Caramel,Bonne Maman,135.0,Belgium,2024-08-11,5.02
REC-561609,6283,Tablette Dégustation Chocolat Noir G,Ivoria,100.0,France,2025-04-19,21.76
REC-993869,14044,Chips Craquante Sel Brets,Bret'S,125.0,France,2024-07-27,23.05
REC-104547,9830,Hanuta ErPack,Ferrero,2201022.0,France,2025-02-12,15.14
REC-437468,9108,Onduladas Campesinas,Risi,35.0,Morocco,2025-07-01,20.42
REC-221393,13322,Fennel Seed Tarallini,Crosta & Mollica,170.0,United Kingdom,2025-04-17,12.68
REC-452478,12790,Caramel,Lindt,100.0,Gb,2024-11-16,12.68
REC-868294,10244,Sweet Salty Popped Crisps,Popworks,85.0,Ireland,2025-11-13,19.41
REC-992864,10746,Chipsfrisch Ungarisch,Funny-Frisch,150.0,Deutschland,2025-07-01,6.39
REC-218134,11246,,-,180.0,Morocco,2024-05-16,12.58
REC-955523,8057,Noir ,Biocoop,100.0,France,2024-02-24,16.04
REC-218768,6370,Matin Chocolat,-,200.0,France,2024-02-21,22.75
REC-382273,6367,Macaroni Cheese With Bacon,Woolworths Food,200825.0,Bulgaria,2025-04-10,18.36
REC-346482,14372,Véritable Petit Beurre🧈,-,25.0,Belgium,2024-04-18,20.4
REC-408869,7478,Le Palmier,Bjorg,100.0,France,2025-06-21,9.72
REC-609749,13831,Fourrés Goût Citron,Bjorg,225.0,France,2024-06-04,23.43
REC-518995,11640,Nicaragua Grand Cru Waslala ,-,100.0,France,2025-03-02,1.33
REC-294094,9642,Dessert ,Aiguebelle,100.0,France,2025-03-31,10.89
REC-236778,6005,Tentation Croque Lait Aux Noisettes Suprêmes,Aiguebelle,100.0,France,2024-07-07,12.5
REC-679537,7701,Regaña,Hacendado,250.0,Rumania,2025-04-28,19.89
REC-504192,9185,Galleta Dorada,Gullón,250.0,France,2024-07-29,11.36
REC-884903,7594,Tortilla Chips,Stockwell & Co.,180.0,United Kingdom,2024-09-20,19.56
REC-120400,11836,Wholegrain Ryvita Crackerbread,Ryvita,125.0,United Kingdom,2025-02-25,20.12
REC-742848,14075,Sablés Pavot Coco,-,132.0,France,2025-02-14,17.98
REC-993045,11096,Choco Tablet Zero Sin Azúcares,Anturios,150.0,Marruecos,2025-08-17,17.7
REC-276484,5450,Extra Dark Cocoa,Fin Carré,100.0,Belgium,2025-10-15,21.94
REC-380641,6676,Donut,Be,50.0,Morocco,2024-03-07,1.21
REC-590661,5746,Bio Crackers,Maître Jean Pierre,200.0,France,2025-01-20,23.7
REC-298768,6956,Melty Be,Be,40.0,Morocco,2024-04-08,20.37
REC-173877,11980,,-,180.0,Morocco,2024-02-23,21.29
REC-900752,9555,Digestive Sin Azúcares,Gullón,400.0,Spain,2024-07-04,1.0
REC-234370,8993,Chocolat Noir Amande Et Écorces DOrange,Lidl Jd Gross,125.0,France,2024-08-20,4.58
REC-302639,14765, Gaufrettes Saveur Cacao,Brun,146.0,France,2024-05-30,21.72
REC-392128,8230,Brioche Tressée Pépites De Chocolat,Pasquier,630.0,France,2024-05-26,9.52
REC-332397,10763,Mon Chéri,Mon Chéri,157.0,France,2024-10-26,2.0
REC-834378,9927,Anglesey Sea Salt Crisps,Pipers,150.0,France,2025-10-24,13.22
REC-365424,5254,Lotus Gaufre De Liège Chocolat G XP,Lotus,363.0,France,2024-07-31,12.68
REC-610291,6868,Chocolat Dessert Noir ,Aiguebelle,175.0,France,2025-06-03,23.2
REC-582086,8981,Milka Choco Mini Stars,Milka,150.0,Bulgaria,2025-08-26,23.81
REC-137989,8808,Choco Wafer,Milka,180.0,France,2025-07-24,16.73
REC-664778,11341,Pelotazos,Cheetos,130.0,Portugal,2025-01-30,17.13
REC-710479,7970,Eat Natural Bar PeanutChocolate G,Eat Natural,45.0,France,2024-02-29,14.94
REC-800626,5120,Kiddylicious Veggie Straws Saveur Légumes G XG,Kiddylicious,48.0,France,2024-12-04,7.79
REC-476792,10960,Barquillos Chocolate Zero Sin Azúcares,Gullón,60.0,Morocco,2025-01-04,13.46
REC-882161,13789,,Ferrero Rocher,90.0,Belgium,2025-12-11,12.58
REC-389541,8760,Sweet Salty Nut,Nature Vallley,30.0,France,2025-04-04,12.68
REC-659487,5267,Mini Cheddars,-,180.0,Gb,2024-11-21,21.51
REC-436451,5050,Barres De Céréales Fraises Et Framboises X ,Crownfield,1248.0,France,2025-06-24,1.48
REC-164384,14291,,Nestle,200.0,Morocco,2025-08-29,12.58
REC-668201,14522,Oatcakes Organic,Nairn'S,250.0,France,2025-10-23,21.37
REC-559769,9717,Multigrain Crackers,Rivercote (Lidl),170.0,France,2025-03-28,11.18
REC-163843,7058,Mélange De Noix Et Pistaches,Alesto,200.0,Bulgaria,2024-06-11,5.69
REC-389627,7968,Petit Écolier Tendre Coeur Au Lait,Lu,120.0,France,2025-05-10,15.77
REC-291625,9280,Tartines De Pain MultiCéréales,Pasquier,240.0,France,2025-01-16,3.97
REC-215939,12008,Tzatziki,Blini,200.0,France,2024-12-25,12.68
REC-460105,9017,Chocolat Noir Cacao,Marque Repère,300.0,France,2024-06-08,18.01
REC-111592,12951,Chocolat Noir Togo,Alter Eco,90.0,France,2024-09-29,8.08
REC-965114,7928,Maltesers G,Maltesers,175.0,Algeria,2024-11-10,3.1
REC-143795,12084,Sweet Salty Popcorn,Propercorn,30.0,France,2024-10-22,7.0
REC-327611,14977,Caprice,Papadopoulos,115.0,Bulgaria,2025-02-06,20.17
REC-663235,14945,Horno Al Punto De Sal,Lay'S,150.0,Italia,2025-07-30,21.66
REC-216026,13503,Snack Pipas,Anitin,166.0,Espanha,2025-05-15,19.74
REC-755317,12628,Sour Cream Onion Potato Chips,Popchips,85.0,Gb,2024-10-25,12.84
REC-981342,9462, Crêpes Chocolat,Whaou,8.0,France,2024-06-05,2.36
REC-710952,10977,Savoury Crackers,Savour Bakes,200.0,Gb,2024-02-22,21.86
REC-507409,5862,Major,Saïda,9637.0,Morocco,2025-03-18,15.89
REC-977027,11506,Clorets,Clorets,15.0,Morocco,2025-11-07,4.26
REC-645017,5017,Ready Salted Grab Bag Crisps,Walkers,45.0,United Kingdom,2024-09-20,12.01
REC-651702,8050,Digestive,-,400.0,Croatia,2024-10-10,7.31
REC-534429,13627,Erdnüsse Geröstet Gesalzen,Ültje,180.0,Österreich,2026-01-20,8.42
REC-247463,5655,Choco Tom Gaufrettes,Tom,100.0,Tunisia,2025-10-17,2.12
REC-789412,11990,Sablés Beurré Nantais,Lu,130.0,France,2025-11-24,16.52
REC-999404,14703,Grany Fraise 🍓 Framboise,Lu,108.0,France,2025-10-22,11.64
REC-130511,6344,Laus Nature,Lay'S,150.0,France,2025-02-09,7.02
REC-917059,12881,DS Bugles Goût Nature,3D'S Bugles,85.0,France,2025-02-14,5.19
REC-183053,6705,Gerblé Choco Hazelnut Filled Cake G Oz,Gerblé,200.0,France,2025-09-03,8.48
REC-511759,7039,Galette Épeautre Son DAvoine,Bjorg,182.0,France,2025-05-07,14.72
REC-974820,9615,Pain DÉpices Au Miel,Brossard,350.0,France,2024-08-30,15.66
REC-624871,13121,Barbeque Flavour Popped Potato Snacks,Popchips,85.0,France,2025-05-21,23.22
REC-161412,6432,Original Oreo,Oreo,352.0,Belgium,2025-10-24,5.2
REC-507617,10369,Takis Fuego G,-,90.0,Morocco,2025-12-05,17.94
REC-583819,12795,Cacahuètes Grillées Sans Sel Ajouté,Carrefour,200.0,Belgium,2025-04-01,18.06
REC-386157,7846,Le Petit Beurre,Lu,167.0,Gb,2025-01-18,11.23
REC-814427,14101,Pringles Salt Vinegar,Pringles,185.0,Germany,2024-08-16,12.39
REC-816700,9477,Jelly Snakes,The Natural Confectionery Co.,130.0,Switzerland,2025-02-08,10.41
REC-837125,9228,Madeleine,Bonne Maman,175.0,France,2025-10-15,5.7
REC-185893,7422,Poulain Noir Extra G,Poulain,200.0,France,2024-02-09,6.39
REC-475215,14944,Snack A Jacks Caramel Rice Cakes,Snack-A-Jacks,159.0,France,2024-06-15,20.09
REC-527082,10476,Jacobs Savours Salt And Black Pepper Bakes,Jacobs,200.0,France,2025-04-01,4.02
REC-943230,8023,Dark Chocolate Cocoa,-,80.0,Romania,2025-11-19,21.91
REC-887106,13893,Gran Cereale Croccante Con Riso,Gran Cereale,230.0,France,2025-03-05,16.76
REC-475078,5189,Chocolate Cacao Azúcares Añadidos,Valor,100.0,Bolivia,2025-08-05,22.9
REC-240162,8735,Mini Cracker,Gullón,350.0,France,2025-05-30,1.39
REC-779048,13269,Biscuits À LOrange Orange Et Au Graines De Chia,Gerblé,132.0,France,2024-06-15,8.76
REC-375336,10650,Cashews Roasted Salted,Alesto,150.0,Bulgaria,2025-09-29,11.44
REC-709387,10421,Gerblé Organic Muesli Fig Apricot Spelt Cookie G Oz,Gerblé Bio,132.0,France,2024-06-16,23.14
REC-407316,7196,Tartines Croquantes,Aldi,200.0,France,2025-01-31,5.85
REC-858767,8973,Petits Chocos 🍫,Bonne Maman,300.0,France,2025-01-12,16.01
REC-598404,12274,Barre Granola Goût Chocolat Et Enrobage Crème De Cacao,Vitalia,323.0,France,2024-05-21,11.86
REC-989289,6898,Chocolat Au Lait Du Pays Alpin,Kraft Foods,200.0,France,2026-01-24,7.18
REC-846558,9606,Tablette De Chocolat Noir G,U,100.0,France,2024-02-12,10.22
REC-964602,13977,Brioche Tranchée,Brioche Pasquier,4501432.0,France,2024-06-24,12.35
REC-291860,12564,Tartines Craquantes Multicéréales,Jardin Bio Etic,150.0,France,2024-11-27,4.98
REC-647168,6886,Chilli Heatwave Tortilla Chips,Doritos,180.0,France,2024-10-21,24.41
REC-804584,11991,Dunkle Schweizer Schokolade Mit ChiliExtrakt,Lindt Excellence,100.0,Australia,2025-09-07,16.62
REC-280797,7748,Sasanki,Lidl,210.0,Bulgaria,2024-04-04,18.05
REC-218429,11026,Black Pepper Savoury Crackers,Aldi,185.0,United Kingdom,2024-06-07,7.58
REC-820572,14990,Lightly Sea Salted,Sainsbury'S,150.0,United Kingdom,2024-08-25,17.96
REC-479422,11567,Honey Roast Crunch,Graze,100.0,United Kingdom,2025-11-24,8.65
REC-966925,9174,Salt Vinegar Flavoured Rice Cakes,Tesco,130.0,Ireland,2025-03-03,12.08
REC-318299,12291,Barbecue Lentil Chips,Proper Chips,70.0,United Kingdom,2025-06-01,21.31
REC-934772,8086,Lays,Lay'S,250.0,France,2024-09-08,7.39
REC-490629,7191,Cracotte Framboise,Lu,200.0,France,2024-09-21,12.68
REC-505061,12134,Milk Hazelnut,Lindt,150.0,France,2024-02-19,16.52
REC-201449,13246,Sablés Bio Chocolat Noir Intense,Céréal Bio,132.0,Belgium,2025-02-17,17.84
REC-752813,11929,Petits Muffins Chocolat,-,235.0,France,2025-01-06,15.91
REC-664382,13394,Biscuits Farine De Blé Et Graines De Sésame,Bjorg,184.0,France,2025-06-16,13.02
REC-947013,12219, Madeleines Longues Aux Œufs Frais,Le Ster,12510075.0,Canada,2024-02-18,11.17
REC-909742,10084,La Gâche Tranchée,La Fournée Dorée,450.0,France,2024-07-17,3.19
REC-507539,12871,Cioccolato Nocciole Intere,Ritter Sport,100.0,Austria,2025-10-26,17.07
REC-122982,8212,Crunchy Canadian Maple Syrup,Nature Valley,210.0,France,2025-04-09,3.2
REC-323880,14871,Raw Fruit Nut Bar,Nākd,35.0,Belgium,2024-09-30,6.69
REC-406158,6244,Rosemary Sea Salt Flatbreads,Nairn'S,150.0,France,2025-03-04,4.66
REC-224476,8349,Dolca Chocolate Negro,Dolca,180.0,Algeria,2024-02-06,15.41
REC-720973,10030,Sea Salted Popcorn,-,10.0,United Kingdom,2024-02-28,22.88
REC-336820,9595,Lightly Salted Tortilla Chips,Aldi,200.0,United Kingdom,2025-10-11,19.85
REC-138780,9275,Biscuits Caramel Épeautre,Gerblé,132.0,France,2024-04-14,16.56
REC-647288,13051,Nestle Dessert Noir Bio G,Nestlé,170.0,France,2025-11-05,12.68
REC-187419,7747,Donut Milky,-,180.0,Morocco,2024-04-15,2.35
REC-647081,13501,Chips Saveur Beurre Salé,Brets,125.0,France,2024-04-02,13.18
REC-536166,7911,Almond Butter Puffed Quinoa Dark Chocolate,Hu,60.0,United Kingdom,2025-07-12,20.55
REC-676722,5228,Rice And Corn Cakes,Snack A Jacks,117.0,United Kingdom,2024-08-21,22.84
REC-312311,11108,Caramelised Onion Balsamic Vinegar Pea Bean Sticks,Off The Eaten Path,180.0,Gb,2025-07-17,22.74
REC-939425,9066,Sticky Toffee Oat Boosts,-,180.0,United Kingdom,2025-12-13,11.4
REC-180800,13602,Soft Bakes Blueberry,Belvita,250.0,United Kingdom,2024-04-17,10.74
REC-850691,12889,Palets Bretons Au Beurre,Sondey,2502125.0,Frankrijk,2025-04-02,12.68
REC-790409,14117,Madeleines Chocolat Lait,Bonne Maman,300.0,France,2025-10-01,10.62
REC-258740,10660,Bonne Maman Le Petit QuatreQuarts Pur Beurre G Sachets Fraîcheur,Bonne Maman,300.0,France,2024-08-23,10.42
REC-586138,10754,Monster Munch Produit Soufflé À Base De Pomme De Terre Goût Salé,-,135.0,Frankrijk,2025-09-23,1.17
REC-948010,6414,Chips Paysanne,Brets,250.0,France,2025-04-01,13.8
REC-656624,14296,La Madeleine Coque Chocolat Noir,Maison Colibri,240.0,France,2025-08-21,15.95
REC-627465,9319,Bio VollmilchSchokolade,Fairglobe,100.0,France,2024-06-17,12.02
REC-862824,6149,Tunnocks Teacakes Pk Al Anhar,Tunnock'S,144.0,Australia,2025-01-17,1.13
REC-621553,11127,Gaufres De Liège Perles De Sucre,Lotus,45.0,Belgium,2024-09-07,1.33
REC-640030,5943,Pufuleti,Gusto,45.0,Germany,2024-11-17,20.31
REC-363709,11230,La Buena María Original,Fontaneda,700.0,France,2024-05-13,24.82
REC-693182,6983,Barritas De Trigo Y Arroz Integral Con Chocolate Con Leche,Hacendado,100.0,Spain,2024-08-16,11.19
REC-318596,12823,Noix Du Bresil,Seeberger,200.0,France,2025-02-12,12.68
REC-668123,7387,Protein Bar,-,45.0,Germany,2024-07-25,23.71
REC-814899,5229,Lotus Biscoff Speculoos Original Pocket G XP,Lotus,186.0,France,2025-12-18,24.84
REC-847049,7866,Petites Madeleines Aux Œufs Saint Michel,St Michel,400.0,France,2024-04-21,24.09
REC-863361,9411,Hazelnut Caramelised Cashew Pistachio Milk Chocolate,Waitrose,100.0,United Kingdom,2025-04-02,4.56
REC-990571,11012,Biscotti Pan Di Stelle,Barilla,350.0,France,2024-05-22,20.33
REC-246458,6775,Root Vegetables,Tesco,125.0,Gb,2024-06-13,22.54
REC-867763,5945,Cheese Twists,M&S Food,125.0,United Kingdom,2024-03-15,8.22
REC-727112,13324,Quadro LOriginal,Cémoi,187.0,France,2025-03-15,15.49
REC-579136,13571,Takis Fuego,Barcel,100.0,Bosnia And Herzegovina,2024-02-28,10.44
REC-822917,6265,Original Made With Sea Salt,Triscuit,85.0,France,2024-04-14,1.34
REC-475261,7445,Roasted CashewPeanutMix Honey Salt,Alesto,200.0,Germany,2024-02-27,22.85
REC-923721,6741,Scottish Rough Oatcakes,Rivercote,250.0,France,2025-05-31,13.55
REC-760379,10111,Menier Pâtissier Tablette,Nestlé,200.0,France,2025-04-03,16.25
REC-437902,5350,Gerblé Sesame Chocolate Cookie G Oz,Gerblé,180.0,France,2024-06-19,7.7
REC-499701,5423,Barre Amande,-,150625.0,France,2025-08-01,12.68
REC-271147,5701,Formule Boost,Daco Bello,200.0,France,2025-09-11,21.41
REC-213317,7388,Walkers Salted,Walkers,325.0,United Kingdom,2025-09-11,15.18
REC-659804,8799,Lime Coriander Chutney Poppadoms,Sensations,825.0,France,2025-03-22,12.68
REC-266689,8992,Conikos Fromage,Conikos,35.0,Morocco,2025-01-30,11.5
REC-239220,9396,Pan Goccioli,Barilla,842.0,Italy,2024-07-07,1.52
REC-391103,8565,Sour Cream Chive Flavour Wheat Potato Pretzel Knots,Penn State Snacks,7.0,France,2025-03-26,13.56
REC-653026,12527,Organic Cacao Nibs,-,125.0,Gb,2024-12-11,3.48
REC-846891,11252,Fluffy Milky,Best Biscuits,140.0,Morocco,2025-06-06,15.86
REC-522970,8207,Gullon Zero Snack Choco,Gullón,150.0,Spain,2024-05-26,10.83
REC-443022,5469,Browny,Be,40.0,Morocco,2025-01-29,21.49
REC-810406,7157,Mikado Chocolat Au Lait,Glico,90.0,France,2025-08-09,17.87
REC-905909,11926,Bn Cookies Mini Strawberry X G Oz,Bn,175.0,Belgium,2025-08-05,20.86
REC-658364,7955,Pain DÉpices Miel,Bjorg,300.0,France,2025-02-26,1.53
REC-773311,5932,Galleta De Mantequilla,Carrefour,167.0,Belgium,2025-05-31,12.68
REC-448844,7037,Chocolat Noir Aux Écorces DOrange,Alter Eco,100.0,France,2024-03-24,2.11
REC-239562,14930,Doritos Cool Original G,Doritos,180.0,France,2024-05-17,1.03
REC-556341,5432,Chocolat Nestle Dessert Noir XG,Nestlé Dessert,410.0,Canada,2024-04-11,14.48
REC-699230,12464,Milk Chocolate Large Bar,Toblerone,360.0,France,2025-08-18,12.68
REC-418377,11371,Caramelo,Milka,100.0,Belgium,2024-07-06,11.91
REC-681037,8263,Tablette Kinder Chocolat Chocolat Au Lait X G,Kinder,20016.0,France,2025-08-07,1.68
REC-222981,6449,Più Integrali,Galbusera,330655.0,Italy,2025-10-08,3.51
REC-897575,12965,Raw Fruit Nut Bar,-,35.0,France,2024-11-07,8.37
REC-924883,12563,Pancakes,La Fournée Dorée,350.0,France,2024-11-28,24.52
REC-940891,5742,Brioche Chocolat,-,8375.0,Fr,2025-03-31,8.29
REC-193508,8575,Quality Street,Nestlé,600.0,Belgium,2024-08-15,7.05
REC-823819,6801,Peanut Butter Bars,Graze,430.0,Gb,2025-06-28,3.02
REC-800802,10117,G Ricola Framboise Melisse,Ricola,50.0,France,2025-01-14,13.19
REC-688703,11492,Veggie Straws,Eat Real,113.0,United Kingdom,2025-02-14,24.12
REC-278812,10649,Sablé Des Flandres,-,250.0,France,2024-05-31,12.85
REC-315062,9986,Kango,Kango,225.0,France,2024-05-29,17.55
REC-593546,8506,Belvita Petit Déjeuner,Belvita,600.0,France,2025-08-25,22.48
REC-897947,8365,Chocolate Con Leche Oreo,Milka,100.0,France,2024-05-15,12.68
REC-742505,5945,Buongrano Integrale,Barilla,328.0,France,2025-11-15,12.68
REC-724394,11126,Mejora,Mejora,180.0,Morocco,2024-06-04,20.71
REC-236920,6739,Flan Pâtissier,Alsa,435.0,France,2024-03-22,17.35
REC-673732,14940,Granola Bar Vanilla White Cream,Vitalia,323.0,Netherlands,2024-02-07,17.9
REC-801989,11261,Sablés Sésame Pavot,Cereal Bio,13234.0,France,2025-09-18,24.7
REC-809953,7355,Sablés Myrtilles Germes De Riz,-,140.0,France,2025-05-18,24.79
REC-699892,8149,Financiers Amandes,Bonne Maman,250.0,France,2025-10-31,11.43
REC-127088,12111,Toetilla Chips Nature,Carrefour,200.0,Belgium,2024-12-04,1.48
REC-419059,7828,Mélange Japonais,Maître Prunille,250.0,France,2024-04-23,12.68
REC-631499,9468,,Wasa,250.0,Belgium,2025-06-21,12.58
REC-741840,9867,Chocolate Negro,Nestlé,205.0,France,2025-01-06,1.06
REC-276146,5884,Oreo Enrobed White Imp,Charbonnel Et Walker,245.0,Belgium,2024-07-25,1.66
REC-210526,10329,Chocolate Salted Caramel Flavour Vitamin Protein Bar,Fulfil,55.0,France,2025-11-23,22.22
REC-975885,12924,Essential Waitrose Wholewheat Biscuits,Waitrose,24.0,France,2024-08-31,1.78
REC-604853,8195,Harrys Brioche Tranchee Farine Complete Sans Additif G,Harrys,485.0,France,2025-09-09,3.86
REC-458423,13185,Barres Céréales Fraise,Carrefour Bio,200.0,Belgium,2025-02-22,16.94
REC-891146,6734,Protein Bar,Kind,342126.0,Gb,2024-08-04,18.82
REC-377795,13099,Sweet Chilli Sour Cream Potato Chips,Kettle,25.0,France,2025-12-02,5.56
REC-893530,10022,Biscotti Allo Yogurt Dolcesenza,Misura,400.0,Italia,2024-06-18,15.38
REC-240159,14086,Toast Crock Céréales Complètes,Carrefour,2502125.0,France,2025-12-14,13.25
REC-930563,11291,Crunchy Oats Honey,Nature Valley,42.0,France,2025-10-18,9.78
REC-171365,12672,Avoine Citron 🍋 Graines De Chia,Bjorg,130.0,France,2024-11-01,22.53
REC-294340,6040, Équateur,Alter Eco,100.0,France,2025-07-26,5.52
REC-635882,13864,Pipers Anglesey Sea Salt Crisps,Pipers,150.0,France,2025-12-25,1.29
REC-287802,8079,Almond And Apricot With A Yoghurt Coating Fruit And Nut Bar,Eat Natural,50.0,France,2024-02-17,10.53
REC-315140,12112,Dégustation Chocolat Noir Cacao,Maestro,100.0,France,2025-05-30,24.22
REC-717281,5148,Les Grandes Hazelnut Dark,Lindt,150.0,Reino Unido,2026-01-30,21.03
REC-312621,11778,Salinis,-,60.0,France,2025-08-19,15.6
REC-386763,6306,Galletas Cereales Fibra,-,180.0,Spain,2025-01-03,1.99
REC-794150,8234,Organic Wholemeal Digestive Biscuits,Doves Farm,180.0,France,2025-02-15,1.92
REC-417513,6916,Chocolat Noir,Scholetta,100.0,France,2024-09-13,11.35
REC-305835,14585,,Storck,200.0,Belgium,2025-07-08,12.58
REC-587672,14698,Digestive ,Hacendado,200.0,Portugal,2024-09-07,22.6
REC-999230,8901,Fluffy,Be,40.0,Morocco,2024-07-31,23.49
REC-722294,11572,Tortilla Chips,-,180.0,Royaume Uni,2025-05-24,7.98
REC-301994,10649,Silvia Duo Cacao,Excelo,26.0,Morocco,2025-11-04,24.31
REC-462259,14418,,Roshen,30785.0,Bulgaria,2024-09-11,12.58
REC-417972,14035,Biscuits Avoine Chocolat,Carrefour Bio,1303433.0,France,2025-04-13,21.72
REC-378786,7970,Panettone Classico,Favorina,1.0,Spagna,2025-01-30,8.6
REC-299437,12690,Snack Mix,Alesto,200.0,Frankrijk,2024-08-05,16.44
REC-678303,8659,Madeleines Coquilles,Sondey,237.5,France,2024-11-13,18.08
REC-520068,13562,Pitch,Brioche Pasquier,310.0,France,2024-04-25,2.78
REC-125492,5559,Ker Cadélac Marble Cake G Oz,Ker Cadélac,500.0,France,2024-10-05,18.41
REC-451824,12389,Petit Beurre Tablette Chocolat Noir,Carrefour Bio,200.0,Belgium,2024-05-08,14.9
REC-165373,14283,Fruit Sticks,N.A! Nature Addicts,40.0,France,2025-07-04,12.68
REC-366550,8646,Bourbon Creams,Tesco,296.0,France,2024-02-28,20.0
REC-706943,5083,Prince Goût Chocolat,Lu,200.0,Belgium,2026-01-03,24.01
REC-762832,8104,Flutes Aux Graines,Kambly,125.0,France,2025-05-27,7.12
REC-622589,12242,Soft Bakes Choc Chip,Belvita,5.0,France,2024-12-22,21.46
REC-983635,13163,Cruschelle,-,700.0,France,2024-08-15,12.68
REC-885570,12609,Thins Multiseed Flatbreads,Aldi,185.0,Gb,2024-07-20,18.92
REC-258088,8957,Avena Con Chocolate Negro Sin Azúcares Añadidos,Gullón,275.0,Marruecos,2025-12-20,2.47
REC-934446,12062,Naked Oven Chips,Mccain,17.0,Gb,2025-01-06,8.64
REC-361222,9873,Cream Crackers,Savour Bakes,300.0,Ireland,2024-07-07,13.95
REC-169485,12726,Prinzenrolle,Debeukelaer,400.0,Germany,2025-12-15,22.36
REC-894538,13105,Monster Munch Crazy Original,Vico,150.0,Fr,2024-10-17,7.69
REC-276003,7364,Walkers Baked,Walkers,22.0,United Kingdom,2024-02-09,13.95
REC-996169,14919,Tobigo,Tobigo,100.0,Morocco,2024-10-27,19.42
REC-234480,12437,Twix X,Twix,250.0,Germany,2025-11-20,21.89
REC-824768,11612,Jaffa Cakes,Tower Gate,300.0,Finlândia,2025-10-01,10.85
REC-982478,13664,Tortitas De Maíz,-,130.0,Alemanha,2024-02-08,2.56
REC-888131,8970,Coleslaw G,Bonduelle,320.0,France,2024-10-24,12.68
REC-361595,6362,Gerble Miel Châtaigne Graines De Lin,Gerblé,200.0,France,2024-12-16,21.36
REC-625048,9026,,Bonne Maman,150.0,Belgium,2026-01-16,12.58
REC-554247,14658,Doonuts,St Michel,180.0,France,2024-03-18,1.71
REC-995018,11143,Pitch Choco X ,Brioche Pasquier,310.0,France,2025-11-01,17.93
REC-998260,10343,Vico Extra Craquantes,Vico,400.0,France,2025-04-15,10.21
REC-318319,10320, Cacao Noir,Carrefour,80.0,France,2024-11-24,3.51
REC-292889,5832,BriochBurger,La Fournée Dorée,450.0,France,2025-04-26,12.74
REC-874806,10855,Biscuits Craquants Saveur Citron,Karelea,132.0,France,2025-06-25,5.9
REC-237316,14743,Yoyos Raspberry Multipack X,Bear,520.0,Czech Republic,2024-09-01,12.68
REC-375627,11993,Crunchy Nut Almond,Santé,35.0,France,2024-09-03,6.96
REC-570586,8097,Croustilles Goût Emmental,Belin,138.0,France,2025-02-10,12.68
REC-628200,7559,Lait Amandes,Côte D'Or,180.0,Belgium,2025-04-03,12.68
REC-613358,7886,Buonicosì,Galbusera,300.0,France,2025-05-08,12.68
REC-482706,7384,Dinosaurus,Artiach,411.0,Spain,2025-02-08,6.81
REC-863530,5153,Cuore Di Cereale Biscotti Di Avena Con Frutti Rossi,Gullón,220.0,France,2025-01-18,5.86
REC-675627,6583,Cerealé,Kinder,204.0,Austria,2024-02-12,24.49
REC-371590,6005,Wheat Biscuits,Stockwell,432.0,Germany,2024-04-18,16.03
REC-306742,13415,Hand Cooked Crisps,Aldi,150.0,United Kingdom,2024-09-02,12.68
REC-373063,14641,Karéléa Épautre Noisette,Karéléa,150.0,France,2025-03-20,10.43
REC-236208,7948,Gerble Organic Chocolate Cookie Flavored W Banana G Oz,Gerblé,132.0,France,2025-05-23,9.19
REC-823306,11300,Barres Céréales Graines Et Amandes,Carrefour Bio,100425.0,France,2026-02-02,10.23
REC-818969,6072,Ricola Eucalyptus,Ricola,50.0,France,2024-03-16,22.28
REC-202116,5612,Texas Bbq Sauce,-,185.0,Germany,2024-09-12,17.22
REC-858623,7027,Biscuits Fourrés À LAmande,Bjorg,182.0,France,2025-08-06,12.68
REC-520296,6583,Chips Saveur Tartiflette,Brets,125.0,Francuska,2024-05-23,12.78
REC-924073,13332,Chips De Lentilles Saveur Paprika,Vico,85.0,France,2025-04-07,15.36
REC-162168,9602,Barritas De Cereales Mango,Hacendado,120620.0,Portugal,2024-10-29,8.8
REC-796251,9769,Coleslaw Choux Blanc Et Carottes,Saladinettes,500.0,France,2025-09-05,11.96
REC-187263,9934,Napolitain LOriginal,-,630.0,Belgium,2024-07-30,19.48
REC-398825,6640,Chipster,Belin,150.0,France,2025-12-14,6.66
REC-257543,9713,Cioccolato Al Latte,Lu,75.0,Belgium,2026-02-04,18.9
REC-404143,6276,Mini Bn Chocolat,Bn,350.0,France,2025-12-06,16.19
REC-880410,12969,Chocolat Noir Sans Sucres Ajoutés,Gerblé,80.0,France,2025-09-22,6.79
REC-244513,10125,Bonne Maman Petits Cakes Fruits G Oz,Bonne Maman,300.0,France,2025-08-09,2.34
REC-534272,14149,Le Biscuit De Natty,Bjorg,150.0,France,2024-11-28,1.53
REC-499128,7512,Tartines Craquantes Au Sarrasin,Terres Et Céréales Bio,150275.0,France,2025-10-28,4.14
REC-719451,11908,Tartines Craquantes Quinoa Pois Chiche,Jardin Bio,150.0,France,2026-01-17,15.17
REC-109240,7141,Chips Nature À LAncienne Au Sel De Guérande,Bret'S,125.0,France,2025-12-10,19.16
REC-678730,12261,Bruschette Sour Cream,-,70.0,Bulgaria,2024-10-08,12.13
REC-938124,8643,Lorenz Saltletts Sticks,Lorenz,250.0,Deutschland,2025-09-04,19.75
REC-594455,10059,Digestives,Mcvities,266.0,France,2025-09-12,11.03
REC-411539,13726,Choco Biscuits,Milka,150.0,France,2024-12-10,5.81
REC-704843,13136,Tortilla Chips,General Mills,185.0,France,2024-10-17,1.96
REC-974469,6641,Più Integrali Ricchi Di Fibre Segale,-,380.0,France,2025-04-25,7.91
REC-748474,6653,Ambassadeur Noir Précieux Cacao,Bimo,100.0,Algeria,2024-08-12,15.86
REC-974451,10818,All Butter Scottish Shortbread Fingers,Lidl,200.0,France,2025-02-13,12.13
REC-368339,10762,Dark Chocolate Almond Sea Salt ,Tony'S Chocolonely,180.0,United Kingdom,2025-02-19,10.18
REC-806968,11810,Grahams,Honey Maid,144408.0,United States,2025-07-18,13.47
REC-918691,12901,Lentil Bites Sea Salt,Lidl,110.0,Ireland,2025-02-18,16.6
REC-163736,8081,Belgian Dark Chocolate,Waitrose,180.0,United Kingdom,2025-07-07,22.04
REC-339680,7068,Sandwichs Choc,Excelo,65.0,Morocco,2025-03-13,7.48
REC-435803,11185,Sweet Chilli Crunch,Graze,100.0,Gb,2024-11-25,23.32
REC-646898,7408,Peri Peri Crunch,Graze,100.0,United Kingdom,2024-06-04,11.7
REC-322233,13679,Mini Brownies Lidl,-,240.0,Belgium,2024-10-03,15.22
REC-102437,10166,Brun Wafers Vanilla Flavor G Oz,Brun,146.0,Frankrijk,2024-04-19,24.75
REC-307627,11068,La Paille DOr Aux Fraises,Lu,170.0,France,2025-06-30,18.81
REC-448265,5976,Lindor Noir,Lindt,150.0,France,2025-10-05,1.04
REC-934286,11520,Tagada LOriginale,Haribo,400.0,France,2025-01-15,8.75
REC-580193,8343,Le Palmier,Saint Michel,87.0,France,2026-01-17,11.11
REC-421704,13247,La Classique Nature,Intersnack France,135.0,France,2025-08-05,2.29
REC-389360,5515,Clotted Cream Shortbread Fingers,Paterson'S,30016.0,France,2025-05-15,10.43
REC-256058,13471,Tuc Original Biscuits Salé,Lu,75.0,Belgium,2025-08-21,22.82
REC-739848,7062,,Confetteria Raffaello,180.0,Belgium,2025-06-23,12.58
REC-485226,8073,King Kotes Corn Fried Barbecue Flavoured,Sol De Alba,14.0,Marruecos,2024-12-25,13.69
REC-278659,8708,Salted Popcorn,Tesco,85.0,United Kingdom,2024-08-13,21.14
REC-813831,7179,Chocolat Noir Et Caramel Côte DIvoire ,Ethiquable,100.0,France,2024-04-25,5.51
REC-639958,9601,Scottish Shortbread Fingers,Asda,215.0,Gb,2025-01-22,11.81
REC-940481,8246,Wafers,Roshen,80.0,Ge,2025-10-27,12.68
REC-304091,5053,Absolute Black Orange Cocoa Nibs,Montezuma'S,90.0,Gb,2025-11-25,11.15
REC-862313,7764,Macaroons,Mrs Crimbles,195.0,United Kingdom,2025-09-14,24.61
REC-337510,14340,Gelatina Proteinas Frutos Silvestres,Hacendado,4100.0,Spain,2024-07-24,12.68
REC-308461,8496,Ready Salted Crisps,Walkers,141.0,United Kingdom,2026-01-26,22.22
REC-231389,12239,Bounty,Bounty,57.0,Morocco,2024-05-23,22.26
REC-843385,12452,Lightly Sea Salted Hand Cooked Crisps,M&S,150.0,France,2024-04-23,23.51
REC-728214,5179,Chouchou,Alesto,250.0,Frankrijk,2025-12-26,21.43
REC-552340,8869,Grany Chocolat🍫 Au Lait🐄🥛 Noisettes🥜,Lu,138623.0,France,2024-12-17,9.95
REC-648686,8507,Sablé De Retz Le Véritable,St Michel,120.0,Belgium,2024-11-17,9.03
REC-915625,14356,G Happy Box Haribo,Haribo,600.0,France,2025-02-02,14.02
REC-599213,12294,Fourrés Choc,Le Moulin Du Pivert,150.0,Belgium,2024-10-19,14.12
REC-877009,5861,Curly Cacahuete,Curly,60.0,France,2024-12-01,3.36
REC-121908,9141,Marzipan Dark Chocolate With Marzipan,Ritter Sport,100.0,Belarus,2025-03-06,6.46
REC-314566,6634,Melts Original,Carr'S,150.0,France,2024-09-28,13.01
REC-154093,6817,The Original Speculoos,Biscoff,140.0,Belgium,2024-02-16,21.93
REC-215889,13313,Crackers,Schär,210635.0,Belgium,2025-03-25,23.28
REC-276502,10539,Galletti Mb G Int Eu,Barilla,350.0,France,2025-07-29,7.72
REC-772291,11300,Kurkure,Kurkure,78.0,France,2025-07-14,12.18
REC-351944,6919,Milk Chocolate Caramel Seasalt,Fin Carré Way To Go,180.0,Belgium,2024-08-31,20.66
REC-163514,7115,Trident Menthol,Trident,6084.0,Morocco,2024-05-02,12.68
REC-355592,10093,Biscotti Cereali G Granola E Frolla,Galbusera,300.0,France,2024-06-01,7.65
REC-923645,8181,Frita Saveur Poulet,-,180.0,Morocco,2025-01-11,11.7
REC-476368,6916,Pop Chip Bbq,Popchips,517.0,United Kingdom,2026-01-05,13.83
REC-548590,10699,PTit Nature Céréales,Bjorg Bio Nutri +,167.0,Fr,2024-12-14,24.7
REC-433464,11076,Thins Rosemary Sea Salt Flatbreads,-,125.0,Gb,2025-10-25,13.41
REC-529167,9608,La Galette Fourrée,-,240.0,Fr,2024-05-16,22.42
REC-227982,10663,Black Chocolate With Almonds,Hacendado,200.0,Marruecos,2024-10-09,12.44
REC-259461,12650,Brioche Tressée Nature Allegée En Sucres Sans Additifs G,Harrys,450.0,France,2024-07-09,13.2
REC-909459,6466,,-,35.0,Morocco,2025-02-05,3.86
REC-626158,6867,Luxury Hot Cross Buns,-,312478.0,France,2025-06-27,1.8
REC-417209,14402,Cheese Oatcakes,Nairn'S,180.0,France,2025-01-13,11.26
REC-654925,6311,G Scoubidou Lutti,Lutti,55.0,France,2025-02-01,17.33
REC-325900,8488,Biscuit Muesli Avoine Gerblé,-,290.0,France,2025-12-21,18.55
REC-107230,7813,Fourrés Myrtilles,Bjorg,175.0,France,2025-09-28,20.66
REC-703564,5128,Chips Nature L’Originale Nutriscore B,Brets,125.0,France,2025-07-25,1.7
REC-518027,6179,Fine Gaufre,Karelea,140.0,France,2025-11-17,1.97
REC-951568,10173,Duplo Einzelriegel,Duplo,182.0,Österreich,2025-10-21,22.77
REC-773836,8181,Orkney Thick Oatcakes,Stockan'S,200.0,France,2025-06-23,12.68
REC-209292,12095,Hummus Chips Tomato And Basil,-,135.0,France,2025-04-07,3.22
REC-792593,13517,Pringles Hot Spicy,Pringles,165.0,Belgium,2024-05-13,20.31
REC-228096,14220,Furrows Sea Salted Imp,Tyrrell'S,150.0,United Kingdom,2025-06-16,4.99
REC-620416,10629,Toblerone Dark Chocolate With Honey Almond Nougat,Mondelez,100.0,France,2024-06-04,20.66
REC-325974,8823,Dairymilk Buttons,Cadbury,119.0,Switzerland,2025-12-23,9.01
REC-214326,8029,Mignonnette® Noir Orange,Côte D'Or,2402410.0,France,2025-03-17,2.8
REC-905602,10000,Kinder Schokobons White,Ferrero,200.0,Austria,2025-02-12,22.44
REC-959730,13347,Gustosines,Cheetos,96.0,Marruecos,2024-04-08,20.57
REC-280826,6936,Sea Salt Vinegar Potato Chips,Popchips,85.0,France,2024-05-12,8.21
REC-737970,7753,Stem Ginger Oat Biscuit Breaks,Nairn'S,160.0,France,2024-03-06,20.23
REC-588226,8550,Mamas Babydream Stillsaft,Rossmann,500.0,Germany,2025-02-09,6.41
REC-492166,6479,Nestle Lion Céréales Caramel Chocolat Bio G,Nestlé,400.0,Belgium,2025-01-15,8.15
REC-577810,7442,Galletas Azúcares Añadidos,Sondey,650.0,Spain,2024-09-03,19.02
REC-921077,12701,Chocolat Villars Noir G,Villars,100.0,France,2026-01-11,13.08
REC-886569,12680,Sainsbury Tortillas,Sainsbury'S,150.0,United Kingdom,2026-01-08,6.18
REC-752416,6411,Pan Di Stelle,Mulino Bianco Pan Di Stelle,700.0,It,2024-08-24,14.43
REC-722431,14586,Crimbles Coconut Macarons Imp,Danube,180.0,Verenigd Koninkrijk,2025-02-14,8.62
REC-914854,5745,Le Petit Beurre,La Mère Poulard,145.0,France,2025-08-08,17.42
REC-187840,14362,Cream Crackers,Savour Bakes,30038.0,United Kingdom,2025-10-13,22.37
REC-842977,9067,Wasa Tartine Croustillante Sensation Aux Flocons DAvoine Touche De Sel G,Wasa,265.0,France,2025-01-16,17.68
REC-526972,14997,Skittles,Wrigley,45.0,Ireland,2025-03-12,12.68
REC-636807,11828,Cracotte Goût ChocoNoisette,-,180.0,France,2024-05-23,15.64
REC-337073,11502,Milka Riz Croustillant,Milka,150.0,France,2025-12-03,15.93
REC-607413,6007,Excellence Noir Menthe Intense,Lindt,100.0,France,2024-03-22,14.94
REC-660334,12862,Création Crème Brûlée,Lindt,150.0,France,2025-11-24,20.24
REC-541183,5944,Macédoine ,Bonduelle,265.0,France,2025-05-02,18.52
REC-771409,10241,Riz Provencal G,Bonduelle,320.0,France,2025-05-14,17.8
REC-488746,14777,Longfizz,-,200.0,Belgium,2024-08-23,21.67
REC-126607,8019,Biscuits A La Cuillere,Bonne Maman,250.0,France,2024-02-18,2.93
REC-928442,8112,Carottes Râpées Au Jus De Citron,Carrefour,300.0,Belgium,2024-07-24,19.01
REC-249544,5181,Chips A LAncienne Sel De Guérande Brets,Altho,125.0,France,2025-08-29,11.53
REC-812174,14956, Pains Au Lait,La Fournée Dorée,3501035.0,France,2024-06-19,2.29
REC-243111,5772,Hobnobs Milk Chocolate,Mcvities,262.0,France,2024-11-15,17.92
REC-845916,5715,Caprice,Papadopoulos,400.0,Bulgaria,2024-09-15,21.49
REC-658424,5011,Pâte De Cacahuète Pindakaas,Calvé,350.0,Belgium,2024-08-29,3.2
REC-417967,12100,Barni Lapte,Mondelez,30.0,France,2025-02-21,14.82
REC-744133,13201,Fiori DAcqua,-,250.0,Italy,2024-06-12,17.95
REC-276523,14324,Mini Fish,Gullón,350.0,France,2025-12-08,3.52
REC-354028,14644,Sandwich Sabor Yogurt,Gullón,250.0,França,2025-12-18,21.14
REC-631872,11310,Leader Chips,-,20012024.0,Morocco,2025-02-06,7.98
REC-566981,13056,Grissini Artigianali Romarin,Florelli,300.0,France,2024-02-08,6.13
REC-412499,11003,Dark Chocolate,Waitrose & Partners,100.0,Gb,2025-06-30,3.08
REC-266940,5428,Barre Céréales Chocolat,Carrefour Bio,138623.0,France,2024-12-16,8.6
REC-327475,11422,Patatas Light,Hacendado,200.0,Portugal,2025-08-15,10.44
REC-121685,11856,Le Petit Chocolat,Lu,200.0,Gb,2025-11-14,12.68
REC-508874,5374,Texas Bbq Sauce,Pringles,175.0,France,2026-01-26,12.19
REC-191674,12748,Excellence Noir Suprême Corsé Cacao,Lindt,100.0,France,2024-12-02,12.68
REC-694110,12981,Nature Wrap De Blé,Snack Day,6.0,Germany,2025-01-10,19.33
REC-949485,6585,Tortillas À Base De Farine De Blé,Grafschafter,370.0,Bulgarien,2024-09-30,18.85
REC-189866,12756,Lulu,Lu,150530.0,France,2025-06-10,10.29
REC-391046,13826,Tartines Craquantes Riz Châtaigne,Céréal Bio,145.0,France,2024-07-28,18.12
REC-223265,7293,Pains Au Lait Format Familial,Brioche Pasquier,7002350.0,France,2026-01-16,4.69
REC-416620,12032,Noir Amandes Entieres,Carrefour,200.0,France,2024-09-12,17.0
REC-771257,14249,Cacahuètes Non Salées,Marque Repère,200.0,France,2024-08-08,7.32
REC-289841,11197,Corny Free Schoko,Corny,20.0,Bulgaria,2025-03-19,3.77
REC-828883,13845,Organic Dark Cooking Chocolate,Green & Black'S,150.0,France,2025-09-26,22.15
REC-710834,11171,Flavour Cheese,Lu,100.0,Belgium,2024-07-21,15.95
REC-791945,5082,Galleta María,-,400.0,France,2024-08-13,15.52
REC-698605,7190,Ferrero Rocher,Ferrero,375.0,Australia,2025-06-25,3.32
REC-283472,8857,Belgian Dark Chocolate,Kallø,180.0,Gb,2025-03-15,4.56
REC-366226,6647,Digestives,Hatherwood,180.0,Bulgaria,2025-09-06,2.31
REC-739496,10470,Knoppers Nussriegel Einzelpackung,Knoppers,40.0,Allemagne,2025-01-15,1.67
REC-618029,10811,Happy Hippy Cocoa Organic Orange Geranium Dark Chocolate,Montezuma'S,90.0,United Kingdom,2024-09-19,13.83
REC-121202,7322,Digestive Avena,Lidl,425.0,Portugal,2024-07-01,7.67
REC-174773,8786,Hobnobs,Mcvitie'S,255.0,United Kingdom,2024-02-26,17.72
REC-654434,12872,Salt Vinegar Crunch,Graze,100.0,Gb,2025-08-25,9.98
REC-459220,12098,Choco Leibniz Dark,Bahlsen,111.0,United Kingdom,2024-11-27,23.67
REC-935294,5437,Fun,Be Biscuits,180.0,Morocco,2025-02-27,16.18
REC-152333,9939,,-,180.0,Morocco,2024-03-13,12.58
REC-324715,6468,Galettes De PontAven,Saveurs De Nos Régions,13543375.0,Frankrijk,2024-07-10,15.05
REC-645058,13246,Envitas Miel Pépites De Chocolat,Sondey,40084.0,France,2024-04-18,14.21
REC-755998,14644,Cracotte Fraise,Lu,200.0,Belgium,2025-05-23,13.04
REC-435176,13068,G Lindor Lait Lindt,Lindt,150.0,France,2025-12-24,5.75
REC-503494,14481,Tartines Craquantes Bio À La Châtaigne Sans Gluten,Ekibio,150.0,Belgium,2026-01-09,9.6
REC-250360,6796,Choco Bisson Cacao,-,15300.0,France,2024-09-03,3.2
REC-233148,13914,Bruschette Chips,Maretti,70.0,Bulgaria,2024-09-24,12.68
REC-930429,12217,Peanut,M&M'S,250.0,France,2025-01-12,5.88
REC-779570,10213,Frusli Juicy Red Berries Chewy Cereals Bars X G,Jordans,315105.0,France,2025-10-06,16.4
REC-671292,9770,Pipers Burrow Hill Cider Vinegar Sea Salt Crisps,Pipers,40.0,France,2024-02-27,6.33
REC-849772,13733,HandCooked Crisps Lightly Sea Salted,-,180.0,France,2025-11-19,24.0
REC-960920,12197,Gran Saraceno,Galbusera,100.0,Italy,2025-07-08,3.2
REC-886411,10840,Misura Privolat,Misura,290.0,Italy,2025-06-08,6.48
REC-836786,13386,Doritos Nacho Cheese,Doritos,170.0,Belgium,2025-12-09,4.21
REC-569225,8012,Roxta,Piccadeli,180.0,Morocco,2025-11-14,12.68
REC-597543,9995,Almond Butter Salted Caramel Cups,-,180.0,United Kingdom,2024-12-18,18.18
REC-741571,9988,Maxi Croust,-,180.0,Morocco,2025-01-28,7.01
REC-949086,9818,Kinder Joy,Ferrero,60.0,France,2025-04-27,18.26
REC-636894,14818,Savane Tout Choco,Brossard,310.0,France,2025-10-28,4.16
REC-434765,14231,Dark Chocolate Nuts Sea Salt,Kind,40.0,France,2024-04-23,16.59
REC-330819,11633,Nachos,Hacendado,150.0,Spain,2024-11-09,14.44
REC-940581,7068,,Crownfield,252.0,United Kingdom,2025-10-17,12.58
REC-152003,13235,Galletas Chocolate ,Hacendado,250.0,Spain,2024-12-08,8.0
REC-454001,12122,Bourn Vita Gram Pauch,Lu,200.0,India,2025-11-07,5.99
REC-711964,9046,Gpav Cracker Salato Pav Gr,-,560.0,Italy,2024-12-07,18.5
REC-717959,8970,Dominican Dark Chocolate,Sainsbury'S,150.0,United Kingdom,2025-10-01,5.43
REC-458978,6875,Smooth,Green & Black'S,90.0,Gb,2025-05-13,12.68
REC-586972,7130,Lightly Salted,Walkers,141.0,Gb,2024-08-22,12.68
REC-493176,10583,Sea Salt Flavour Pea And Bean Sticks,-,100.0,United Kingdom,2025-04-01,2.5
REC-911993,8563,Patatas Fritas Sal,Hacendado,130.0,Spain,2025-12-11,2.71
REC-657100,7824, Pains Au Lait,Maitre Jeanpierre,400.0,France,2024-12-26,6.02
REC-737049,6163,Original Made With Sea Salt,Triscuit,125354.0,France,2024-04-08,4.73
REC-119319,6226,Fig Bar Raspberry,Nature'S Bakery,57.0,France,2024-08-09,12.68
REC-350392,6761,Fruit Oat Biscuit Breaks,Nairn'S,160.0,France,2025-01-18,12.98
REC-544623,8701,Ginger Crystallized In Dark Chocolate,Chocolove,32.0,United States,2024-10-30,20.58
REC-310249,6590,Envitas Céréales Complètes Et Pépites De Chocolat,Sondey,400.0,Frankrijk,2024-05-19,3.14
REC-344208,9651,Rosemary Crackers,Deluxe,170.0,United Kingdom,2024-02-05,12.68
REC-859435,14606,Kitkat Ball Billes Au Chocolat Au Lait G,Nestlé,250.0,France,2025-09-22,20.24
REC-670105,10699,Pois Wasabi,Tanoshi,100.0,France,2025-09-08,23.09
REC-914072,11988,Lunettes Fraise,Bjorg,200.0,France,2024-12-25,12.68
REC-545382,10072,Crackers Bio Emmental Et Graines De Courge Paquet De G,U,200.0,France,2025-03-07,17.24
REC-160413,8017,Tartines Bio Craquantes MultiCéréales Sans Gluten,Le Pain Des Fleurs,150.0,France,2024-12-17,17.37
REC-515616,11738,Galettes Aux Flocons D’Avoine Fourrées Chocolat Noir,Biocoop,150.0,France,2024-10-27,12.69
REC-311452,7159,Mix Énergie,Alesto,150.0,Frankrijk,2024-12-26,17.0
REC-934656,13082,G Cote DOr Noir Original,Côte D'Or,100.0,Belgium,2024-11-23,7.2
REC-962558,5068,Lotus Dinosaurus Original Chocolat Lait G XP,Lotus,225.0,France,2025-06-08,13.94
REC-641713,14614,Biscoff,Lotus,186.0,Czech Republic,2025-06-20,15.51
REC-618722,13083,Toblerone White,-,180.0,Bolivia,2025-09-17,6.67
REC-672625,10975,Milka Choc Choc,Milka,175.0,Belgium,2024-05-19,9.39
REC-284045,14898,Alpine Milk,Milka,270.0,Austria,2025-05-11,11.25
REC-415154,13799,Mini Oreo,Oreo,160440.0,Austria,2025-05-26,13.52
REC-144391,11694,Wafers Alla Vaniglia,Balconi,45.0,Italy,2024-11-26,12.84
REC-462936,11321,Doritos TexMex,Doritos,44.0,France,2024-07-12,6.94
REC-256990,14600,Flan,Ideal,25.0,Morocco,2025-08-24,12.68
REC-564988,10918, Pains Au Lait Frais Bio À La Farine Complète G,La Boulangère,280.0,France,2025-05-25,20.51
REC-671166,7613,Galletas Maria Sin Gluten,Hacendado,205.0,Spain,2024-12-15,13.93
REC-819983,8543,Noir Extra ,Equador,100.0,France,2025-11-17,9.56
REC-166982,9132,Fagottini,Balocco,700.0,Italy,2024-05-14,14.33
REC-847357,13894,Caramel Almond Sea Salt Bar,Kind,42.0,Gb,2025-01-31,3.42
REC-569439,8879,Kind Protein Dark Chocolate Nut,Kind,42.0,Gb,2025-07-13,12.68
REC-778795,8219,Recette À LAncienne,Lay'S,295.0,Fr,2024-05-04,10.07
REC-188613,10014,Protein Cookie Double Chocolate,Bodymass,75.0,France,2025-01-29,23.05
REC-749759,7610,Pavesini Gr,Pavesi,200.0,France,2025-01-04,4.1
REC-966890,8123,Donut,-,180.0,Morocco,2026-01-26,15.36
REC-409122,12661,Barre Protéinée,Joyfuel,55.0,Fr,2025-05-31,4.47
REC-162042,10063,Palitos Frutos Secos,Hacendado,130.0,Spain,2025-02-25,6.98
REC-370964,7843,Sfogliatine Glassate,-,200.0,Bulgaria,2024-09-11,7.9
REC-720204,8790,Granola Chocolat Noir,Lu,19516122.0,France,2025-04-11,12.68
REC-828818,6623,Bruges Assortment Biscuits,Delacre,200.0,Belgium,2025-04-28,14.56
REC-378837,6892,Lutti Guimauve Chocolat,Lutti,185.0,France,2025-06-19,23.56
REC-350692,12955,Madeleines,Saint Michel,75.0,France,2024-10-27,14.88
REC-602222,8934,Tablette Dessert Chocolat Noir G,Intermarché,200.0,France,2024-10-09,13.92
REC-355268,10536,Brioche Tranchée,Carrefour,500.0,France,2025-03-12,14.07
REC-353264,10679,Taboulé Au Poulet À La Ciboulette,Pierre Martinet,300.0,France,2024-08-30,22.15
REC-807086,11598, Pains Au Chocolat Pur Beurre G,La Boulangère,400.0,France,2024-12-02,12.68
REC-488857,8372, Pains Au Lait,-,280.0,France,2024-03-18,16.63
REC-531968,8834,Tartines Craquantes Froment,Marque Repère,250.0,France,2024-02-22,9.8
REC-365666,10155,Chinois Crème Pâtissière,La Fournée Dorée,600.0,France,2025-12-06,8.14
REC-613926,6869,Grand Cœur Fondant Chocolat Noisettes,Michel Et Augustin,180.0,France,2024-04-17,24.67
REC-626897,6851,Spearmint Flavour,Wrigley'S Extra,84.0,France,2024-11-23,2.36
REC-715439,6053,Twiglets Original,Jacobs,150.0,France,2025-02-10,7.68
REC-699888,6852,Tuc,Tuc,150.0,France,2024-10-28,10.61
REC-718611,8139,Toblerone,Toblerone,230.0,Australia,2025-06-24,20.5
REC-115358,9210,Nutella Go,Ferrero,217.5,Belgium,2026-02-04,6.16
REC-882469,6483,,Hacendado,180.0,Spain,2025-10-01,12.58
REC-714727,6682,Roasted Salted Peanuts,Stockwell & Co,200.0,France,2024-06-01,16.89
REC-562376,12578,Momo White,Excelo,35.0,France,2025-08-05,6.25
REC-186239,9356,ХрусХрус,Maxi Sticks,60.0,Bulgaria,2025-02-11,15.49
REC-383171,14854,Le Sfoglie,Italiamo,225.0,Croatia,2026-02-04,3.89
REC-154746,11883,Vitamin Coconut Bar,Sante,50.0,Egypt,2025-08-20,2.66
REC-239527,6883,Sour Cream Onion,Pringles,195.0,France,2024-09-24,12.68
REC-710440,10010,Protein Bar Chocolate Brownie,Lidl,135345.0,France,2025-07-15,17.3
REC-238083,5395,Chocolate Negro ,Hacendado,100.0,Morocco,2025-03-17,18.71
REC-894864,8441,Kinder Tronky,Ferrero,90518.0,Australie,2024-12-15,9.88
REC-903339,12486,Barritas De Galleta Rellenas De Arándanos,Hacendado,125.0,Portugal,2025-03-31,14.06
REC-527625,13919,Milka Triple Chocolat Avec Morceaux De Biscuits,Milka,150.0,Morocco,2025-08-10,5.99
REC-329135,6869,,Sondey,125.0,Germany,2024-08-10,12.58
REC-827523,14604,Mini Rollos Chocolat Au Lait Coeur Fondant Au Lait,Lu,225.0,France,2025-09-15,17.15
REC-537049,11218,Gaufres Au Sucre Perlé,-,300.0,France,2024-10-10,12.68
REC-911943,13632,Chips À LAncienne Nature,Cmi (Carrefour Marchandises Internationales),150.0,France,2025-11-30,4.45
REC-225721,5885,Sel Et Poivre,-,180.0,France,2024-02-12,14.92
REC-674813,5520,Tablette Dégustation Chocolat Noir G,Les Créations,180.0,France,2025-09-21,20.33
REC-362150,8096,PTit Déj Bio Céréales Et Chocolat,-,190.0,France,2024-04-18,4.59
REC-378651,11845,Cookies Chocolat Noisettes,Carrefour Bio,200.0,Frankrijk,2025-12-28,8.63
REC-765266,12093,Dipster,Carrefour,170.0,France,2025-12-14,15.35
REC-678283,13434,Chocolat Noir Aux Éclats DAmandes,Alter Eco,100.0,France,2025-09-08,18.13
REC-526402,12595,Snacks A Jacks Chocolate Chip Rice Cakes G,Snack A Jacks,180.0,France,2024-04-17,4.86
REC-247704,12305,Dark Chocolate Bar With Cranberries And Macadamias,Eat Natural,345.0,France,2024-12-28,7.33
REC-360645,8571,Pipers Lye Cross Cheddar Onion Crisps,Pipers,150.0,France,2025-09-22,9.9
REC-136960,13642,,Pringles,165.0,France,2025-12-22,12.58
REC-432468,14210,Raw Fruit Nut Bar,Nakd.,135.0,Spain,2025-05-01,22.52
REC-896481,8436,Snack Aper Matutano Doritos TexMex G,Doritos,120.0,France,2024-10-01,9.3
REC-346240,7082,Fibrextra,Misura,330.0,法国,2024-02-11,14.43
REC-810414,9410,Choco Chip Cookies,Schär,200.0,France,2025-04-27,10.19
REC-196394,9919,Digestive Choco,-,270.0,France,2024-08-24,2.74
REC-227714,7133,Cuor Di Cereale,Gullon,265.0,France,2025-03-08,12.52
REC-309234,7988,Galleta Boer Sabor Coco,Coral,450.0,France,2025-06-12,12.68
REC-570728,13112,Maria,Gullón,250.0,Belgium,2024-03-22,15.36
REC-318805,13443,Lu Thé Pocket,Lu,264.0,France,2026-01-01,21.95
REC-454748,14468,Kp Dry Roasted Peanuts,Kp,415.0,France,2025-12-19,23.96
REC-582396,7346,Nature Valley Crunchy,Nature Valley,160.0,Frankrijk,2024-07-11,4.11
REC-497572,7573,Kingsize Peanuts Unsalted,Snacks Of The World,375.0,France,2025-07-03,12.68
REC-832139,10919,Kinder Cards FamilyPack Days,Ferrero,256.0,France,2024-12-18,11.72
REC-485234,10933,Organic Peruvian Cocoa Dark Chocolate,Moser Roth,100.0,United Kingdom,2025-04-08,24.43
REC-695546,12172,Nascondini Mb G Int Eu,Mulino Bianco,330.0,Hrvatska,2024-02-21,7.68
REC-775836,13262,Salted Potato Rings,Hula Hoops,45.0,United Kingdom,2025-12-08,22.27
REC-922538,11230,Trufas,Lacasa,250.0,Morocco,2024-12-21,13.28
REC-963706,10143,Granola Cookie Cœur Extra Moelleux,Granola,528.0,France,2025-01-05,9.71
REC-886381,5823,Oaty Crispy Avoine Cacao X Barres De G,-,115.0,Fr,2024-07-15,15.3
REC-966843,6397,Avoine Miel,Nature Valley,115.0,France,2024-05-08,23.61
REC-951651,7853,Spéculoos,Sondey,5002250.0,France,2025-06-15,2.7
REC-466621,12051,Chocolat Noir Bio Cacao,Fair,100.0,France,2025-06-22,2.59
REC-479956,8720,Glico Mikado Go Chocolat Au Lait,Lu,39.0,France,2025-11-02,1.02
REC-267547,5737,Triangolini Sésame,Belin,100.0,France,2024-12-24,3.81
REC-600661,6897,G Dragölo Haribo,Haribo,300.0,France,2025-03-22,8.33
REC-758659,11467,Bénénuts DS Bugles Goût Bacon,3D'S Bugles,85.0,France,2025-05-01,3.62
REC-912417,8284,Crousti Chocolat,Gerlinea,102.0,France,2026-01-15,6.9
REC-133930,12583,Tartelettes Framboise,Bonne Maman,135.0,Belgium,2024-04-27,19.72
REC-229387,8763,Chips De Légumes,Bouton D'Or,100.0,France,2024-02-16,24.46
REC-120214,6934,Curly Cacahuète LOriginal,Curly,2100.0,France,2025-07-18,1.71
REC-660334,5314,Pains Au Chocolat X ,Marque Repère,360.0,France,2024-03-05,21.88
REC-447636,14455,Déli Matin Allégé De En Sucres Aux Pépites De Chocolat,Marque Repère,300.0,France,2024-04-15,7.75
REC-578343,11561,Déli Matin MultiCéréales,Marque Repère,400.0,France,2025-04-30,12.33
REC-551973,7959,Chocolat Noir Fèves De Cacao,Ethiquable,100.0,France,2024-07-08,13.58
REC-110289,12074,Finest Selection Assorted European Chocolates,Merci,400.0,Bulgaria,2025-10-22,4.94
REC-805359,6340,Sour Cream Cracked Black Pepper Flavour Wholegrain Snack,Sunbites,180.0,France,2025-10-28,7.36
REC-388577,12823,Doritos Tangy Cheese,Doritos,180.0,United Kingdom,2025-03-01,19.3
REC-329576,12422,Mignonnette Lait,Côte D'Or,240.0,Belgium,2025-04-14,12.68
REC-870994,6103,Oreo Original,Oreo,154.0,France,2024-10-06,5.35
REC-533704,9456,Caramelo Liquido,Royal,400.0,France,2024-11-02,1.95
REC-237148,11569,Original Neapolitaner,Manner,400.0,Czech Republic,2025-02-24,18.15
REC-970742,9878,,Snacks Of The World,225.0,France,2024-11-22,12.58
REC-500768,13433,Barritas Frutos Secos,Hacendado,430.0,Spain,2024-11-05,8.09
REC-132115,12282,María Choco,Hacendado,200.0,Spain,2025-08-21,21.34
REC-969205,8290,Chocolat Noir Irresistible ,Co Op,175.0,United Kingdom,2025-03-11,17.29
REC-128027,7976,Galletas Relieve,Hacendado,645.0,Spain,2025-09-21,18.57
REC-794061,8432,Schtroumpfs,Haribo,300.0,France,2024-06-02,19.69
REC-391244,5957,All Butter Pistachio And Almond Cookies,-,200.0,Czech Republic,2024-02-22,14.47
REC-803408,12788,Lightly Salted Rice Crackers,-,180.0,United Kingdom,2025-07-02,10.59
REC-451300,11473,Cereali G Granola E Frolla,Galbusera,300.0,Italy,2024-12-14,24.48
REC-535797,5960,Petites Tartelettes Chocolat Caramel,-,250.0,Belgium,2025-11-24,16.84
REC-182838,10269,Biscuits Petit Déjeuner,Ww,16200.0,France,2024-10-06,7.48
REC-421396,13767,Chocolate Orange Dipped Almonds,Deliciously Ella,27.0,France,2025-06-23,1.41
REC-825231,12446,Tablette Lait Noisettes Et Amandes Pilées,Merveilles Du Monde,100.0,France,2025-12-17,4.28
REC-314385,14938,Petites Madeleines,Bonne Maman,235.0,France,2024-10-01,24.68
REC-663293,7624,Twiglets Pack,Jacob'S,200.0,United Kingdom,2025-09-14,12.68
REC-861014,5869,Flûtes Feuilletées Fromage,Snaktastic,150.0,France,2024-05-10,6.43
REC-402908,11994,Musli Bar Apple,Crownfield,200.0,Alemanha,2024-08-17,10.63
REC-855527,9299, Pains Au Lait,Carrefour,187.5,France,2025-01-13,24.67
REC-589457,7325,Biscuits Croquants Avoine Chocolat,Evernat,130.0,France,2025-07-17,5.62
REC-972625,12470,Chocolat Dessert Pâtissier,Marque Repère,300.0,France,2025-10-26,24.02
REC-762627,6644,Tables Du Mondes Tortillas Chips Original,Marque Repère,200.0,France,2025-09-25,12.62
REC-310695,10372,Rochers Chocolat Au Lait,Suchard,245.0,France,2025-03-07,19.92
REC-167697,11029,Sablés Authentiques Épeautre,-,180.0,France,2024-10-31,12.08
REC-622907,10440,Tartines Craquantes Avoine,Jardin Bio,150.0,France,2024-06-04,15.05
REC-100261,5312,Lapin D’Or Chocolat Au Lait,Lindt,100.0,Åland Islands,2024-06-13,16.17
REC-261443,5800,Milchschnitte ErPack,Kinder,2801028.0,Österreich,2024-04-13,10.2
REC-628281,11146,Salted Tortilla Chips,Essential Waitrose & Partners,180.0,France,2024-03-10,6.63
REC-218902,11304,After Eight,Nestlé,200.0,France,2026-01-07,19.8
REC-433228,14407,After Eight Dark Chocolate Thins,-,400.0,France,2025-09-23,18.72
REC-520060,7760,Tuc Sour Cream Onion,Lu,100.0,Danmark,2025-06-21,16.75
REC-711588,13073,Schoko Bons,Ferrero,125.0,Austria,2024-10-14,19.31
REC-986010,11621,Lindt Chocoletti Lait Praliné Noisettes,Lindt,100.0,France,2025-03-06,12.68
REC-955736,11280,Ricola Eucalyptus,Ricola,70.0,France,2026-02-01,3.71
REC-109679,14129,Loacker,Loacker,90.0,France,2025-09-27,15.75
REC-769831,5442,María Sin Gluten,Gullón,250.0,Hungary,2024-10-05,11.06
REC-254616,13795,Milk Chocolate Coated Caramel Wafer Biscuit,Tunnock'S,30.0,France,2025-04-29,18.55
REC-223368,5063,Chocolat Kinder Chocofresh Fourré Lait Noisette X,Ferrero,1025.0,Austria,2025-09-18,20.25
REC-238171,13021,Chocolat Pâtissier Noir Corse Cacao,Carrefour Bio,200.0,France,2025-10-06,14.81
REC-820874,14237,Tangfastics,Haribo,175.0,United Kingdom,2025-11-12,11.54
REC-485210,14406,Butter Croissant,Aldi,185.0,United Kingdom,2024-08-16,7.89
REC-253854,13050,Mature Cheddar Red Onion,-,130.0,United Kingdom,2025-12-07,23.98
REC-129540,8156,Gerblé No Sugar Added Apple Blackcurrant Cake Filling G Oz,Gerblé,180.0,France,2024-05-15,16.88
REC-924905,10265,Ferrero Rocher Haselnuss White,Ferrero,90.0,France,2025-07-23,3.34
REC-885830,13132,Milk Chocolate Buttons ,Montezuma,180.0,Gb,2025-02-28,13.58
REC-357279,5714,Sweet And Salty Nut,Nature Valley,150.0,United Kingdom,2025-03-08,19.07
REC-622082,7939,Dominican Republic Dark Chocolate ,-,180.0,United Kingdom,2024-10-28,20.7
REC-663875,6608,Tablette De Chocolat Cacao Variétés Native Pérou,Ethiquable,100.0,France,2024-04-21,18.79
REC-811450,14043,Excellence Noir Orange Sanguine De Sicile,Lindt,100.0,France,2024-02-14,20.95
REC-235626,6769,Madeleines Sorties Du Four,Le Stern,180.0,Fr,2025-07-12,16.86
REC-263162,7739,PomBar,Chio,80.0,Bulgaria,2025-05-14,5.58
REC-317392,13484,Nut Fruit Mix,Natural Happiness,150.0,France,2025-09-17,9.59
REC-665020,8005,Chewing Gum Pure Fresh,Mentos,100.0,France,2025-06-23,12.32
REC-751576,6613,Milka Triple Caramel,-,180.0,Morocco,2024-05-25,17.35
REC-369771,14895,,Organix,323.0,United Kingdom,2025-09-19,12.58
REC-910501,8133,Flipo,Henrry'S,318.0,Morocco,2024-02-19,2.17
REC-156624,14998,,Excelo,52.0,Morocco,2025-11-11,12.58
REC-828771,10251,Fig Bar Blueberry,Nature'S Bakery,2.0,France,2025-09-28,14.96
REC-700700,8556,Potato Wedges Sült Krumpli,Harvest Basket,750.0,Finland,2025-12-30,22.87
REC-885399,14433,La Coqueline Fraise,-,165.0,France,2025-05-25,11.14
REC-419542,12739,Prince Choco🍫Barre Barre Céréalière Au Chocolat🍫,Lu,125.0,France,2024-09-24,4.29
REC-997234,11315,Excellence Noir Zeste De Citron Vert,Lindt,100.0,France,2025-04-20,6.62
REC-908188,5678,Génoise Chocolat Orange Gerblé Sans Sucres,Gerblé,140.0,France,2024-06-10,14.71
REC-466284,10746,Madeleines,-,300.0,France,2024-08-29,23.94
REC-849172,13249,Madeleine,Le Ster,25.0,France,2024-08-04,9.14
REC-477050,5066,Brioche Tranchée,Chabrior,500.0,France,2024-04-28,1.34
REC-975262,10026,Ma Salade De Lentilles À La Lyonnaise,Pierre Martinet,300.0,France,2024-05-19,18.77
REC-692776,14428,Coeur Coulant Au Chocolat🍫,Bonne Maman,160280.0,France,2024-08-23,14.13
REC-124011,8836,Tomates Séchées,Florelli,270140.0,France,2026-01-02,12.68
REC-831710,7549,Petits Sablés Beaufort,Ferrero,100.0,France,2025-01-08,2.16
REC-106778,5126,Kinder Pingui,Kinder,30.0,Bosnie Herzégovine,2024-08-25,20.44
REC-366090,9908,Flash,-,180.0,France,2025-11-01,20.56
REC-403416,13850,Manyana,Alimani,26.0,Morocco,2025-07-24,19.63
REC-596451,8530,,Candia,20.0,الجزائر,2025-04-19,12.58
REC-214722,13918,Bean Salt Snack,Zweifel Vaya,80.0,Austria,2024-10-26,7.8
REC-596127,8480,Caramel Et Noisettes,Milka,300.0,ประเทศฝรั่งเศส,2024-02-14,1.78
REC-193284,11180,Noir Praliné,Côte D'Or,200.0,Belgium,2025-06-18,16.99
REC-569680,6109,Bouchées Mon Chéri Liqueur Cerise X G,-,168.0,France,2025-08-26,12.68
REC-227467,9269,Buonicosì Senza Zuccheri Aggiunti Frollini Classico,Galbusera,300.0,France,2025-09-15,2.57
REC-425781,7417,Protein Peanut Chocolate Cereal Bar,Nature Valley,160.0,France,2025-07-07,12.68
REC-893588,10623,Chocolate Puro Con Almendras,Valor,250.0,France,2025-07-27,21.95
REC-235336,10791,,-,200.0,Espanha,2024-07-20,12.58
REC-969221,9167,Pan Tostado Ajo Y Perejil,Hacendado,170.0,Portugal,2025-07-20,10.8
REC-823328,12975,Conikos Barbecue,-,180.0,France,2024-03-31,17.52
REC-543975,10573,Galettes Au Bon Beurre Bio,St Michel,130.0,France,2025-03-31,19.96
REC-959261,13262,Starmix,Haribo,175.0,Canada,2025-02-14,18.65
REC-960717,10825,Nussknacker Vollmilchschokolade,Aldi,100.0,Germany,2024-11-14,17.65
REC-419467,10902,Kiddylicious Fruity Bakes Fraise G XP,-,180.0,France,2024-12-28,9.45
REC-452442,7269,Avoine Sésame,Bjorg,130.0,France,2025-09-19,1.73
REC-513581,11470,Home Chip,Mccain,1.0,United Kingdom,2024-03-03,12.68
REC-509111,12895,Grany Envie De Nuts,Lu,120.0,France,2024-11-16,10.33
REC-861734,13306,Tortilla Pops Finement Salé,N.A ! Nature Addicts,80.0,France,2025-04-06,10.74
REC-922046,5136,Wild Strawberry Gourmet Sweets,Candy Kittens,140.0,United Kingdom,2024-06-15,12.68
REC-829105,5207,Rice Cracker Paprika,Nature Addict,85.0,Belgium,2025-07-25,22.83
REC-493714,14354,Serrano Cholli Yucatan Honey,Manomasa,140.0,Gb,2024-07-26,21.16
REC-153078,6011,Tablette Noir Noisettes Et Amandes Pilées,Krokola,100.0,France,2025-01-30,24.49
REC-706672,12786,Crunchy Nut Clusters Chocolate,Kellogg'S,400.0,Gb,2025-03-03,3.1
REC-685498,8754,Gaufrette Fourrée Chocolat Cacahuètes,Leka,180.0,Morocco,2026-01-13,6.75
REC-879107,12887,Multigrain Crackers,Savour Bakes,170.0,United Kingdom,2025-02-02,12.53
REC-879744,9544,Tortilla Wraps,Snack Day,740.0,Bulgaria,2024-04-19,12.68
REC-475317,6779,,-,180.0,Morocco,2025-02-08,12.58
REC-257477,7630,Mars,Mars,51.0,France,2025-08-28,3.51
REC-434589,14272,Swiss Chocolate Extra Fine Dark,Marks & Spencer,125.0,France,2024-02-22,23.57
REC-703352,7013,Marylands Chocolate Chip Cookies,-,200.0,France,2024-12-23,21.66
REC-254549,8129,Chocolate Sea Salt,Rxbar,152.0,United States,2025-03-23,18.0
REC-628296,9593,Spiced Biscuits,Coppenrath Feingebäck Gmbh,600.0,República Checa,2024-12-21,13.18
REC-193233,14468,Galletas Saladas,Snack Day,350.0,França,2024-05-18,2.14
REC-850368,6790,Goûters Rem Parfum Chocolat,Rem,375.0,France,2025-10-25,11.65
REC-933080,12622,Galettes Au Bon Beurre,St Michel,2602130.0,France,2024-05-27,7.94
REC-913337,13934,Minizza Tomate🍅 Herbes De Provence,Belin,85.0,France,2025-04-14,17.55
REC-910565,11429,G Bubblizz Lutti,Lutti,250.0,France,2025-02-01,24.36
REC-562771,5914,Chips,Lay'S,150.0,France,2025-02-15,14.61
REC-719058,13917,Moelleux Tout Chocolat Sans Sucres,Gerblé,196.0,France,2024-11-25,18.92
REC-893840,6515,,Carrefour,200450.0,France,2025-11-13,12.58
REC-226430,14705,Snack Poppé Saveur Paprika,Toogood,85.0,France,2025-04-12,20.76
REC-258752,7496,Tablette Bio Dégustation Chocolat Noir Pérou G,Ivoria,100.0,Belgium,2024-07-03,3.31
REC-828897,10760,Madeleines Longues Perles De Sucre,Le Ster,25020125.0,France,2025-04-30,23.36
REC-156780,12886,Petit Beurre G,U,200.0,France,2025-07-31,12.21
REC-763192,12599,Chocolat Noir Dégustation De Cacao Tablette De G,U,100.0,France,2025-07-11,3.03
REC-771999,8170,Brossard Brownie Familial Pepites De Chocolat Gr,Brossard,285.0,France,2025-08-05,12.68
REC-680048,10169, Baguettes Viennoises Complètes Sans Sucres Ajoutés G,La Boulangère,340.0,France,2025-06-16,2.84
REC-596232,6208,WrigleyS Extra Peppermint,Wrigley'S,60.0,Royaume Uni,2025-10-07,4.26
REC-434376,13775,Finest Scottish Shortbread Fingers,Tesco,165.0,France,2025-06-09,24.77
REC-594932,6953,Penguin Biscuit Bar,Mcvitie'S,246.0,France,2026-01-15,7.85
REC-537235,6113,Sante Baton Proteinowy Go On Kakaowy,Go On,50.0,France,2025-07-03,16.13
REC-508467,8482,Oreo,Oreo,154.0,Czech Republic,2024-07-27,9.59
REC-654088,13672,Granola LOriginal,-,4002200.0,France,2024-12-28,15.23
REC-645643,9941,Lait Praliné Double Lait,Côte D'Or,200.0,France,2026-01-13,17.37
REC-972955,13466,Bonbons Tic Tac X Pastilles Menthe G,Ferrero,54.0,France,2025-04-18,11.46
REC-719828,9191,Kinder Pingui Gouter Frais Genoise Avec Chocolat Noir Extra Fourree Lait Et Cacao T Pack De Etuis,Ferrero,240.0,Belgium,2025-10-06,9.45
REC-307113,14480,Protein Salted Caramel Nut,Nature Valley,160.0,France,2024-05-19,22.71
REC-939640,13338,Gullon Hearts Of Cereal Breakfast,Gullón,220.0,France,2024-09-12,4.79
REC-869798,10742,Muesli Raisin Cookies G,Florbú,340.0,Cape Verde,2024-11-29,23.07
REC-238276,13726,San Nicasio Crisps Imp,San Nicasio,180.0,France,2025-01-07,12.68
REC-388806,9124,Barritas De Cereales Muesli Con Avellanas Y Almendras,-,150625.0,Spain,2024-04-03,18.83
REC-677939,10397,Peanut Butter Pretzels,Kirkland Signature,55.0,Canada,2024-08-30,11.06
REC-840350,5585,Sablés Normands,Carrefour,175.0,France,2024-11-05,19.56
REC-504534,11496,Lotus Gaufre De Liège Chocolat Au Lait G XP,-,363.0,France,2024-11-20,8.44
REC-794582,11106,Palomitas Pipocas Microondas Sal,Hacendado,270.0,Spain,2024-02-06,10.02
REC-878514,12336,Milka Oréo,Milka,100.0,France,2025-03-10,5.3
REC-851305,6928,,Roshen,80.0,Bulgaria,2025-02-03,12.58
REC-595830,12601,Curvies Original Gluten Free,Arvid Nordquist Norge As,170.0,France,2025-05-20,23.91
REC-455521,10167,Hand Cooked Lightly Salted Potato Crisps,Specially Selected,625.0,Gb,2024-08-24,17.58
REC-429007,7146,Cashew Nuts Unsalted Anacardos Sin Sal,Snacks Of The World,150.0,France,2025-08-30,20.33
REC-968440,11725,Süßkartoffel Pommes,Harvest Basket,500.0,République Tchèque,2024-10-24,10.6
REC-658069,12892,Tartines Craquantes Sarrasin,Carrefour Bio,150275.0,France,2025-11-29,8.5
REC-460238,12624,Sour Cream Onion Flavour Potato Chips,Popchips,517.0,Gb,2025-09-29,1.44
REC-154663,6202,Hummus Bites Tomato And Basil,Snaktastic,135.0,Gb,2025-03-07,15.06
REC-661977,5994,Linsen Chips Paprika Style,Funny-Frisch,90.0,Germany,2024-12-21,14.74
REC-418798,5047,Tartines Craquantes Au Blé Complet G,U,250.0,France,2025-09-02,17.34
REC-620407,12251,Brioche Muffin X G,La Boulangère,250.0,Fr,2024-04-26,14.1
REC-256282,9339,Chocolat Noir Éclats DAmandes Grillées Pointe De Sel,Fairglobe,180.0,France,2025-02-08,6.3
REC-660659,6007,Cookies Classique,Delacre,136.0,France,2024-11-22,1.84
REC-181038,5373,Almond Cantucci,Crosta & Mollica,150.0,United Kingdom,2025-09-22,21.88
REC-292059,9137,Amaretti,Crosta & Mollica,140.0,United Kingdom,2025-11-19,9.04
REC-736619,7858,Crispy Seaweed Thins Sea Salt,Itsu,5.0,United Kingdom,2024-11-11,10.74
REC-948811,14567,Snickers X,Snickers,50.0,France,2024-06-25,18.04
REC-427984,7873,,Fin Carré,100.0,France,2025-06-14,12.58
REC-979169,6419,,Haribo,20048.0,France,2024-06-09,12.58
REC-133492,7463,Doritos Goût Nature Maxi Format,Doritos,230.0,France,2026-01-04,14.91
REC-705097,7794,St Michel Madeleines Moelleuses Nature X Sachets Individuels Le Paquet De G,St Michel,240.0,France,2024-07-10,2.4
REC-479730,6868,Chips Paysanne Au Sel De Guérande,Brets,125.0,France,2025-02-15,17.4
REC-222852,7176,Tartines Craquantes Sarrasin,Jardin Bio,300.0,France,2024-08-05,4.54
REC-760733,10245,Chocolat Noir Caramel Pointe De Sel,Ethiquable,100.0,France,2025-10-30,20.8
REC-761251,10166,Biscuit Petit Beurre Blé Cplt G,Biocoop,140.0,France,2025-07-07,24.53
REC-520336,11904,Bonbons À LEucalyptus,Amanienord Fresh,300.0,France,2025-06-28,22.54
REC-441194,11892,Peanut Chocolate Treat Bag,M&M'S,82.0,France,2025-07-12,20.25
REC-431820,11763,McvitieS Rich Tea Classic X,Mcvitie'S,600.0,France,2025-12-16,11.86
REC-393895,11836,HandCooked Crisp Lightly Sea Salted,Tyrrells,180.0,France,2024-10-09,5.83
REC-687663,5520,Biscoff,Lotus,250.0,Österreich,2026-01-24,24.3
REC-856276,13683,Ficelles Olives Vertes Et Noires,Kambly,100.0,France,2025-03-03,5.55
REC-735162,5998,Lindet Choco Swis Dark Yrs Prod,Lindt,100.0,France,2025-06-08,15.71
REC-867667,12982,Moelleux Multi Céréales,Belvita,250.0,Belgium,2024-05-17,14.94
REC-410547,12109,Prince Biscuits Fourrés Goût Chocolat,Lu,3300.0,France,2025-06-17,16.5
REC-110068,13414,Milka Tendre Au Lait,Milka,100.0,France,2025-09-22,2.22
REC-919137,7180,Milk Chocolate Truffles,-,200.0,Italy,2025-05-26,21.11
REC-944870,10506,Tic Tac Fresh Mint,-,18.0,Belgium,2025-05-16,10.46
REC-430972,12397,Sunbites Sal Marina,Sunbites,180.0,Portugal,2024-03-07,13.67
REC-245362,7100,Doowap Pépites Chocolait Ss Additif,Barilla,320.0,France,2025-07-25,4.2
REC-345822,6789,Biscuiți Cu Cremă De Cacao,Croco,25.0,France,2024-10-02,14.0
REC-232705,10631,Sea Salt Chardonnay Wine Vinegar Crisps,Co Op,150.0,France,2024-07-25,10.2
REC-999167,10562,Potato Cakes,Warburtons,6.0,Gb,2024-11-01,20.4
REC-605560,14622,Corn Puffs Star W Cascaval G Kg Box,Star,90.0,Franța,2025-11-14,18.87
REC-497922,10153,Pure Fresh Mentos,Mentos,30.0,Spain,2026-01-24,1.01
REC-631891,10835,Dark Chocolate,Waitrose,100.0,United Kingdom,2025-03-14,12.99
REC-692106,13978,Sea Salt Sourdough Flatbreads,Peter'S Yard,115.0,Gb,2025-03-12,1.61
REC-630007,9811,Pepite Chocolat,Aiguebelle,100.0,Morocco,2024-04-18,18.09
REC-496835,6799,Les Fourrées Beurre De Cacahuète Cacao,Funkie,250.0,France,2025-03-05,23.57
REC-602078,9849,Barre Aux Céréales Et Figue,Marque Repère,126.0,France,2026-01-29,24.39
REC-293057,8530,Pistachios,Alesto,200.0,United Kingdom,2024-10-04,8.25
REC-645951,11187,Major Goût Vanille ,Saïda,9637.0,Morocco,2025-09-04,22.97
REC-327669,11185,Brossard Savane Mini Dark Chocolate Marble Cakes G Oz,Brossard,210.0,Fr,2024-03-11,1.94
REC-769574,5411,G Ricola Menthol,Ricola,50.0,France,2026-01-22,15.24
REC-293254,12395,Biscuits À LAvoine Complète Nature Bio G,U,130.0,France,2024-11-29,11.4
REC-706176,14601,P’Tit Fondant Coeur Chocolat,Bjorg,180.0,France,2024-06-07,22.13
REC-318587,6014,The Best Sea Salted Crisps,Morrisons,210.0,Gb,2025-08-26,17.01
REC-970573,7195,Toffifee Weiß,Storck,125.0,Österreich,2024-11-20,12.17
REC-753812,7220,Tobigo,-,180.0,Morocco,2024-08-04,17.34
REC-415914,9368,Heroes,Cadbury,550.0,Russia,2026-01-21,4.14
REC-614261,11482,Sweet Chilli Pepper,-,160.0,France,2024-12-10,13.75
REC-987997,6921,Organix Carrot Cake Oats Bars,Organix,623.0,United Kingdom,2024-08-18,1.04
REC-407145,8361,Crousti’Pause Choco Noisette,Gerblé,180.0,France,2025-04-08,8.92
REC-173883,5736,Natural Original Liquorice Bars,Panda,128.0,France,2024-10-14,15.52
REC-296684,7349,Mikrowellen Popcorn Salzig,Mcennedy,300.0,France,2024-11-22,8.63
REC-325558,6317,Petit Beurre,Lidl,2200.0,France,2025-03-10,13.63
REC-781241,14005,Biscuits Complets Avoine Et Blé Bio,Aachener Zucker- Und Backwaren Paul Schaeffer,20016125.0,France,2025-01-12,11.49
REC-202883,5163,Cacahuètes Grillées À Sec,Bénenuts,200.0,France,2025-07-21,5.14
REC-813081,14948,Cereal Max Energy Noisette Chocolat,Isostar,355.0,France,2024-08-31,18.24
REC-970687,5445,Sticks Et Bretzels,Carrefour,300.0,Belgium,2024-04-15,8.59
REC-467524,12183,Tuiles Goût Salé,Bouton D'Or,170.0,France,2025-06-13,20.94
REC-863738,14977,Chips Saveur Aïoli,Brets,125.0,France,2024-03-28,3.28
REC-133930,12702,Galleta De Mantequilla Con Tableta De Chocolate Con Leche,Carrefour Bio,150.0,France,2025-10-06,6.06
REC-329610,13755,Le Palet Breton,Marque Repère,125.0,France,2024-12-07,12.68
REC-738029,6428,République Dominicaine ,Alter Eco,100.0,France,2024-05-18,10.87
REC-296064,5497,Chocolat Noir Quinoa,Ethiquable,100.0,France,2025-04-02,12.68
REC-494728,14742,Werthers Original Drops Sukkerfri G,Conaxess Trade Norway,42.0,Österreich,2025-12-19,23.71
REC-911361,12591,Storck Caramel Popcorn Classic G,-,140.0,Österreich,2025-05-20,3.98
REC-405085,12474,Balisto Miel Amandes X,Balisto,167.0,France,2025-08-24,11.56
REC-745432,14538,Bombay Mix,Cofresh,180.0,France,2024-02-29,19.26
REC-796803,6353,Barres De Céréales Extra KelloggS Miel XG,Kellogg'S,128.0,Belgium,2025-08-08,3.24
REC-967434,12306,Cashew Cookie Raw Fruit Nut Wholefoodbars,Nakd,435.0,Ireland,2025-06-04,1.47
REC-549220,8260,,Nakd,35.0,Belgie,2025-01-24,12.58
REC-427535,11820,,Ferrero,500.0,France,2025-11-08,12.58
REC-932107,9651,Schweizer Kräuterbonbon,Ricola,50.0,Belgium,2024-12-14,1.75
REC-907261,6921,Orange Menthe,Ricola,50.0,Belgium,2026-01-03,11.3
REC-145785,7180,Milka Oreo,Milka,150.0,Algeria,2024-12-22,2.72
REC-363549,14703,Choco Sticks,Milka,112.0,Bulgaria,2024-09-28,16.66
REC-528754,5538,Barre Chocolatée Kinder Bueno Chocolat Au Lait,Kinder,258.0,France,2025-06-06,18.47
REC-383715,8250,Buoni Cosi,Galbusera,300.0,France,2025-03-01,16.17
REC-128676,5141,Mixmax,Balconi,35.0,Belgium,2025-03-09,12.18
REC-255895,8185,Tortilla Chips Chili,General Mills,197.5,France,2025-04-04,14.58
REC-759522,13173,Cheetos Sticks,Cheetos,96.0,France,2024-09-21,3.07
REC-697534,11305,Chocolat Gianduja,Ethiquable,100.0,France,2024-07-16,12.68
REC-983695,13103,Sweet Salty Microwave Popcorn,Butterkist,180.0,United Kingdom,2025-09-26,22.25
REC-591711,12690,BlackS Organic White Chocolate Bar,Green & Black'S,90.0,Ireland,2025-10-24,6.79
REC-455140,14636,Classic Cream Crackers,Asda,300.0,United Kingdom,2025-12-17,14.99
REC-120006,7235,Tartines Craquantes Sarrasin,Le Pain Des Fleurs,300.0,France,2026-01-10,12.02
REC-374758,7662,Original Beef Stick,Chomps,32.0,United States,2025-12-01,15.38
REC-396521,14269,Smooth Operator Milk Chocolate,Montezuma'S,90.0,United Kingdom,2025-06-18,12.36
REC-197979,12416,Biscotti Al Cioccolato,Gullón,200.0,Italy,2025-01-30,12.68
REC-285833,11247,Salt Shake Potato Crisps,Walkers,624.0,United Kingdom,2024-02-15,2.17
REC-859689,8866,Chocolat Au Lait,Aiguebelle,100.0,Morocco,2025-10-07,3.83
REC-958829,5319,Oat Shortbread,Walkers,141.0,Gb,2025-05-18,20.5
REC-944705,11585,Sablés Équilibre Noisette,Le Moulin Du Pivert,150.0,France,2024-03-03,21.06
REC-611391,11450,Chips Saveur Miel Moutarde,Brets,125.0,France,2024-11-06,14.42
REC-629653,14007,Hot Spicy,Pringles,185.0,Germany,2025-06-19,18.85
REC-760152,12144,Brioches Barre Chocolat Au Lait,Pitch,300.0,France,2024-12-21,5.84
REC-168017,8518,,Sondey,130.0,Alemania,2025-12-16,12.58
REC-661558,8137,Mini Cheddars,Jacob'S,200.0,Gb,2025-04-16,14.77
REC-735951,7668,Sour Cream Onion Flavour Popped Potato Snacks,Popchips,17.0,United Kingdom,2025-11-19,8.74
REC-484055,9960,Cioccoavena,Mulino Bianco,270.0,Italy,2025-11-13,17.05
REC-931515,12914,Nappés Lait,Bjorg,150.0,France,2024-02-20,8.51
REC-549925,13323,Chips Saveur Barbecue,Lay'S,150.0,France,2024-09-04,4.71
REC-112650,12566,Napolitane,Roshen,80.0,Argentina,2024-08-27,4.49
REC-798251,13055,Pringles Hot Smokin’ Bbq Ribs Flavour,Pringles,160.0,France,2024-09-01,17.85
REC-991527,11686,MultiGrain Crackers Seed,Crunchmaster,180.0,United States,2025-07-11,20.06
REC-195320,5374,Dark Chocolate Covered Pretzels With Peppermint Pieces Peppermint,-,21.0,Brazil,2025-12-27,21.9
REC-375991,9334,Chocolat Lait Noisettes Entières,Bellarom,200.0,France,2024-05-21,17.03
REC-863414,7312,Fette Croccanti Con Sesamo,-,250.0,France,2024-06-19,23.96
REC-923685,8623,Crusti Choc,Fin Carré,100.0,Франция,2025-03-25,24.35
REC-544776,14590,Chocolat Dégustation Cacao,-,180.0,France,2025-12-14,6.54
REC-930146,5018,Bretzels D’Alsace,Ancel,180.0,France,2025-02-26,24.21
REC-988456,12487,Gâteau De Riz Au Caramel,Nestlé,500.0,France,2026-01-26,12.68
REC-258443,14933, Boudoirs G,Brossard,175.0,France,2025-05-05,19.66
REC-573438,7233,Haribo Pik,-,275.0,France,2025-02-27,9.74
REC-504266,11739,Repas Équilibré Barre Saveur Pomme Framboise,Gerlinéa,360.0,France,2024-02-23,23.33
REC-933430,9785,Sablés Framboise Sésame,-,150.0,France,2025-03-04,16.62
REC-784797,8474,Petit Beurre,St Michel,180.0,France,2025-11-11,23.98
REC-647607,6711,Éclats De Fèves De Cacao Noir,-,100.0,France,2025-01-06,5.6
REC-692769,5208,Chocolat Noir Équateur,Kaoka,100.0,France,2025-04-06,16.03
REC-847417,12296,LOriginale,Bret'S,30.0,France,2025-01-24,16.19
REC-984143,10677,Crackers Aux Graines De Courge Lin Et Sésame,Carrefour,175.0,France,2024-09-10,11.4
REC-116729,5649,Chips PomLisse,Marque Repère,200.0,France,2025-06-04,16.51
REC-118132,14332,Rocher Suchard Noir X G G E,Suchard,245.0,France,2024-07-28,8.23
REC-515635,13485,Kinderriegel,Ferrero,378.0,Austria,2024-10-05,4.98
REC-839852,10772,Lightly Salted Tortilla Chips,Co Op,200.0,France,2025-01-24,9.07
REC-899897,5645,MMS Peanut,M&M'S,500.0,France,2024-10-28,5.71
REC-309726,12564,Toasting Muffins,-,2564.0,United Kingdom,2024-12-14,17.9
REC-206249,8727,,Fontaneda,700.0,Spain,2024-08-10,12.58
REC-282639,13493,Chocolat Brownie,Milka,180630.0,Belgium,2024-08-23,14.82
REC-651812,13874,,Hollywood,22.0,France,2024-10-01,12.58
REC-118285,10381,Kinder Bueno Mini,Kinder,108.0,Belgium,2024-11-09,3.97
REC-274883,6628,Butterkeks Petit Beurre,Schär,165.0,France,2026-01-31,11.33
REC-447723,7092,Il Cracker,Gran Pavesi,560.0,France,2025-06-12,12.68
REC-463087,7560,Primizie,-,700.0,France,2025-10-17,2.75
REC-346480,5746,Crunchy Avena Y Miel,Nature Valley,210542.0,Portugal,2026-01-23,20.47
REC-142184,9672,Naturel Chips,-,275.0,Belgium,2025-03-22,12.68
REC-629911,8800,Classic,Lay'S,82268.0,United States,2025-04-20,8.64
REC-835675,10442,Team Up,Tiffany,24.0,Morocco,2024-07-04,14.15
REC-251464,13903,Gullon Cookies,Gullón,250.0,France,2025-11-24,4.38
REC-480076,12318,Süßes Schokolade Edelbitter ,Aldi,125.0,France,2024-05-13,23.89
REC-338665,11750,Croc Break,Marque Repère,300.0,France,2025-04-09,10.72
REC-528427,13590,Creamy Coleslaw,Deluxe,170.0,United Kingdom,2024-09-10,12.68
REC-185822,7896,Grainéa Abricot Barres Aux Céréales MaîsBlé Seigle Riz X Barres,Grainéa,126.0,Frankrijk,2024-09-21,24.19
REC-932820,5437,Tortilla Chips Avocado Guacamole Flavour,Mister Free'D,135.0,Germany,2025-05-03,11.2
REC-362921,9748,GewürzSpekulatius,Wintertraum,600.0,Deutschland,2024-11-24,10.28
REC-969188,9861,Organic Sea Salt Thin Crispy Tortilla Chips,Late July,180.0,Us,2025-09-26,18.56
REC-313371,9652,Biscuits Épeautre Et Sésame,Carrefour,1703567.0,France,2025-10-19,24.92
REC-971893,8711,Tartines Grillées Craquantes Au Froment G,U,250.0,France,2024-09-15,22.74
REC-290308,14599,Sour Watermelon,Candy Kittens,140.0,United Kingdom,2024-07-25,12.79
REC-439794,12701,Schokolade Halbbitter,Ritter Sport,100.0,Germany,2025-07-28,4.13
REC-263925,13938,Crunchips Paprika,-,150.0,Deutschland,2025-12-28,22.38
REC-295417,13481, Cacao Noir,Carrefour,80.0,France,2024-04-26,8.96
REC-498452,13496,Nestle Fitness Cocoa Protein Bar Multipack ,Nestlé,420.0,Allemagne,2025-10-25,17.27
REC-554259,11314,Mikado,Glico,100.0,France,2025-09-04,14.02
REC-881519,7304,Nocciolata,Rigoni Di Asiago,250.0,France,2025-02-17,24.26
REC-596684,7736,Dark Milk Chocolate With Blood Orange,Marks & Spencer,100.0,United Kingdom,2024-08-01,12.48
REC-577588,8792,Original Saltine Crackers,Premium,1.0,United States,2025-09-09,1.92
REC-266020,6846,Cinnamon Brown Sugar Breakfast Biscuits,Belvita,176.0,France,2025-02-10,24.67
REC-772267,11957,Organic Tortilla Chips,-,40.0,United States,2024-04-29,2.18
REC-364543,8627,Bastoncini Salati,Snack Day,250.0,France,2025-04-25,9.22
REC-928943,8231,Rich Tea Biscuits,Tower Gate,300.0,United Kingdom,2025-12-12,12.68
REC-308580,10938,Nature Tortilla,Snack Day,300.0,Frankrijk,2026-02-04,1.86
REC-874194,9592,Lait Amandes Caramélisées,Fin Carré,200.0,Finlande,2025-11-15,12.68
REC-951803,10221, Pains Au Lait,Les Pâtissadesaldi,400.0,Canada,2025-06-07,23.13
REC-113164,6647,Belvita PetitDéjeuner Original,Belvita,400.0,Belgium,2024-02-14,11.88
REC-179823,14909,G Starmint Haribo,Haribo,300.0,France,2025-11-14,12.68
REC-862062,8260,Lutti Best Fizz Tubo G,Lutti,55.0,France,2024-05-24,14.13
REC-641701,11454,Cheetos Goût Fromage,Cheetos,75.0,France,2025-04-07,6.48
REC-540919,11809,Biscuit Cacaoté Fourré Saveur Vanille,Gerblé,176.0,France,2025-08-09,1.28
REC-949221,11012,Cookies Chocolat Noisettes,Bonne Maman,225.0,Belgium,2024-03-21,8.63
REC-616247,5031,Tuiles Saveur Crème Oignon,Bouton D'Or,170.0,France,2024-04-21,17.58
REC-605140,10715,Crackers Graines Bio,Chabrior,200.0,France,2024-07-04,5.8
REC-903541,13160,Vico La Classique G,Intersnack,400.0,France,2024-10-10,5.18
REC-533561,7488,Chocolate Fitness Special K,Nestlé,235.0,Belgium,2024-08-18,7.57
REC-966633,7264,Noir Quinoa Soufflé,Alter Eco,100.0,France,2024-04-03,23.24
REC-875560,9194,Lightly Sea Salted Crisps,Coop,150.0,France,2025-03-28,11.63
REC-670784,13967,Soreen Malt Loaf G,Soreen,190.0,France,2024-02-16,22.19
REC-627837,13452,,-,14.0,Hungary,2024-08-03,12.58
REC-527275,5384,Croissant With Cocoa Filling,7 Days,65.0,Poland,2025-07-04,20.03
REC-706193,12973,Belvita Muesli,Belvita,300.0,France,2025-09-10,24.89
REC-927322,13805,Petit Lu Beurre Sel De Guérande,Lu,200.0,France,2024-05-07,13.26
REC-660478,7220,Prince,Lu,300.0,Belgium,2024-12-28,9.55
REC-408670,11847,Leo,Milka,33.0,Belgium,2024-08-15,4.32
REC-113161,14871,Ferrero Rocher,Ferrero,375.0,Albania,2024-03-30,10.0
REC-238315,9290,Magretti,Galbusera,260.0,Italy,2025-11-04,8.89
REC-911324,14318,Mix Milk,Balconi,1.0,Belgium,2024-08-04,4.28
REC-765162,12371,Chocolate Puro,Valor,300.0,Spain,2025-07-12,12.68
REC-308966,13284,Mega Duo Doble Cacao,Gullón,500.0,Algeria,2026-01-15,23.66
REC-696383,5480,Lays Oven Baked Roasted Paprika,Lay'S,150.0,Belgium,2025-03-11,8.7
REC-853198,10142,Karamelová Pomazánka V Lednici,Saveurs De Nos Régions,340.0,France,2025-06-08,16.86
REC-145978,9537,Fig Rolls,Lidl,200.0,France,2025-04-26,20.88
REC-567325,9479,Tesco Finest All Butter Croissant Pack,Tesco,185.0,United States,2024-03-12,12.68
REC-989461,6751,Bio Organic,Gullón,170.0,Bulgaria,2025-05-22,13.37
REC-725479,5077,Micro Popcorn Sare,Chio,80.0,Франция,2025-08-20,11.83
REC-380923,10061,Ready Salted Crisps,By Sainsbury'S,625.0,Gb,2024-09-24,19.97
REC-809940,12349,Fruit Seed Oatcakes On The Go,-,180.0,United Kingdom,2024-07-15,1.47
REC-117583,8120,Fruit Snack,Welch'S,8227.0,Andorra,2025-12-19,12.68
REC-749978,14606,Grenada,J.D. Gross,100.0,Deutschland,2024-12-08,9.71
REC-435053,8868,Barres Granola Au Sirop DÉrable,Crownfield,252642.0,United Kingdom,2024-05-24,17.17
REC-441887,7964,Sea Salt Chardonny Vinegar,Aldi Specially Selected,150.0,United Kingdom,2024-10-08,12.68
REC-470270,13664,Chicles Hierbabuena,Hacendado,100.0,Marruecos,2024-05-07,14.23
REC-336409,5511,Chips À La Crevette,Suzi Wan,50.0,France,2025-02-08,21.26
REC-678154,11417,Monster Munch Crazy Goût Crème Oignon,Intersnack,150.0,Fr,2024-09-04,2.7
REC-560466,6280,Baked Sea Salt,Walkers,622.0,United Kingdom,2025-11-04,6.32
REC-726977,5560,Muffins,-,180.0,Morocco,2024-12-30,16.57
REC-562193,10067,LayS Paysanne Saveur Oignons De Roscoff Caramélisé,Lay'S,120.0,France,2024-08-22,7.93
REC-418321,13314,Paprika,Pringles,185.0,Spain,2024-11-01,10.68
REC-624005,12396,Tablette De Chocolat Noir Excellence Pailleté Dentelle,-,100.0,France,2025-03-07,12.36
REC-717890,12277,Barres Au Son DAvoine,Monoprix,180.0,France,2025-08-30,12.68
REC-284514,11871,Petit Dej’ Pepites De Chocolat Miel,Gerblé,13233.0,France,2024-03-06,11.31
REC-162086,6398,Chocolat Noir Cacao,Lidl,630.0,France,2025-05-23,19.84
REC-523299,8641,Roasted Pistachios,The Foodie Market,200.0,United Kingdom,2024-04-28,19.76
REC-704408,13666,Protein Bar Caramel,Nākd,45.0,United Kingdom,2024-04-01,15.12
REC-608717,11578,Rosemary Sea Salt Flatbread Thins,Rivercote,125.0,United Kingdom,2025-06-07,7.74
REC-533848,14633,PTit Gouter,It,52.0,Morocco,2025-02-16,8.4
REC-116932,5686,,Twix,225.0,Morocco,2025-05-02,12.58
REC-281034,10067,Chocolate And Hazelnut Cake,Shär Gluten-Free,180.0,France,2025-08-15,2.59
REC-560283,14299,Nacho Cheese Flavored Tortilla Chips,Doritos,1283.0,Bolivia,2024-08-22,12.68
REC-660776,8703,Jammie Dodgers Raspberry Flavour,-,140.0,France,2025-03-22,12.88
REC-270756,13511,Barre Pâtissière Aux Œufs Frais,-,800.0,France,2025-05-30,10.91
REC-677323,9539,Excellence Milk Sea Salt Caramel,Lindt,100.0,Australie,2024-12-25,11.08
REC-523713,12802,Rotella,Haribo,300.0,France,2025-03-29,3.18
REC-480368,11259,Galettes Au Bon Beurre,St Michel,520.0,France,2024-08-04,6.25
REC-213646,6733,La Madeleine Bio,Bjorg,225.0,France,2024-10-12,10.37
REC-718928,7499,Cookies Bio Quinoa Pépites Chocolat Paquet De G,-,175.0,France,2025-05-25,6.35
REC-770218,10206,Brioche Tressée Pur Beurre G,La Boulangère,800.0,France,2025-05-29,3.56
REC-684462,9477,Chips Paysannes Nature,Marque Repère,150.0,Frankrijk,2025-08-28,13.38
REC-358374,11840,Petit Beurre Nature,Bisson,150.0,France,2024-08-14,19.31
REC-357252,5798,Chocolat Noir Gingembre Confit,Ethiquable,100.0,France,2025-02-07,13.89
REC-746500,6227,Milchschnitte,Kinder,140528.0,Österreich,2025-12-19,14.87
REC-161338,13380,Crunchips Paprika,Lorenz,175.0,Germany,2024-08-03,22.38
REC-441814,12186,G Skittles Sachet,Mars Norge As,75.0,Bulgaria,2025-12-25,15.89
REC-461096,8348,Fruit Oat Bakes Apple,-,210.0,France,2024-10-25,11.8
REC-689540,14734,Walkers Salt Vinegar Crisps Pack Outer Packaging Only,Walkers,625.0,France,2025-08-29,9.89
REC-363412,14667,,Eat Real,113.0,France,2025-06-04,12.58
REC-819471,5267,Urban Fruit Snack Pack Strawberry,Smashing Strawberry,35.0,France,2024-09-07,23.99
REC-404392,13108,Start,Saïda,250.0,France,2024-04-30,22.71
REC-589532,8496,Kit Kat Finger Milk Chocolate Biscuit Bars,Nestlé,205.0,France,2024-07-31,19.8
REC-592505,6087,Milka Au Lait Du Pays Alpin,Milka,3100.0,France,2025-08-02,11.41
REC-388107,14151,Crackers Cereali Antichi,Misura,350.0,France,2025-05-19,24.15
REC-221970,11259,Lindor Lait,-,337.0,France,2025-01-24,11.28
REC-717375,14227,Tortilla Nachips,-,300.0,France,2025-08-16,10.0
REC-648523,12637,Chocolate Negro ,Valor,170.0,France,2025-03-20,1.11
REC-405076,7744,Twins Chocolate,Gullón,42.0,Algeria,2024-02-09,1.61
REC-922293,13136,La Galette Gourmande Chocolat Noir,St Michel,121.0,France,2026-01-11,11.27
REC-318216,7278,Tacos,Fritosa,20.0,Morocco,2025-03-05,17.78
REC-722710,14090,Conikos Goût Chili,Conikos,30.0,Morocco,2024-08-03,14.61
REC-199530,7276,Oat Cookies Milk Chocolate,Sondey,237.5,Bulgaria,2024-10-01,5.01
REC-709097,6887,Gluten Free Oaties Syrupy Crumbly,-,160.0,United Kingdom,2024-06-30,10.04
REC-590297,8041,Protein Bar Muscle Mass Caramel Cookie Flavor,-,60.0,France,2024-10-18,24.39
REC-408468,13382,Tvarohová Tyčinka Protein,Milbona,40.0,Horvátország,2025-10-01,19.68
REC-264084,10268,Lays Paprika,-,180.0,Belgium,2025-11-07,9.61
REC-707308,13091,Maltesers,Maltesers,102.0,United Kingdom,2024-02-26,21.72
REC-927863,9963,Strawberry,-,180.0,Bosnia And Herzegovina,2025-12-11,7.04
REC-188356,11678,Cranberries Dried Sweetened,Alesto,250.0,France,2024-04-14,8.58
REC-564574,5732,,Be-Kind,180.0,France,2024-12-22,12.58
REC-802461,11965,Rye Sourdough Crackers,M&S,130.0,United Kingdom,2024-10-03,16.14
REC-938306,5758,Cracks,-,180.0,Morocco,2024-09-21,8.72
REC-211192,10673,Brioche Pépites De Chocolat,Pitch,300.0,France,2024-05-03,14.3
REC-712813,7216,Crunchy Chocolat 🍫 Au Lait 🥛🐄,Nature Valley,820.0,France,2025-04-23,23.87
REC-300048,11972,Lentil Chips,Snackrite,515.0,Gb,2025-09-01,15.36
REC-301338,12076,Privolat,Misura,330.0,It,2025-03-01,14.01
REC-148012,10565,Protein Peanut Chocolate Berries,Nature Valley,160.0,France,2024-04-05,8.07
REC-942276,10937,Zartes Blätterteiggebäck,Sondey,100.0,Germany,2025-01-29,14.11
REC-434443,7467,Patatas Fritas Extra Crunch,Hacendado,150.0,Portugal,2025-08-10,6.63
REC-888507,8745,Chips De Lentilles,Vico,85.0,France,2025-08-02,2.92
REC-426691,13648,,Mcvities,264.0,United Kingdom,2025-10-05,12.58
REC-196930,10252,Protein Peanuts Almonds Amp Salted Caramel Fruit Am,Eat Natural,40.0,United Kingdom,2024-08-15,19.68
REC-480144,13441,,Hacendado,200.0,Spain,2026-01-17,12.58
REC-628913,8949,,-,180.0,Morocco,2024-03-23,12.58
REC-926063,7057,Gâche Tranchée Pur Beurre G,La Boulangère,400.0,France,2024-09-06,6.39
REC-562451,12630,Aussie Bites,Universal Bakery,30.0,Canada,2025-05-21,8.61
REC-117941,9141,Schokobutterkeks Zartbitter,-,125.0,Finland,2025-04-15,15.71
REC-259952,12952,Lindt Chocolate Negro Limon Con Gengibre Con Amandes,Lindt&Sprüngli,100.0,France,2024-09-09,9.94
REC-231257,11364,Biscuit Crousti Pause Choco Noisette Ss Gluten,Gerblé,125.0,France,2025-03-18,17.46
REC-294681,5507,Biscuits Galettes Pur Beurre Bio G,U,125.0,France,2024-10-25,18.35
REC-809928,9255,Biscuits Bio Épeautre Et Sésames Paquet De G,U,150.0,France,2024-07-09,3.62
REC-876279,12166,Croissants,Brioche Pasquier,320.0,France,2025-12-13,23.42
REC-755308,9720,Pains Au Chocolat Format Familial,Brioche Pasquier,720.0,France,2024-04-14,18.12
REC-615123,14598,Curly Donuts,Vico,100.0,France,2024-03-20,17.69
REC-840145,13002,Chips De Lentilles Aux Petits Oignons,Jardin Bio,50.0,France,2025-05-20,1.4
REC-784546,6826,Brossard Mini Brownie Choco Pepites,Brossard,240830.0,France,2026-01-17,15.66
REC-660384,14599,Crackers Emmental Graines De Courge,Bio Village,200.0,France,2024-11-26,12.68
REC-666118,8053,Pain DÉpices,Jardin Bio,300.0,France,2024-12-12,17.39
REC-675310,5295,Merci Milk Chocolate Синий Смотка,Merci,250.0,Болгария,2024-08-21,11.92
REC-246477,14773,Puffreis Mit Schokolade,Nippon,200.0,France,2024-06-06,7.63
REC-624042,14013,Cream Crackers Crispy Crackers,Jacob'S,200.0,França,2024-12-22,9.96
REC-266711,6408,Cheese Onion,Pringles,165.0,Croatia,2024-04-15,9.57
REC-287637,11759,Cacao Almond Oat Bar,Deliciously Ella,50.0,France,2024-10-07,10.59
REC-911612,5751,Lotus Gaufre De Liège Perles De Sucre Format Familial G XP,Lotus,450.0,France,2025-06-23,14.63
REC-722495,13275,Galette Senior,Bimo,46.5,Algeria,2024-06-27,8.69
REC-281338,8612,LOriginal Lait,Côte D'Or,3003100.0,France,2025-11-22,21.75
REC-677128,7104,Croustilles Aux Cacahuètes,Belin,138.0,France,2024-03-14,12.68
REC-213299,5486,Crunch Lot De ,Nestlé,200.0,France,2026-01-18,16.92
REC-166854,14439,Kinder Schokolade,Kinder,300.0,Austria,2024-03-10,24.79
REC-499463,6980,Mix Max,Balconi,3501035.0,Australia,2024-12-03,18.42
REC-528478,5190,Colcuore,Galbusera,300.0,France,2024-05-23,16.81
REC-545836,14539,Kaskys,Tosfrit,40.0,France,2024-03-16,12.06
REC-475712,11474,Tostarica Choco Guay,-,180.0,France,2024-07-18,4.17
REC-960157,9215,Scottish Seeded Oatcakes,Rivercote,250.0,France,2025-02-25,20.68
REC-486028,10205,Protein Bar Muscle Mass,-,180.0,France,2024-09-12,9.7
REC-372031,13167,Noix De Cajou Salées,Snacks Of The World,150.0,France,2024-04-08,16.67
REC-512536,6306,Smart Price Lightly Salted Tortilla Chips,Asda,180.0,United Kingdom,2024-02-18,5.69
REC-828165,9006,Leader Chips Sel,Leader Food,18.0,Morocco,2024-07-17,4.43
REC-887070,6548,Cerealé Noisette,-,204.0,France,2024-11-08,6.61
REC-109915,12350,Cookilate,Florbú,340.0,Marruecos,2024-12-24,13.91
REC-317779,10106,Kingsize Peanuts Salted,Snacks Of The World,375.0,Belgium,2025-02-12,11.05
REC-822511,8288,Knoppers,Storck,125.0,Romania,2025-06-18,22.68
REC-880561,6240,Palets Bretons,Carrefour,125.0,France,2025-04-21,12.68
REC-474884,11263,Beignet Chocolat Noisette X ,Brioche Pasquier,270.0,France,2025-05-31,7.82
REC-530633,10668,Dark Chocolate Gingers,Border,150.0,Royaume Uni,2024-03-22,20.47
REC-565108,5838,Oatcakes,Asda,250.0,United Kingdom,2025-11-04,1.9
REC-834522,11391,Lindor Noir ,Lindt,100.0,France,2025-04-04,5.94
REC-374089,10854,Crinkle Cut Sea Salt Chardonnay Vinegar Hand Cooked Crisps,Tesco,185.0,Gb,2024-08-14,8.57
REC-768122,5892,Savane Tout Choco,Brossard,210.0,France,2025-12-30,4.16
REC-184966,13867,Noir Extra Fondant,Lindt,100.0,France,2024-09-26,18.7
REC-185793,5155,,Lindt,100.0,France,2025-01-27,12.58
REC-569488,7725,Crispy Biscuit Slices,Mcvitie'S,174.0,Gb,2024-09-23,10.1
REC-169626,11356,Cocoa Sandwich Biscuits With Vanilla Flavoured Crème Filling,Tower Gate,300.0,Чехия,2025-06-20,18.8
REC-559942,5517,,Excelo,36.0,Morocco,2025-03-29,12.58
REC-331462,11555,Savoiardi,Schär,200.0,France,2024-03-23,16.77
REC-627101,5903,Original Stapelchips,Snack Day,170.0,França,2025-10-16,24.99
REC-433103,8611,Cacahuètes Grillées À Sec,Alesto,150.0,France,2024-11-21,5.14
REC-101499,5263,Grany Chocolat Céréales,-,20810208.0,France,2025-06-01,16.07
REC-742367,11642,Sticks DAlsace G,Dr. Oetker,200.0,France,2025-04-02,1.13
REC-894827,10123,Special K Céréales Chocolat Noir,Kellogg'S,215.0,Belgium,2025-03-30,20.49
REC-647064,5509,Biscuits Son DAvoine,Gerblé,180.0,France,2025-12-03,22.38
REC-812771,5428,Biscuit Fondant Choco Lait,Gerblé,126.0,France,2025-09-05,17.1
REC-437121,8763,Madeleines,St Michel,85.0,France,2025-12-11,15.5
REC-464831,9546,Galettes Bretonnes Spécialité De PontAven Au Beurre,Reflets De France,180.0,France,2024-02-08,19.13
REC-383525,9827,Chocolat Noir Dégustation De Cacao Tablette De G,U,100.0,France,2025-08-12,3.03
REC-732567,14281,Chips Paysanne Nature,U,150.0,France,2024-05-10,12.18
REC-423178,12254,Chocolat Noir À Pâtisser Tablette De G,U,200.0,France,2025-03-22,16.7
REC-365837,10357,Brioche Tressée Tranchée Nature,Brioche Pasquier,500.0,France,2025-03-28,13.34
REC-874145,6418,Mon Taboulé Au Poulet À La Ciboulette,-,500.0,France,2024-07-15,10.84
REC-673640,6439,Crêpe Dentelle Chocolat Au Lait,-,90.0,Ranska,2025-05-01,1.62
REC-245644,13760,Chips Lentilles,Jardin Bio Étic,180.0,France,2024-05-10,23.93
REC-694391,10758,Chips Les Natures Craquantes,Bret'S,250.0,France,2025-12-23,2.25
REC-348151,7037,Sablés Au Beurre Amandes Et Citron,Carrefour Bio,200.0,Belgium,2024-11-17,8.06
REC-699551,10641,Stylesse Chocolat Noir,Carrefour,300.0,France,2024-06-12,4.33
REC-831048,7204,Cacahuètes Grillées Et Salées,Marque Repère,500.0,France,2024-10-18,2.54
REC-649653,13376,Chips Nature Maxi Format,Marque Repère,300.0,France,2024-05-23,12.54
REC-939057,6148,G Michoko Noir,La Pie Qui Chante,280.0,France,2025-04-05,24.17
REC-215473,8452,Petit Beurre Nature Sans Sucres,Karéléa,150.0,France,2024-04-27,12.68
REC-752927,10694,Kinder Pingui Schoko ErPackung,Ferrero,120.0,Belgium,2024-11-02,4.87
REC-444881,11235,Veggie Straws With Kale Tomato Spinach,Eat Real,113.0,France,2024-12-08,1.52
REC-863670,11314,Fruit Nut Bar Dark Chocolate,-,45.0,France,2024-11-15,12.68
REC-619927,13487,Belgian Chocolate Guylian Seashells,-,250.0,Australia,2024-03-26,8.95
REC-261498,10571,Chocolat Noir Uganda,Cachet,180.0,Belgium,2024-03-07,12.94
REC-968580,10620,Biscuit Fourré À La Crème Goût Chocolat,Kif,130.0,France,2026-01-16,11.39
REC-161923,7368,Delicate Crisp Rosemary Sea Salt,Wasa,190.0,Austria,2025-05-06,6.79
REC-323873,13205,Creme Egg,Cadbury,200.0,France,2024-07-27,13.77
REC-817350,7570,Oreo Sjokoladetrukket G,Mondelez Norge As,180.0,Belgium,2025-03-25,8.64
REC-285293,12488,Lindor Assorted Chocolate Truffles Box,Lindt,200.0,United Kingdom,2024-12-06,6.55
REC-312217,11754,Dulcesol Snack Cacao,Gateau,180.0,France,2025-11-18,10.15
REC-614367,11746,Wasabi Peanuts,Snacks Of The World,250.0,Belgia,2024-06-27,12.68
REC-517930,11151,Lays Classics Salted Rs,Lay'S,150.0,Inde,2025-05-01,6.63
REC-661881,13249,Novellini,Italiamo,350.0,Switzerland,2025-10-11,15.93
REC-502336,5314,Coconut Chia Oat Biscuits Imp,Nairn'S,200.0,Gb,2026-01-13,8.82
REC-832319,5647,Créxy,-,180.0,Senegal,2025-03-08,14.78
REC-803423,10754,Salt Shake Potato Crisps,Walkers,24.0,Gb,2025-06-24,2.17
REC-234551,11802,Pains Au Lait,Brioches Fonteneau,280835.0,France,2025-05-05,12.0
REC-425941,7480,Thins Cheddar Pepper,Savour Bakes,125.0,Gb,2024-06-17,11.23
REC-133406,9705,All Natural Nut Bar,2Keep,330.0,France,2025-11-28,21.12
REC-834815,12827,Gianduja Noir Éclats De Noisettes,Ethiquable,100.0,France,2024-06-19,4.2
REC-328296,9151,Applies Blueberries Mini Fruit Bar,That'S It.,480.0,United States,2024-03-04,19.62
REC-988381,5604, Cacao Collection,Trapa,85.0,Spain,2025-08-09,19.42
REC-496103,10133,Nachos TexMex,Hacendado,150.0,Spain,2025-06-10,6.78
REC-125764,13073,Organic Peruvian Cocoa Dark Chocolate,-,180.0,United Kingdom,2025-08-26,3.93
REC-597052,11199,Pistachios Roasted Salted,Alesto,500.0,Italy,2024-03-06,13.27
REC-758907,9333,Chocolat République Dominicaine,-,180.0,France,2024-10-20,13.54
REC-485097,12291,Salt And Vinegar Flavour Peanuts,Kp,225.0,United Kingdom,2025-05-08,23.78
REC-114225,13553,Chips Paysanne Nature,Carrefour,150.0,France,2024-04-09,4.21
REC-466727,9459,Merendina Double Choco G,Bimo,36.0,Morocco,2024-10-04,12.5
REC-275066,8945,Almond Flour Crackers Fine Ground Sea Salt,Simple Mills,210.0,United States,2024-08-15,9.78
REC-830505,8833,All Butter Shortbread Fingers,Morrisons,210.0,Gb,2024-03-08,19.31
REC-806107,14345,La Madelein Coeur Chocolat,Bonne Maman,300.0,France,2024-07-08,14.69
REC-123390,7316,Bonbons Aux Plantes Des Alpes Suisses Cassis,Ricola,50.0,France,2025-10-02,23.58
REC-214055,12736,Noir Cacao Equateur,Carrefour Bio,100.0,France,2025-08-02,21.92
REC-298530,10033,Guet Apens,Lu,105.0,France,2025-01-14,4.58
REC-866392,5921,Protein Cookie,Bodymass,75.0,France,2024-11-18,5.92
REC-742480,9024,Snack Balls Figues Graines De Chia Noix,Vemondo,144.0,France,2024-05-07,11.58
REC-545649,11120,Lightly Salted Hand Cooked Potato Crisps,Lidl,150.0,Gb,2024-10-21,19.3
REC-941169,5375,Ancora Uno Frolla Con Cioccolato In Pezzi,Tremarie,360.0,France,2025-11-01,20.79
REC-997813,11181,Kaugummi WrigleyS Extra Fresh Strong Mint Blau G Dose,Mars Gmbh,180.0,Deutschland,2025-03-30,4.01
REC-271656,9802,Jaffa Cakes,Mcvitie'S,300.0,Ireland,2025-08-06,7.5
REC-255667,10300,Doritos Saveur Barbecue,Doritos,160.0,Fr,2024-03-02,7.65
REC-567322,14775,Vollmilch Extra Cremig ,J.D. Gross,125.0,France,2024-10-18,15.19
REC-182393,13278,Takis Queso Volcano G,Barcel,100.0,Germany,2024-11-24,11.44
REC-100659,7767,Bio Biscuits À LAvoine,Sondey,200.0,France,2025-07-26,22.79
REC-824368,13005,High Protein Milk Chocolate Crisp,Fincarre,90.0,Netherlands,2024-12-16,18.56
REC-296278,5447,Celebrations,Mars Foods,550.0,Morocco,2024-12-04,2.36
REC-594650,7462,,Walkers,25.0,Spain,2025-10-07,12.58
REC-595991,6850,Goldfish,Pepperidge Farm,66187.0,France,2024-12-20,3.5
REC-356909,14164,Peanut Butter Dark Chocolate Chewy Bar,Nature Valley,40.0,France,2024-10-26,17.3
REC-741800,13308,Blueberry,Rxbar,52.0,United States,2026-01-12,21.58
REC-402605,13368,Pains DÉpices Chocolat Noir,Aachener Zucker Und Backwaren Paul Schaeffer,180.0,Allemagne,2024-07-28,4.65
REC-878739,14063,Madeleines,Délices De Kerloch,500.0,France,2025-06-28,2.25
REC-507034,12625,,Snack Day,170.0,France,2025-11-21,12.58
REC-856664,7265,Chocolat Noir À La Pointe De Sel,J.D. Gross,125.0,República Checa,2025-11-13,5.12
REC-226531,6538,Pains Au Chocolat,Maitre Jean Pierre,450.0,France,2024-08-27,12.56
REC-315687,10253,Pockitos Chocolat Au Lait,Lu,295.0,France,2025-07-02,15.03
REC-197124,6049,Box Best Of,Belin,205.0,France,2025-01-11,20.44
REC-720028,5182,Création Praliné Feuilleté,Lindt,150.0,France,2025-06-14,16.17
REC-452156,8639,Brossard Le Cake Aux Fruits Gr,Brossard,300.0,France,2025-12-02,12.68
REC-776509,10829,Mao Croqui,Haribo,300.0,France,2024-09-29,22.91
REC-363173,11880,,Lays,25.0,Belgium,2025-12-07,12.58
REC-700054,11108,LayS DS Bugles Goût Cacahuète,Lay'S,85.0,Frankrijk,2025-01-31,6.5
REC-414510,6009,Bénénuts Cacahuètes Grillées Salées,Bénénuts,410.0,France,2024-09-24,1.16
REC-532694,7920,Gerblé Sugar Free Orange Chocolate Chip Shortbread G Oz,Gerblé,100.0,France,2025-11-15,8.14
REC-832155,8324,Biscuits Aux Pépites De Chocolat🍫Noir Et Au Lin,Bjorg,182.0,France,2025-10-21,12.68
REC-535318,11744,Le Veggie Snack Poppé Aux Légumes,Too Good,85.0,France,2025-11-18,14.16
REC-814183,13433,Madeleines Extra Moelleuses,-,4001625.0,France,2025-05-01,6.24
REC-183927,6897,QuatreQuarts Pur Beurre,Ker Cadélac,500.0,France,2025-12-01,7.14
REC-728522,12143,Monster Munch Goût Jambon Fromage,Intersnack,285.0,France,2024-02-26,12.68
REC-492841,10931, Pains Au Chocolat,Carrefour,360.0,France,2025-07-29,7.21
REC-905371,7755,Tortillas Chips Nature,Carrefour,187.5,Frankrijk,2024-08-21,18.61
REC-747392,9683,Sticks Bretzels,Marque Repère,300.0,France,2025-02-17,12.68
REC-798416,9150,Lapin D’Or Chocolat Au Lait,Lindt,200.0,France,2024-06-23,16.17
REC-122946,5119,Vico Pop Corn Baff Caramel,-,100.0,France,2025-05-03,4.12
REC-426186,7246,Mars Glacé,Mars,25086418.0,Belgium,2025-05-27,13.17
REC-750895,10059,Walkers Cheese Onion Crisps Pk,Walkers,6.0,United Kingdom,2025-10-06,24.93
REC-975007,14456,Almond Apricot Bars,Eat Natural,350.0,Belgium,2025-10-25,8.68
REC-881009,9326,Twirl Chocolate Bar,Cadbury,128.5,France,2025-10-12,20.12
REC-592773,13959,Oaties,Tesco,185.0,France,2025-08-13,21.3
REC-858419,8694,Pringles Cheese Onion,Pringles,165.0,France,2026-01-28,21.03
REC-293786,9063,Love Corn Smoked Bbq Imp,Love Corn,45.0,France,2025-05-13,14.3
REC-676694,13947,Biscuits Super Extra,Saïda,19024.0,Tunisia,2025-11-14,12.68
REC-960640,6302,G C Or Lt Raisin Noiset,Côte D'Or,180.0,France,2024-08-27,18.1
REC-556090,5071,Dairy Milk,Cadbury,110.0,France,2024-08-05,1.34
REC-896689,10023,Brioss,Kinder,225.0,France,2025-05-22,14.76
REC-891802,8627,,Barilla,250.0,Hrvatska,2024-12-24,12.58
REC-955170,9514,Vitalday Crocant Chocolate,Gullón,280.0,Portugal,2024-03-30,24.54
REC-776503,12768,Desayuno Integral,Florbú,350.0,France,2025-09-11,12.68
REC-950203,12120,Barritas Muesli Chocolate,Hacendado,138.0,Spain,2025-03-30,17.87
REC-834363,8967,Garlic Bread,Becky'S,150.0,France,2025-12-16,21.7
REC-971740,14251,,-,180.0,France,2025-01-09,12.58
REC-127214,13611,Tentation,Aiguebelle,100.0,France,2025-03-01,17.34
REC-916183,10405,Barrette Arachidi E Cioccolato Al Latte,Crownfield,96424.0,France,2024-06-21,21.34
REC-314017,5730,Chips,-,180.0,France,2024-03-14,16.16
REC-231756,7090,Wr Shortbread Fingers G,-,200.0,France,2024-03-01,4.18
REC-134748,11048,Organic Oatmeal Dark Chocolate,-,22.0,United States,2024-03-09,10.21
REC-457256,6237,Sea Salt Chocolate,Moser Roth Aldi,180.0,United Kingdom,2024-05-31,7.82
REC-949000,9092,Dark Salted Caramel Vegan Chocolate,Raw Halo,7.0,Gb,2024-12-11,7.54
REC-109016,8773,Bonbons Aux Plantes,Ricola,50.0,France,2025-04-24,17.16
REC-842658,5290,Leader Chips,-,180.0,Morocco,2025-01-27,7.63
REC-435258,5448,Seeded Sourdough Flatbreads,-,180.0,Gb,2024-04-11,12.68
REC-882957,7169,Apple Cinnamon Porridge Oat Bars,Crownfield,825.0,United Kingdom,2024-02-10,12.51
REC-618241,11518,Briochettes Aux Pépites De Chocolat Au Lait,Maître Jean Pierre,500.0,France,2024-07-30,9.83
REC-281837,11573,All Butter Croissants,Taste The Difference,180.0,United Kingdom,2024-10-17,17.11
REC-153948,10919,Avoine Chocolat,Karéléa,150.0,France,2024-05-17,3.86
REC-116839,13509,Giant Buttons,Montezuma'S,90.0,United Kingdom,2025-09-04,9.88
REC-176220,13140,Silvia Duo,Excelo,36.0,Morocco,2026-02-02,9.28
REC-394009,6314,Mini Gaufres Au Chocolat Au Lait,Lightbody,250.0,France,2025-01-10,12.68
REC-237575,10631,Haribo Dragolo,-,750.0,France,2025-03-09,9.85
REC-329651,11948,Brunch Bar Raisin,Cadbury,32.0,United Kingdom,2024-07-26,15.72
REC-709697,10882,Cocktail Sans Sel Ajouté,Carrefour,120.0,France,2025-11-27,21.33
REC-506257,14183,Harvest Snaps Lightly Salted Crispy Baked Veggie Snacks,Calbee,200125567.0,Us,2024-09-16,15.41
REC-204100,6302,Oaties,Nairn'S,160.0,United Kingdom,2024-09-30,10.29
REC-235548,6150,Graze Cocoa Vanilla,-,50.0,Gb,2024-02-25,14.97
REC-912543,5914,Patatas Fritas Sabor Campestre,Hacendado,150.0,Spain,2024-04-26,17.85
REC-569021,8333,Petit Ourson Guimauve,Cemoi,170.0,France,2025-07-13,9.87
REC-239025,6226,Takis Dragon Sweet Chilli,Takis,923.0,Germany,2025-01-20,17.31
REC-260077,11755,Skittles Taste The Rainbow Fruits,Mars,136.0,Marokko,2024-07-12,3.71
REC-365239,9505,Oreo White Protein Bar,Grenade,60.0,Vereinigtes Königreich,2024-12-26,1.13
REC-826388,14165,Rosemary Crackers,Tesco,185.0,United Kingdom,2025-08-02,12.68
REC-817002,12841,Oreo,-,4375.0,India,2024-09-18,20.11
REC-189159,13365,Mini Tartelettes,-,250.0,France,2025-12-15,13.77
REC-970492,7139,Crunchy Cookies,Kinder,817136.0,France,2024-08-31,4.76
REC-613132,7615,Cantuccini Alle Mandorle,Italiamo,300.0,France,2025-03-21,11.24
REC-857303,9481,Pain DÉpices Aux Fruits,Deluxe,400.0,France,2024-03-26,18.62
REC-110909,14221,Crackers Apéritif Blé Complet,Heudebert,250.0,France,2025-02-19,22.57
REC-792833,7940,Excellence Dark Cocoa,Lindt,35.0,France,2025-04-01,1.03
REC-220315,9356,Zanzigliss G,Haribo,300.0,France,2025-12-29,18.32
REC-749948,9108,Biscuits Delacre Cigarettes Russes G,Delacre,200.0,France,2025-02-02,4.04
REC-374713,13698,Galette Maïs Chocolat Au Lait,Gerblé,124.0,France,2024-04-11,17.62
REC-575108,8985,Cake Moeles,St Michel,500.0,France,2025-02-01,9.46
REC-282727,12865,Lotus Gaufres Fourrées Cœur Fondant Vergeoise G XP,Lotus,310.0,Belgium,2024-04-25,8.99
REC-277635,6419,Palets Bretons Spécialité De PontAven Au Beurre,Carrefour,100.0,France,2024-10-28,16.49
REC-722891,14870,Madeleines Moelleuses,Carrefour,500.0,France,2024-06-16,14.94
REC-725125,12909,Vitality Sésame,-,180.0,France,2024-06-16,21.11
REC-526466,8125,Vitality Orange Soja,Carrefour,187.5,France,2024-08-03,12.68
REC-808257,12574,Biscuit Sésame Bio,Chabrior,200.0,France,2024-07-07,21.16
REC-480230,10572,Biscuits Sablés Bio Amandes Citron Paquet De G,U,200.0,Frankrijk,2024-06-24,4.71
REC-945761,12273,Brioche Tressée Tranchée Pépites,Pasquier,500.0,France,2025-08-10,12.68
REC-397859,14018,Biscuits Rose De Reims,Maison Fossier,250.0,France,2025-05-05,22.09
REC-483281,6658,Crackers Emmental Pipas De Calabaza,Carrefour Bio,200.0,France,2024-09-04,21.24
REC-542499,14723,Noisette,Carrefour,125.0,Belgium,2025-07-29,12.68
REC-158707,10636,Chips À La Crevette,Carrefour,75.0,France,2025-07-22,21.09
REC-503962,5250,Madeleines Coquilles,Marque Repère,600.0,France,2024-02-18,8.8
REC-134302,13349,Chocolat Noir Dessert Bio,Bio Village,200.0,France,2024-04-24,3.84
REC-780500,11027,Chocolat Noir Intense Dégustation,Alter Eco,100.0,France,2025-12-16,7.89
REC-262002,10387,Chocolat Au Lait Riz Soufflé,Ethiquable,100.0,France,2025-12-18,21.79
REC-760560,13477,Balisto Miel Amandes X,Balisto,18510185.0,Austria,2024-05-23,24.11
REC-622940,9705,PTit Déj Biscuits Nappés De Chocolat Au Lait,Bn,200.0,France,2024-10-04,16.15
REC-363765,5675,Wotsits,Walkers,141.0,France,2024-09-22,12.68
REC-459206,13428,Mature Cheddar Red Onion Flavour Hand Cooked Crisps,Tesco,150.0,United Kingdom,2025-01-23,8.98
REC-459551,7567,The Original Digestive,Mcvitie'S,400.0,France,2025-05-24,16.88
REC-259772,13395,Pipers Lye Cross Cheddar Onion Crisps,Pipers,150.0,France,2025-01-24,9.9
REC-461969,11039,Browniz,Moulin D'Or,60.0,France,2025-05-28,22.45
REC-594359,11238,Bonbons Ricola Aux Plantes,Ricola,70.0,France,2025-01-19,17.81
REC-680660,7317,Choco Moo,Milka,200.0,France,2025-05-06,20.83
REC-315527,11665,Luflée Alpenmilch,Milka,100.0,Germany,2025-02-18,3.0
REC-708074,8505,Riso Su Riso Croccantezza Integrale,Galbusera,380.0,Italy,2025-10-27,7.11
REC-914960,7458,Granetti Integrali,Barilla,280.0,France,2025-11-07,24.06
REC-600928,5117,Cookies Sin Glúten Sin Azúcares Añadidos,Gullón,130.0,Francuska,2026-01-23,16.42
REC-526531,12808,Speculos,Lotus,225.0,France,2025-03-02,6.97
REC-328260,11900,Chocotom,Tom,190.0,France,2025-03-08,2.12
REC-579906,8972,,Mentos,30.0,Morocco,2024-07-02,12.58
REC-233927,7321,Galleta María Integral,Hacendado,800.0,Spain,2025-12-16,8.59
REC-661899,8524,Duo Crunch Strawberry Yogurt,Belvita,250.0,United Kingdom,2024-02-12,18.21
REC-726163,7852,Matzos Flame Baked Crackers,Rakusen'S Of Yorkshire,300.0,France,2024-07-17,9.06
REC-582339,8517,Croissants,-,8.0,United Kingdom,2025-06-11,18.55
REC-827812,7614,Receta Campesina,Lay'S,130.0,Portugal,2025-08-21,15.78
REC-767435,10890,Sweet Chilli Crackers,Rivercote,100.0,United Kingdom,2025-05-15,19.93
REC-705267,7516,Galleta Crocant Con Copos De Avena Zero,Gullón,280.0,Portugal,2025-08-08,14.95
REC-339894,7647,G Polka Haribo,Haribo,300.0,France,2024-07-19,12.68
REC-568951,10854,Scottish Seeded Oatcakes,Aldi,250.0,United Kingdom,2024-07-04,15.17
REC-816569,13437,Masala Munch,Kurkure,44.0,India,2024-04-06,17.58
REC-250735,12035,Cuquis,Hacendado,80.0,Spain,2025-01-14,23.24
REC-757617,11889,Lotus Biscoff Speculoos Fourré Crème Saveur Vanille G,Lotus,150.0,Belgium,2025-06-04,7.1
REC-136440,13979,Magdalenas Integrales ,Hacendado,200.0,Portugal,2026-02-03,21.78
REC-759596,14529,Saracene,Balocco,700.0,Italia,2025-05-31,2.61
REC-961108,6535,Savane Familial Chocolat Noir,Brossard,310.0,France,2024-12-29,21.57
REC-275926,8095,Digestive Zero Azúcares,Gullón,2245.0,Spain,2025-03-26,19.09
REC-177589,9352,Finest Sea Salt And Black Pepper Crisps,-,1150.0,United Kingdom,2025-12-29,19.01
REC-445276,7810,Trident Peppermint Flavor,Trident,5.0,Morocco,2024-09-07,12.21
REC-111010,7828,Flocons DAvoine,-,5.0,France,2025-02-15,17.81
REC-272885,12736,Tendre Cœur Chocolat,Bonne Maman,300.0,France,2025-09-26,9.43
REC-456735,14655,Sweet Chilli Rice Crackers,Aldi,185.0,United Kingdom,2024-09-14,1.43
REC-692202,9000,Mini Cheddars Original,Jacob'S,45.0,United Kingdom,2024-10-03,12.68
REC-948001,9616,Cracker Salati Con Lievito Madre Mulino Bianco,Mulino Bianco,500.0,En:It,2025-03-08,21.42
REC-848277,6455,Cheese Flavour Potato Snacks,Walkers,616.0,France,2024-05-25,5.05
REC-229671,6852,Fingers,Cadbury,20.0,France,2024-12-07,20.66
REC-190698,10084,Goldbären,Haribo,175.0,Deutschland,2024-10-01,5.25
REC-321026,13459,Barres De Céréales Chocolat Noir,Crownfield,1248.0,Fr,2025-01-21,20.72
REC-403580,13221,Carrot Cake Bars,Bear,427.0,Gb,2024-12-12,3.73
REC-687579,7812,Roasted Salted Peanuts,-,200.0,Gb,2024-08-16,22.57
REC-839107,14101,Superfood Oat Bites Cocoa Orange,Lidl,430.0,Gb,2024-04-14,6.47
REC-221630,13194,Covrigei Italienesti Taralli Cu Masline,Alka,180.0,Romania,2025-11-12,9.74
REC-484163,13921,Tobigo Petit Beurre,Tobigo,100.0,Morocco,2024-04-25,2.53
REC-364226,10941,Tchambi Choco Up,-,180.0,Morocco,2025-01-19,11.4
REC-551244,5829,Leka Gaufre,Mecho,100.0,Morocco,2025-08-15,14.74
REC-901507,13405,Dark Chocolate Nuts Sea Salt,Kind,14.0,Spain,2025-01-06,23.62
REC-771597,6545,Kafferep Aveia,Ikea,600.0,France,2025-05-16,13.14
REC-341113,8175,Grandino Pépites De Chocolat Nougatine,Sondey,200.0,France,2024-11-02,9.89
REC-419021,9284,Salsa Dip Medium,Snack Day,315.0,France,2024-04-01,24.14
REC-574998,8815,Barquette Fraise,Sondey,120.0,France,2024-08-30,3.19
REC-365695,12545,Vegetable Crisps,Crusti Croc,100.0,France,2024-08-21,12.68
REC-297142,10718,La Barquette Chocolat,Lu,120.0,France,2024-08-17,10.37
REC-505913,7430,Nestle Les Recettes De LAtelier Carrés Dégustation Chocolat Noir G,-,210.0,France,2025-03-06,24.91
REC-724380,11601,Carrés Noir Noisette,Côte D'Or,2001020.0,Belgium,2024-12-13,1.19
REC-825001,8891,Caramel Feinherb,-,100.0,Australia,2025-02-09,1.32
REC-377355,14141,Petits Coeurs ChocoCroc,Lu,90.0,France,2024-07-05,15.81
REC-722753,5763,Croquant Miel Sésame,-,162.0,France,2024-12-11,18.15
REC-934813,6408,Biscuit Moelleux Pomme Saveur Framboise,Gerblé,138.0,France,2024-05-09,13.2
REC-631616,9824,Petit Muffins,Bonne Maman,235.0,France,2024-05-28,22.51
REC-228167,5689,Cookies Nougatine G,Chabrior,200.0,France,2024-10-24,2.83
REC-483798,12116,Tubo Sticks Bretzels,Bouton D'Or,300.0,France,2025-02-22,3.4
REC-272517,5737,Tuiles Goût Crème Et Oignon Boîte De G,U,170.0,France,2024-10-12,21.0
REC-123614,11404,Céleri Rémoulade À La Moutarde À LAncienne,Pierre Martinet,300.0,France,2025-08-29,7.49
REC-156736,13402,La Gourmande,Intersnack,120.0,France,2024-07-02,7.03
REC-658399,6968,Tartines Craquantes Bio Cacao,Ekibio,160.0,Belgium,2025-08-16,5.93
REC-919466,10133,Chocolat Noir Bio,Kaoka,100.0,France,2025-08-17,18.99
REC-132331,11844,Chocolate Negro Con Almendras Caramelizadas,-,180.0,France,2024-11-28,11.49
REC-107465,6265,PetitBeurre Bio,Bio Village,150.0,France,2025-07-14,12.69
REC-209311,8625,,Carambar,180.0,Frankrijk,2024-06-20,12.58
REC-860847,14432,Speculoos Sans Sucres,Karéléa,250.0,France,2024-06-07,2.13
REC-659596,6768,Gaufrettes Chocolat,Jardin Bio,200.0,France,2024-04-09,18.82
REC-216366,7245,,Maretti,70.0,Romania,2025-05-02,12.58
REC-323342,11321,Kitkat Fingers Barre Au Chocolat Au Lait G Unitaire,Nestlé,415.0,France,2024-06-20,12.97
REC-167820,12390,Mr Tom Peanuts In Caramel,Mr. Tom,40.0,France,2026-01-17,24.21
REC-938275,13212,MMS Erdnuss,M&M'S,220.0,France,2024-06-17,12.68
REC-923677,8000,Butter Broiche Rolls,Tesco,256.0,France,2025-01-10,4.13
REC-447844,10815,Speculoos Original Format Familial,Lotus,7506125.0,United Kingdom,2025-10-08,10.06
REC-456435,12920,MMS Biscuit,M&M'S,19810198.0,France,2024-12-26,23.06
REC-945508,9793,Prince Mini Gâteau,Lu,200.0,France,2025-10-20,12.68
REC-586240,7023,Chocolat Villars Noir Sans Sucre Ajouté G,Villars,100.0,France,2024-07-11,2.91
REC-540364,12641,Chocolat Noir Pour Préparation Pâtissière,Nestlé,205.0,Belgium,2024-11-11,12.68
REC-226542,6725,,Oreo,176.0,France,2024-05-25,12.58
REC-164984,13783,Granola Cœur Extra Moelleux Chocolat,Granola,312.0,France,2026-01-19,17.97
REC-104497,10449,Happy Cow,Milka,100.0,Austria,2025-11-01,8.63
REC-345618,11285,Barritas Con Proteínas Sabor Coco Y Chocolate,Enervit,120340.0,France,2024-11-14,23.7
REC-976212,12982,Grand Italia Pesto Alla Genovese,Grand' Italia,185.0,Belgium,2024-06-26,6.3
REC-503614,7543,Cracker Integrali,-,500.0,France,2025-03-11,12.68
REC-931430,11719,Peak Fish Crackers G,Gullón,250.0,France,2025-05-26,24.87
REC-488077,13198,Dibus Sharkies Imp,Gullón,250.0,Alemania,2024-03-12,3.84
REC-677236,8127,Mary Trini ,Excelo,300.0,France,2024-10-17,15.8
REC-254479,13119,Dark Chocolate,Tesco,185.0,United Kingdom,2025-05-13,13.63
REC-424351,13391,Crunchy Toffee Popcorn,Butterkist,170.0,France,2025-01-07,12.68
REC-976121,10888,Brioche Tressée Aux Perles De Sucre,-,450.0,France,2024-05-04,22.58
REC-140088,6229,Dark Chocolate Nut,Be Kind Protein,50.0,Finland,2025-12-03,6.72
REC-156633,14488,Kanel Gifflar,Pågen,300.0,Denmark,2024-09-02,8.94
REC-167969,7222,Cococoa,Toren,180.0,Morocco,2025-08-19,23.41
REC-304894,14217,Biscuits Charcuterie Chorizo,Michel Et Augustin,90.0,France,2024-07-13,3.29
REC-108252,7792,Nut Bar Cashew Pumpkin Raisin,2 Keep Natural Bites,330.0,France,2024-05-29,18.17
REC-361896,13440,Caramelised Biscuits,-,250.0,United Kingdom,2024-09-29,17.38
REC-219709,6125,Cuor Di Mela Mulino Bianco,Mulino Bianco,300.0,Italia,2025-08-19,15.75
REC-487590,8703,Petit Beurre,Bé,300.0,Morocco,2025-11-29,1.82
REC-869438,8820,Biscuits À LAvoine Complète Et Aux Pépites Chocolat Bio G,U,130.0,France,2024-09-14,21.03
REC-291132,6561,Citron Mélisse,Ricola,525.0,France,2024-11-21,10.56
REC-310269,12291,Curly Donut,Vico,160.0,Fr,2024-10-20,22.11
REC-988097,9048,Nutella Biscuits🍪,Nutella,207.0,France,2024-12-28,5.93
REC-659979,8038,Süßes Schokolade Edelbitter ,Aldi,125.0,Deutschland,2024-07-02,8.56
REC-433235,6089,Barre De Céréales Pomme Verte,Crownfield,825.0,Fr,2024-04-07,21.92
REC-649280,5245,Crunchy Peanut Butter,Clif Bar,68.0,France,2025-08-05,1.41
REC-653226,10046,Rice Bar Dark Chocolate,Lifestyle,180.0,Belgium,2025-08-24,9.59
REC-254398,6320,Brioche Muffin Bio X G Blg,La Boulangère,250.0,France,2024-05-07,2.56
REC-979422,5217,Soft Bakes Red Berries,Belvita,250.0,United Kingdom,2025-09-26,3.8
REC-225569,5090,Smooth Milk,Galaxy,100.0,United Kingdom,2025-02-25,12.68
REC-993375,10684,Fruit Splits Raspberry Pineapple,Bear,427.0,United Kingdom,2025-12-13,7.34
REC-729133,11616,Barre Cranberry,Raw Bar,330.0,France,2024-03-07,12.27
REC-953041,14483,Raw Bar Salted Caramel Flavour,-,330.0,Netherlands,2025-03-11,7.31
REC-576667,13552,Fluffy White,-,180.0,Morocco,2024-07-14,10.52
REC-275994,12852,Cigarettes Russes,Delacre,230.0,France,2025-04-24,12.68
REC-466325,9066,Original Popcorn,Skinnypop,18.0,France,2024-06-22,12.24
REC-156725,9388,Bolachas Recheadas Framboesa,Sondey,300.0,France,2024-12-01,2.71
REC-880936,9674,EdelrahmGanzeMandel,Fin Carré,200.0,France,2025-02-27,17.8
REC-971006,5414,Salsa Mexicana Style Spicy Dip,-,315.0,União Europeia,2025-12-15,12.68
REC-187810,5476,Chocolat Noir,Fin Carré,2200.0,Belgium,2024-10-24,7.08
REC-816720,6080,Taboulé Au Poulet À La Ciboulette,Saladinettes,500.0,France,2024-10-18,8.32
REC-726190,5795,Cookies Trois Chocolats,Sondey,200.0,France,2024-08-09,20.85
REC-979947,6641,Bio Knäckebrot,Grafschafter,200.0,França,2024-02-23,23.84
REC-362815,10145,Milk Chocolate Lidl,-,125.0,France,2025-11-30,5.74
REC-542248,10441,Mikado Chocolat Noir,Lu,75.0,Belgium,2025-06-01,11.08
REC-140403,7804,Crème Caramel,Nestlé,4004100.0,France,2025-06-27,20.06
REC-103766,8581,Extra Velouté Blanc,-,100.0,Australia,2024-04-19,22.53
REC-603717,10188,Biscuits Goût Chocolat,Bn,5902295.0,France,2025-04-16,15.99
REC-775875,5503,Haricots Happy Life,Haribo,275.0,Belgium,2025-07-01,15.61
REC-368603,7270,LayS DS Bugles Goût Nature Format Familial,Lays,150.0,France,2024-07-03,7.29
REC-459837,5466,Gerblé Sans Sucres Génoise Chocolat Saveur Framboise,Gerblé,140.0,France,2025-06-22,4.99
REC-185395,12017,Galletas De Arroz Inflado Rellenas De Chocolate Y Avellana,Carrefour Bio,620.0,Belgium,2025-10-24,18.6
REC-722702,7352,Vitality Figue,Carrefour,200450.0,France,2025-07-05,11.03
REC-156182,14156,Crackers Emmental Et Graines De Courge X Bio,Chabrior,200.0,France,2024-03-02,9.73
REC-776407,5714,Chocolat Noir Bio,Kaoka,100.0,France,2025-06-06,8.09
REC-898285,7317,Les Palets Recette À La Madeleine,Carrefour,125.0,Belgium,2025-04-20,2.98
REC-788835,10520,Bizcocho Con Fruta,Carrefour,300.0,France,2024-04-16,20.3
REC-306066,12047,Cuillers À Pâtisserie Aux Œufs Frais,Marque Repère,300.0,France,2024-04-20,19.95
REC-861950,10291,Tortillas Chips,Marque Repère,300.0,France,2024-12-04,19.73
REC-979302,6302,Crackers Épeautres Graines,Bio Village,200.0,France,2024-09-04,6.37
REC-554475,12913,Chocolat Lait Commerce Équitable,Ethiquable,100.0,France,2024-06-11,15.69
REC-697206,5837,Chocolat Lait Nature Tendre Et Fondant,Ethiquable,100.0,France,2025-01-14,1.13
REC-533513,14506,Lotto Classic Snack,Best Foods,80.0,France,2024-11-18,15.23
REC-567009,7480,Halbbitter,Ritter Sport,100.0,Österreich,2025-11-13,11.5
REC-904442,12930,,Schogetten,100.0,Дания,2025-06-09,12.58
REC-558109,7120,Süßes Giotto Haselnuss,Ferrero,217.5,France,2024-11-28,8.14
REC-222045,9789,Kipferl,Bahlsen,168.0,France,2024-11-30,4.06
REC-567580,8617,Milka Noisette,Milka,100.0,Austria,2024-07-25,14.18
REC-545790,5940,Fromage Emmental Graines De Courges,Dr. Karg'S,200.0,France,2024-04-12,18.07
REC-570729,14209,Balisto Fruits Des Bois X,Balisto,185.0,France,2024-07-17,4.54
REC-633408,5812,Digestives Dark Chocolate,Mcvitie'S,266.0,France,2024-09-17,10.0
REC-686110,14796,Mango Chilli Chutney Poppadoms,Walkers,825.0,France,2025-07-07,12.68
REC-225043,10065,Cashew Cookie Fruit Nut Bar,Nakd,35.0,Royaume Uni,2025-02-01,21.14
REC-210223,11335,Pure Fruit Yoyo Raspberry,Bear,20.0,Czech Republic,2024-08-09,3.85
REC-842549,7582,Dark Intense,Heidi,180.0,Bulgaria,2024-06-21,23.58
REC-652519,12167,Ambassadeur,Bimo,100.0,Algeria,2024-10-13,13.02
REC-633648,6875,G Ricola Alpin Fresh,Ricola,50.0,France,2024-12-22,20.67
REC-224217,7437,Rocher Aux Amandes,Kambly,125.0,France,2024-08-15,3.5
REC-312716,5536,Calendrier De LAvent Au Chocolat,-,184.0,France,2025-01-16,10.55
REC-376614,6096,Gocciole Extra Dark,Pavesi,350.0,France,2025-10-20,23.62
REC-197496,14183,Macine Con Panna Fresca,Mulino Bianco,315.0,Canada,2024-06-08,10.36
REC-575359,12614,Mini,Chips Ahoy!,160.0,France,2024-02-22,11.13
REC-620872,9342,Huesitos Original,Valor,10.0,France,2025-01-11,5.23
REC-679794,6751,Canadian Maple Syrup,Nature Valley,4042.0,United Kingdom,2024-10-22,12.68
REC-341686,8799,Tortas De Aceite,Inés Rosales,180630.0,Spain,2025-10-18,11.26
REC-527915,8239,Cheetos Big Chipito Saveur Fromage,Cheetos,100.0,France,2025-02-12,9.43
REC-255561,12611,Freshmint,Frezzh,50.0,France,2025-12-07,4.31
REC-753335,10200,Pop Corn Sweet,Butterkist,100.0,United Kingdom,2025-07-30,19.55
REC-361794,7041,G Poulain Pralinoise,-,180.0,France,2024-06-07,14.58
REC-225051,9130,Patatas Fritas,Leader Chips,100.0,Morocco,2024-08-11,18.5
REC-478830,7211,Mentos Pure Fresh,Mentos,3013.0,France,2024-02-26,7.54
REC-412060,7902,,Hacendado,200.0,Spain,2024-10-27,12.58
REC-573586,11267,Moser Roth Chocolate,Moser Roth,525.0,Gb,2025-11-04,13.89
REC-431848,10781,Doritos Sweet Chilli Pepper Flavour,Doritos,180.0,Belgium,2025-02-10,3.33
REC-152690,9291,Sweet Sriracha Chilli Lentil Chips,Proper,85.0,Verenigd Koninkrijk,2024-04-06,22.57
REC-773512,5099,Солети,Златна Добруджа,250.0,Bulgaria,2024-05-06,12.58
REC-611123,13356, Noir Intense,Auchan,45.0,France,2024-11-03,2.66
REC-840930,13432,,Lidl,45.0,Bulgaria,2024-09-29,12.58
REC-765084,6849,Finger Biskiivi,Süsse,180.0,Turkey,2025-06-24,15.94
REC-284541,12098,Nestle LAtelier Tablette Chocolat Noir Myrtilles Amandes G,Nestlé,170.0,France,2025-06-23,21.79
REC-865265,10024,Chocolat Noir Extra Fin ,Macao,180.0,Morocco,2024-05-18,11.56
REC-800312,11549,Leader Chips Fromage,Leader Chips,100.0,Morocco,2025-11-18,15.56
REC-102364,12622,Petits Beurre,Jardin Bio,150.0,France,2026-01-02,4.85
REC-763991,13830,Peanut Butter Dark Chocolate,Be Kind,40.0,Finland,2024-05-15,8.18
REC-634524,6875,Wheat Thins Whole Grain,Mondelez,85.0,United States,2026-01-28,11.5
REC-965546,12125,Biscuits Fourrés Goût Chocolat Au Lait,Bn,285.0,France,2025-05-04,7.93
REC-272923,6584,Bn Goût Framboise,Bn,317.5,France,2026-02-01,6.82
REC-485266,11353,Corn Thins,Sainsburys,180.0,United States,2025-09-20,15.6
REC-183187,10686,Sour Cream Chive Flavour Rice And Corn Snack,Snack A Jacks,5.0,Gb,2025-03-06,9.44
REC-550052,10756, Pains Au Chocolats,Maître Jean Pierre,375.0,France,2024-08-31,20.23
REC-115792,10227,Le Petiy Biscotte Crunchy Cinnamon And Brown Sugar Biscuits,Lu,200.0,Gb,2024-10-09,12.04
REC-877493,12543,Tortilla Chips,Lidl,200.0,United Kingdom,2024-02-14,8.99
REC-224121,12228,Sablé Canelle,-,180.0,Morocco,2024-08-08,1.83
REC-974262,10923,Biscuits Fourrés À La Noisettes Et Cacao Sans Sucre,Gerblé,180.0,Fr,2025-10-31,24.27
REC-425720,11725,Dairy Milk Fruit Nut,Cadbury,128.5,Gb,2025-06-01,2.09
REC-258516,7471,Chocolate Negro,Nestlé,115.0,Spain,2024-02-08,19.15
REC-603778,10415,Mint,Skinny Whip,520.0,Ireland,2025-01-27,6.07
REC-896377,8111,Manomasa,Manomasa,140.0,Ireland,2025-05-10,24.79
REC-320770,10222,Halls Cherry,Mondelez,153.5,Egypt,2024-12-16,22.69
REC-275442,11970,Lively Lemon Oat Boosts,Graze,50.0,Gb,2025-10-25,21.56
REC-498256,6295,Lemon Blueberry,Graze,100.0,United Kingdom,2025-12-06,15.59
REC-478281,7753,Bourbon,Britannia,60.0,India,2025-01-14,1.21
REC-729722,12587,Sour Shox,-,140.0,United Kingdom,2024-06-01,21.85
REC-227428,11032,Pick Up Original,Pick Up!,140528.0,United Kingdom,2025-01-09,19.18
REC-909357,7507,Marbú Dorada Azúcares Añadidos,Artiach,400.0,Marruecos,2024-03-20,21.62
REC-818715,5326,Cookies Chocolat Noir,Céliane,150.0,France,2024-03-31,12.68
REC-119367,11058,,Lu,200.0,France,2025-02-17,12.58
REC-905023,9008,Shortbread Highlanders,Walkers,200.0,France,2024-11-18,13.39
REC-505546,14834,Ritz Crackers The Original,Mondelez International,137388.0,United States,2024-06-04,15.49
REC-657196,10804,Corn Muffin Mix,Jiffy,180.0,United States,2025-01-20,7.96
REC-224219,5041,Panda Liquorice,Panda,32.0,France,2024-12-27,6.48
REC-863013,10937,Cookies Aux Pépites De Chocolat,-,200.0,France,2024-10-17,3.69
REC-619067,13299,Arlequin Original,Lutti,25.0,France,2024-09-19,21.74
REC-920009,5794,Bénénuts Twinuts Original,-,150.0,France,2024-05-23,20.3
REC-412474,12679,Cocottes Chocolat Et Graines Bio,St Michel,140.0,France,2024-07-12,11.3
REC-777724,14715,Madeleines Moelleuses,St Michel,250.0,France,2025-06-14,23.74
REC-387941,5781,Galettes Au Bon Beurre,St Michel,208.0,France,2024-05-10,21.27
REC-384511,5290,Mini Brioches Tressées,Harris,210.0,France,2024-09-03,9.59
REC-268081,11735,Crackers Espelta Semillas,Carrefour Bio,200.0,France,2024-05-17,12.68
REC-940034,12487,Coleslaw,Monique Ranou,300.0,France,2024-08-28,7.63
REC-757456,13566,Gaufres Fourrage Au Miel Bio,Chabrior,175.0,France,2025-11-27,7.79
REC-409619,9761,Cookies Tout Chocolat,Carrefour,200.0,Belgium,2026-01-31,18.66
REC-439800,6255,Noir Noisettes Entieres,Carrefour Extra,200.0,Belgium,2025-06-30,14.81
REC-908156,12165,Sablés Au Deux Céréales Chocolat Lait,Carrefour Bio,160.0,France,2025-08-24,22.68
REC-479940,14012,Déli Matin,Marque Repère,600.0,France,2024-06-06,5.71
REC-596701,9177,La Gâche Tranchée Au Sucre X Tranches,La Fournee Doree,180.0,France,2025-02-03,1.33
REC-995175,13989,Croquettes De Poisson Msc Ail Et Fines Herbes,Findus,300.0,France,2024-09-22,5.61
REC-713914,10633,Poulain Noir Extra,Poulain,300.0,France,2026-01-14,8.33
REC-715226,6213,Fine Et Gourmande Lait Français,Fine Gourmande,100.0,France,2025-09-11,16.39
REC-600120,14522,Pain Lait Bio Nature X G,Bien,280.0,France,2024-06-24,22.86
REC-336168,11609,Chocolat Noir Extra,Ethiquable,100.0,France,2025-10-16,17.4
REC-635877,11796,Tablette De Chocolat De Cacao,Grain De Sail,100.0,France,2024-07-15,13.99
REC-793869,13117,Corny SchokoBanane Müsliriegel,Corny,150.0,Austria,2025-09-06,11.46
REC-729454,5907,Süßes Kekse Hobbits Kernig,Bahlsen,250.0,France,2024-02-20,3.56
REC-710421,5680,,Werther'S Original,50.0,Belgium,2024-06-04,12.58
REC-795417,10431,Cream Crackers,Barber,300.0,France,2025-05-06,6.15
REC-991261,13519,Menier Swiss Dark Chocolate,Menier,100.0,France,2024-03-07,13.87
REC-456070,9654,Smiths Scampi Lemon Snacks,Smiths,180.0,France,2024-12-08,18.81
REC-593710,5324,Centwafers,Lu,45.0,Belgium,2024-10-06,15.5
REC-807443,8334,PimS Fraise Touche De Fraise Des Bois,Lu,150.0,France,2025-07-08,12.68
REC-881762,5157,Sans Gluten Et Sans Lactose,-,240.0,Belgium,2024-05-02,1.69
REC-828818,6585,Ovomaltine Barres,Ovomaltine,100.0,France,2024-04-03,3.9
REC-198426,7619,Granola Barre Extra Cookie,-,180.0,France,2024-09-13,5.42
REC-735262,5718,Toblerone,Toblerone,360.0,France,2025-12-14,16.18
REC-335006,11415,Barre Chocolatée Kinder Bueno Chocolat Au Lait,Ferrero,215.0,France,2026-01-11,16.49
REC-235171,13348,Bonbons Tic Tac X Pastilles Menthe Extra Fraîche G,Ferrero,54.0,France,2024-04-27,5.99
REC-126795,9570,Plazma,Bambi,7.0,Serbien,2024-05-15,23.37
REC-191439,5618,Dairy Milk Little Bar,Cadbury,128.5,France,2025-12-08,12.06
REC-879240,12575,Crunchy Toasts Seigle Complet Sésame,Carrefour,187.5,France,2024-04-18,20.68
REC-742761,6728,Cacahuètes Grillees Salees,Carrefour Classic',180.0,Belgium,2024-05-09,17.0
REC-182506,12279,Salted Caramel Bar,Nakd,140.0,Belgium,2024-03-07,3.45
REC-947426,14139,Spécial Matin Sarrasin Fibre,Ekibio,230.0,Belgium,2024-02-06,1.85
REC-624868,12311,Galbusera Frollino Vitagi Alcalinizzante,Galbusera,300.0,Italia,2024-05-21,15.81
REC-340816,9476,Kitkat Chunky,Nestlé,440.0,Gb,2025-07-08,12.68
REC-575916,14969,Frita Saveur Paprika,Frita,15.0,Morocco,2025-06-28,7.72
REC-273523,7790,Chips Saveur Sauce Pommes Frites,Brets,125.0,France,2024-10-18,18.34
REC-221747,12343,,Gullón,150.0,Morocco,2024-02-05,12.58
REC-635011,10128,Wortsits Giants Really Cheesy,Walkers,130.0,United Kingdom,2026-02-03,1.38
REC-151480,7036,Pomme,Marque Repère,200.0,France,2025-09-26,22.54
REC-540709,10615,French Fries Ready Salted,Walkers,21.0,United Kingdom,2025-09-19,18.47
REC-881893,6340,Protein Flapjacks Salted Caramel,Trek,200.0,Reino Unido,2024-06-25,9.95
REC-299690,11554,Gullon Zero Wafer Vanilla,Gullón,60.0,Spain,2024-09-13,13.44
REC-478544,11024,Carrot Cake Soft Oaty Bars,-,625125.0,Gb,2026-01-09,7.22
REC-165693,10054,Kiddylicious Cheesy Straws Saveur Fromage G XG,Kiddylicious,48.0,Gb,2024-11-22,9.56
REC-679095,13872,Peruvian Dark Chocolate,Asda,215.0,United Kingdom,2025-05-24,12.54
REC-470114,13424,Mozart Kugeln,J.D. Gross,200.0,France,2025-11-03,18.91
REC-623255,10622,Chocolate Con Leche ,Trapa,80.0,Marruecos,2024-10-26,15.75
REC-978198,6480,Ready Salted Crisps,Tesco,625.0,France,2025-02-06,7.39
REC-400651,12060,Doritos,Doritos,280.0,France,2024-02-07,7.92
REC-508622,12636,Chocolate Orange Oat Biscuits,Nairn'S,200.0,United Kingdom,2025-03-29,15.79
REC-705609,11936,Water Biscuits,-,180.0,United Kingdom,2025-08-14,12.68
REC-239402,8668,Galletas Divertidas,-,180.0,Spain,2024-07-09,10.34
REC-631780,7582,Milka Chips Ahoy Chocolate,-,100.0,Morocco,2024-08-27,21.47
REC-639918,8138,Crunchy,Nature Valley,42.0,France,2025-10-10,10.72
REC-598647,7321,LOriginal Fingers,Cadbury,138.0,France,2024-10-31,8.24
REC-795928,14428,Haferkraft Zero Kakao ErPack,Corny,140435.0,Deutschland,2025-10-07,6.84
REC-995010,7877,Chipsfrisch Peperoni,Funny-Frisch,150.0,Germany,2025-06-18,14.45
REC-416656,13124,,-,100.0,Romania,2025-12-16,12.58
REC-864408,13792,La Pause Chocolat,Bonne Maman,62235.0,Fr,2024-05-05,12.68
REC-560140,12615,Snacks Poppés Lentilles Pois Cassés Et Quinoa Sachet G,U,70.0,France,2024-11-02,21.97
REC-861436,9046,Drumstick Squashies,Swizzels,140.0,United Kingdom,2024-07-23,4.7
REC-529810,7037,Pringles Hot Cheese,Pringles,160.0,France,2025-05-10,22.14
REC-567924,10587,Original,Cheez-It,124.0,United States,2024-03-06,22.19
REC-378832,13699,Pringles Original,Pringles,10052.0,Bolivia,2025-09-27,3.67
REC-183489,9121,Tartines Craquantes Riz Et Quinoa,Bisson,19014.0,Belgium,2024-07-21,20.91
REC-370007,12505,Tiramisu,Deluxe,170.0,Bulgaria,2025-05-12,6.99
REC-437363,6575,La Cerise,Lidl,165.0,France,2024-06-19,13.44
REC-160738,10868,Envitas Fraise Yaourt,Sondey Envitas,180.0,France,2025-03-16,2.81
REC-495254,6484,Cachou,Lajaunie,6.0,France,2024-12-22,1.05
REC-489036,10106,Pépito Pépites,Lu,300.0,France,2025-11-17,18.62
REC-925128,5609,Bledina Mon Premier Boudoir,-,120.0,France,2025-11-15,19.07
REC-559723,13477,Macedoine De Legumes G,-,320.0,France,2025-08-18,6.74
REC-736521,12518,Biscuit Quinoa Cacao,Gerblé,132.0,France,2025-04-15,24.14
REC-488195,11903,Galette Riz Chocolat Noir,Gerblé,1304.0,France,2024-09-27,14.08
REC-136944,11205,Pâtes De Fruits,Gerblé,180.0,France,2025-02-19,15.91
REC-658131,6086,Bonne Maman Mini Marble Cake Chocolat G Oz,Bonne Maman,300.0,France,2024-12-14,10.03
REC-195641,11606, Fourrés Ronds Chocolat G Crok PTits Prods,Chabrior,300.0,France,2025-05-12,3.22
REC-477705,7824,Pains Au Lait X G,U,350.0,France,2024-11-10,13.06
REC-877616,8981,QuatreQuarts,Ker Cadélac,200.0,France,2025-04-12,22.3
REC-262652,7060,Ker Cadélac Madeleines Maxi Chocolate Chips G Oz,-,6002425.0,France,2024-11-18,6.7
REC-256300,13336,Pétales,Carrefour,75.0,Belgium,2026-01-29,3.82
REC-913748,13782,Authentique Noir Bio ,Moulin Des Moines,100.0,France,2024-07-10,14.99
REC-440765,10116,Feigen Crackers,Le Pain Des Fleurs,150.0,Belgium,2024-10-02,18.22
REC-722425,14944,Classic,Carrefour,175.0,France,2024-07-21,20.95
REC-637715,8327,Le Petit Beurre,Marque Repère,300.0,France,2024-07-07,23.61
REC-183626,14133,Brioche Tranchée Nature,Marque Repère,500.0,France,2025-04-28,6.19
REC-407949,14581,Brioche Tranchée,Marque Repère,700.0,France,2024-05-23,21.63
REC-466071,12730,GomS,Gom'S,265.0,France,2024-05-20,2.78
REC-301004,13796,Chocolat Lait Forte Teneur Cacao,Madagascar,100.0,France,2024-03-13,11.91
REC-516482,5538,Petits Beurre Comté Et Poivre Noir De Madagascar,Michel Et Augustin,100.0,France,2024-08-31,12.68
REC-613650,7142,Finest Selection Mandel Knusper Vielfalt,Merci,250.0,Österreich,2024-03-27,24.49
REC-676237,9441,Green Plantain Chips Salted,-,85.0,United Kingdom,2024-10-04,13.42
REC-312129,9887,Barres Extra KelloggS Choco Amandes XG,Kellogg'S,128.0,Belgium,2025-05-10,14.12
REC-716505,10599,Elephant Pretzels With Salt,Elephant,80.0,Croatie,2024-08-31,12.68
REC-817683,9838,Chocolat Noir,Macao,180.0,Morocco,2025-08-09,11.05
REC-872039,6811,Bonbons Suisses Aux Plantes Menthol Sans Sucres,Ricola,70.0,France,2025-04-06,1.62
REC-683264,13105,Milka Mmmax Noisettes Entières,Milka,150.0,Belgium,2024-05-05,6.2
REC-302299,11929,Ferrero Rocher Fines Gaufrettes Enrobees De Chocolat Au Lait Et Noisettes Avec Noisette Entiere Pyramide De Pieces,Ferrero,350.0,France,2024-08-02,8.05
REC-372150,11789,Bonbons Tic Tac Pastilles Menthe Extra Fraiche G,Ferrero,49.0,France,2025-06-29,5.62
REC-975801,8497,Original,Mondelez International,1044.0,Austria,2025-04-28,2.94
REC-928383,6613,Pandorino Cacao,Dulcesol,45.0,France,2024-07-19,5.6
REC-925825,13659,Sandwich Sabor Yogurt Con Avena Y Frutos Rojos,Gullón,220.0,Spain,2024-03-12,15.38
REC-717195,5271,Cacahuetes Chocolate Negro,Casa Pons,250.0,Spain,2024-12-28,12.68
REC-538487,8265,Kitkat,-,180.0,France,2024-07-23,20.73
REC-672633,5847,Hint Of Salt,Nabisco-Triscuit,240.0,France,2024-08-22,14.98
REC-756239,13079,Leader Chips,-,180.0,Morocco,2025-10-01,8.33
REC-507312,7577,Baked Squeezed Pretzels,Elephant,1.0,Germany,2025-11-01,12.68
REC-201468,14892,Whole Grain Super Seeded Cracker,Nairn'S,137.0,France,2026-01-05,18.26
REC-405699,11208,Chicles,Mentos,30.0,France,2025-06-25,3.65
REC-188836,10229,Wafers Chocolate Azúcares,Florbú,160.0,Chile,2024-07-04,20.54
REC-618463,13837,Tostada Petit,Gullón,250.0,Switzerland,2025-08-13,13.51
REC-574499,14190,Prawn Crackers,Asia Green Garden,100.0,Germany,2025-09-18,23.04
REC-446034,14284,Prosport Barre Cacahuètes 🥜Et Caramel Salé,Eat Natural,345.0,Fr,2024-05-12,7.18
REC-511807,12459,Les PTits Curieux Barres Cookies Choco Noisettes,Bjorg,1408.0,France,2024-06-13,23.71
REC-455222,10484,Encas Équilibré,Gerlinéa,93.0,France,2026-02-02,23.22
REC-533248,12515,La Madeleine Cœur Framboise,Bonne Maman,300.0,France,2025-12-05,13.01
REC-796087,7177,Lightly Salted Tortilla Chips,Everyday Essentials,200.0,United Kingdom,2025-10-19,5.09
REC-873749,13441,Galette Moelleuse Chocolat Au Lait,St Michel,180.0,France,2025-02-24,8.21
REC-981704,8021,Barre Moelleuse Cranberries Noisettes,Belvita,250.0,France,2024-05-03,11.73
REC-191071,5479,Abbracci,Barilla,350.0,France,2024-05-10,2.71
REC-327209,6442,Noir Noisettes Et Amandes Caramélisées,Côte D'Or,100.0,France,2025-02-15,23.51
REC-815047,6745,Savane Max Barr,Brossard,210730.0,Fr,2025-07-29,24.07
REC-238702,11191,MccoyS Ridge Cut Salt Malt Vinegar Flavour Potato Crisps,Mccoy'S,45.0,United Kingdom,2024-02-27,19.25
REC-155513,7499,Alpenmilch,Ritter Sport,100.0,Germany,2025-10-12,6.33
REC-411415,8156,Biscuit Pavot Goût Passion,Bjorg,130.0,France,2025-01-12,3.83
REC-361998,11067,ParleG Gold G,Parle,50.0,India,2025-10-25,18.02
REC-438617,6967,Barritas De Chocolate Blanco,Hacendado,200.0,Spain,2026-01-10,8.31
REC-996928,7996,Chocolate Negro ,Hacendado,150.0,Marruecos,2025-09-11,7.32
REC-721694,14794,Snickers,Mars,417.0,United Kingdom,2025-09-24,17.99
REC-743959,7002,Gaufres Au Miel,Carrefour,175.0,France,2024-07-29,16.0
REC-457749,6480,Les PTites Madeleines Nature,Ker Cadélac,412.0,France,2024-05-11,12.68
REC-972201,8408,CoOp Shortbread Fingers G,Coop,20.0,United Kingdom,2024-09-23,21.28
REC-496506,10963,Roasted And Salted Peanuts,Alesto,400.0,United Kingdom,2024-07-08,6.9
REC-475535,6431,Pop Corn Sucre De Canne,Vico,240380.0,France,2025-09-07,12.91
REC-493372,8826,Multigrain Crackers,Tesco,185.0,United Kingdom,2025-05-27,10.16
REC-961684,5886,Orange Dark Chocolate,Tesco Finest,100.0,United Kingdom,2024-12-15,2.01
REC-686191,6806,Mint Dark Chocolate,Tesco Finest,100.0,United Kingdom,2024-03-01,17.2
REC-460306,12728,Fruit Fibre Bars Apple Cinnamon,-,344.0,United Kingdom,2024-12-01,20.44
REC-822607,9112,Dark Chocolate Corn Thins X G,-,130.0,France,2024-12-09,19.17
REC-989368,13822,Chocolate Chip Shortbread,-,125.0,France,2025-11-14,12.68
REC-302228,6517,All Butter Flapjacks,Marks & Spencer,320.0,France,2024-12-07,2.11
REC-564580,6016,Fresh Stacks The Original,Ritz,118.0,United States,2024-03-07,12.68
REC-937044,12099,Chocolate Chip,Clif Bar,24068.0,Australia,2024-10-21,23.71
REC-193413,8255,Mini Marzipan Butterstollen Konfekt Classic,Favorina,350.0,France,2025-03-28,12.68
REC-254903,7069,Tablette De Chocolat Noir,Fin Carré,100.0,France,2025-10-15,2.27
REC-808321,12433,Popcorn Süss,Snack Day,3100.0,France,2024-11-23,20.71
REC-247138,10718,Coeurs Pain DÉpices Chocolat Noir,Favorina,300.0,Czech Republic,2024-04-27,9.52
REC-250995,10686,Caramel Et Biscuit,Krüger,558.0,Denmark,2025-05-08,22.02
REC-521773,7656,Cookies Haselnusscreme Schokolade,Lidl,200.0,Bulgaria,2025-05-13,12.68
REC-231322,6575,Avena Digestive,Aurada,425.0,Spain,2024-09-07,14.93
REC-674125,9358,Pitted Ripe Olives,Crespo,180.0,ประเทศฝรั่งเศส,2025-08-17,12.68
REC-987210,14765,Dragibus,Haribo,40.0,Belgium,2025-10-29,1.59
REC-879118,11703,Surfizz Goûts Fruits,Lutti,2.0,France,2024-07-19,4.82
REC-414781,9649,Chips Saveur Barbecue,-,45.0,France,2025-07-20,7.39
REC-541536,12438,Gerble Gluten And Lactose Free Madeleines G Oz,Gerblé,200.0,France,2024-12-28,24.34
REC-113940,5068,Brownie À La Française Chocolat 🍫,St Michel,240.0,France,2024-07-17,13.42
REC-669510,9854,Bonne Maman Coconut Croquants G Oz,Bonne Maman,300.0,France,2025-09-22,23.57
REC-719430,7265,Lunettes Myrtille,Bjorg,200.0,France,2025-05-06,21.34
REC-121626,12916,Fourrés Duo Cacao,Bjorg,182.0,France,2025-01-18,8.63
REC-643869,8398,Sablé Amande Saveur Citron G Bio,Chabrior,200.0,France,2025-04-17,17.04
REC-749970,5317,Tablette Dégustation Chocolat Noir G,Ivoria,100.0,France,2025-08-01,23.2
REC-667097,6763,Formule Zen,-,200.0,France,2024-03-10,14.18
REC-914857,8338,Daco Bello Formule Detente,Daco Bello,200.0,France,2025-08-25,11.27
REC-790494,13116,Les Sablés,-,12544116.0,Canada,2024-11-23,13.89
REC-485273,6330,Tuiles Goût Paprika,Cmi (Carrefour Marchandises Internationales),170.0,France,2025-05-23,18.93
REC-156999,12187,Petit Beurre 🧈Original,-,200.0,Belgium,2025-07-17,12.13
REC-168209,14384,Chocolat Noir,Carrefour,126.0,France,2025-09-13,20.96
REC-989599,11611,Carottes Râpées,Marque Repère,500.0,France,2024-07-28,17.81
REC-157816,6343,Déli Matin Pépites De Chocolat,Marque Repère,600.0,France,2024-06-22,21.0
REC-547082,5111,Biscuits Tablette Chocolat Au Lait,Bio Village,150.0,France,2025-08-04,17.26
REC-120009,12157,Tortillas Nature,Jardin Bio,125.0,France,2024-02-06,15.92
REC-167326,10092,Mendiant De Luxe,Seeberger,400.0,France,2025-04-04,12.68
REC-477500,11534,Kinder Chocolate,Kinder,150.0,Česko,2025-04-28,9.12
REC-511376,7896,WertherS Original,Storck,135.0,Denmark,2026-01-13,9.54
REC-172047,11852,,Tesco,185.0,France,2025-12-07,12.58
REC-617539,14898,Rich Tea Biscuit,Tesco,300.0,France,2024-09-06,12.68
REC-721665,8220,Furrows Sea Salt Vinegar,Tyrrell'S,150.0,France,2025-04-09,20.26
REC-632783,10363,Sea Salt,Popchips,85.0,France,2024-09-02,20.63
REC-562355,8788,Days Bake Rolls Pizza G,7 Days,80.0,Румъния,2024-04-10,17.52
REC-430013,9722,Lotus Biscoff Speculoos Original G XG,Biscoff,375.0,France,2026-01-03,5.62
REC-447694,12129,Kitkat,-,48.0,France,2025-04-21,15.78
REC-807074,12989,Netsle Chocolat Noir Cacao,Nestlé,125.0,Marruecos,2025-03-21,23.56
REC-704083,13572,Pépito Chocolat Au Lait,Lu,192.0,France,2024-05-19,11.03
REC-798949,8256,Noir Pistaches Caramélisées,Côte D'Or,180.0,Belgium,2025-02-01,24.1
REC-553265,7504,Colazione Più Con Cereali,Kinder,290.0,France,2025-12-27,10.14
REC-185851,5067,LayS Potato Chips,Lay'S,50.0,India,2024-03-22,21.81
REC-752993,11735,Hula Hoops Bbq,Kp Snacks,624.0,Ireland,2025-02-14,3.74
REC-986891,5790,Pain DÉpices Au Miel,Carrefour,187.5,France,2025-01-13,20.89
REC-486665,7988,Grenode Salted Peanut Protein Bar,Grenade,60.0,Belgium,2025-10-04,4.28
REC-970738,5431,Oaties,Tower Gate,300.0,France,2025-03-03,8.68
REC-615411,14006,Sweet Salty Popcorn,Butterkist,100.0,United Kingdom,2025-07-21,1.64
REC-507905,6466,Rough Oatcakes,-,250.0,France,2024-08-08,10.29
REC-473307,5245,Milka Mlecna Alpin,-,100.0,Румъния,2024-04-19,12.68
REC-215755,6706,Speculoos,Sondey,250.0,Nederland,2024-06-08,24.68
REC-913871,5740,Dry Roasted Lightly Salted Peanuts,Planters,180.0,Spain,2024-12-15,19.15
REC-600785,12959,Rich Tea,Belmont Biscuits,300.0,Ireland,2024-07-02,16.14
REC-244928,12723,,Lotto,180.0,Bulgaria,2025-01-04,12.58
REC-188902,5940,Organic Sea Salt Multigrain Tortilla Chips,-,1.0,United States,2024-08-22,19.48
REC-290106,14654,Knoppers,Storck,25.0,Fr,2024-09-23,19.79
REC-713073,12678,Tartines Craquantes Sarrasin,Jardin Bio,150.0,France,2024-11-19,4.97
REC-921661,7645,Mamia Strawberry And Apple Oaty Bars,Aldi,625.0,Gb,2024-03-17,3.87
REC-952041,6128,Galaxy Minstrels Pouch Bag,Mars,125.0,United Kingdom,2024-12-19,22.71
REC-880944,11162,Mint,Aldi,525.0,Ireland,2025-05-08,15.46
REC-205848,12416, Meringue Nests,Tesco Finest,100.0,United Kingdom,2024-12-31,18.45
REC-246073,7229,Donuts,Sondey,237.5,France,2024-06-22,4.11
REC-641406,8425,Napolitain LOriginal,Lu,1230.0,Fr,2024-10-23,14.24
REC-998524,11543,Olive Rosemary Ovali Italian Cracker Crisps,Crosta & Mollica,150.0,Gb,2025-08-10,4.21
REC-908164,8023,Salted Peanuts,Sainsburys,200.0,Gb,2026-01-15,12.38
REC-527294,14181,Pringles Paprika Gr,Pringles,165.0,Italy,2025-02-10,18.77
REC-448274,11211,Eucalyptus,Ricola,525.0,France,2025-02-11,19.83
REC-618421,10071,Brets Saveur Pili Pili,-,125.0,France,2025-09-09,7.21
REC-915074,13089,,Nakd,120.0,Belgium,2025-12-23,12.58
REC-282857,13320,Krackwheat,Jacob'S,230.0,United Kingdom,2024-02-06,23.24
REC-874480,11166,Vegetables Carottes Betteraves Patates Douces Panais,Carrefour,100.0,France,2024-05-29,14.23
REC-931323,5019,Bbq Popchips,Popchips,17.0,United Kingdom,2024-04-27,13.8
REC-794137,13235,ParleG,Parle,100.0,United States,2024-06-23,18.64
REC-468585,6950,Chips Nature,Lay'S,370.0,France,2025-05-20,21.58
REC-710619,7309,Cookies Classique Noisette,Delacre,200.0,Belgium,2025-09-08,4.83
REC-245365,9662,Taste The Difference Brioche Burger Bun,Sainsbury'S,150.0,Gb,2025-09-08,2.08
REC-904550,7153,Tartines Craquantes Noisette Imp,Le Pain Des Fleurs,150.0,France,2025-10-29,14.94
REC-165913,8331,Nakd Protein Caramel Barres Protéinées G De Protéines Végétales DIngrédients Naturels Sans Sucres Ajoutés X G G,Nakd,135.0,United Kingdom,2025-09-03,13.31
REC-461493,5977,GrünOhr Hase Vegan,Katjes,175.0,Germany,2026-01-11,13.28
REC-684418,11834,Digestive,Tesco,185.0,Germany,2024-05-26,17.54
REC-770021,6050,MM’S Crispy,M&M'S,187.0,France,2025-12-30,17.68
REC-733355,12789,Crushed Sea Salt Black Peppercorn Crisps,Walkers,150.0,United Kingdom,2024-04-27,10.6
REC-833932,9364,Barre Cacahuètes Caramel Chocolat,-,180.0,Fr,2024-02-17,15.64
REC-689052,7623,Hot Kickin Sour Cream Flavour,Pringles,160.0,Germany,2025-01-27,7.7
REC-979255,12872,Monaco,Belin,95.0,France,2024-06-09,4.5
REC-737554,6712,Salted Lentil Chips,-,18.0,United Kingdom,2024-12-31,17.82
REC-132519,9486,Eat Natural Dark Chocolate With Cranberries And Macadam,Eat Natural,40.0,United Kingdom,2026-01-03,13.95
REC-880562,7080,Percy Pig,Marks & Spencer,170.0,Germany,2024-07-01,14.83
REC-382215,10434,Raisins,-,20567.0,United States,2025-12-10,18.61
REC-499672,10033,Pretzel Crisps Original Organic,-,28.0,United States,2025-10-23,12.68
REC-235620,12129,No Added Sugar Smooth Dark Chocolate,Sainsbury'S,100.0,France,2025-08-04,15.16
REC-753199,12825,Botersprits,Sondey,400.0,France,2025-07-29,24.35
REC-477150,12037,Stollen With Marzipan,Favorina,750.0,Belgium,2025-11-14,6.76
REC-121367,6191,Snack Gurken,Max & Lena,250.0,France,2024-11-10,11.15
REC-300247,5701,Saveur Sour Cream Onion,-,170.0,France,2024-06-15,7.56
REC-224179,5852,Mini Gâches,-,360.0,France,2025-11-10,18.01
REC-407150,10888,Bio Tortitas Chips Maiz,-,125.0,France,2025-01-11,12.52
REC-522316,13035,Bio Crackers,Grafschafter,200.0,República Checa,2025-12-07,24.71
REC-523674,13062,Madeleines Coquilles,Tante Odile,400.0,France,2024-10-13,23.2
REC-762440,12750,Granola Gros Éclats De Chocolat,Granola,1848.0,France,2025-02-16,20.5
REC-327006,5636,Petit Déj Céréales Et Chocolat,Gerblé,200450.0,France,2025-11-09,16.3
REC-175902,5418,Sablés Framboise Rooibos,Gerblé,150.0,France,2024-10-27,1.68
REC-882686,5061,Sablissime Chocolat Au Lait,Bjorg,200.0,France,2024-07-23,14.63
REC-597706,9077,Speculoos,-,180.0,France,2024-12-02,18.18
REC-685903,8681,Petits Boudoirs Biscuit Aux Nourrissons,Babybio,120.0,France,2024-12-14,8.95
REC-769923,11560,Barres Céréales Goût Chocolat Au Lait Banane,Carrefour,150.0,France,2024-02-11,6.31
REC-902446,11282,Chocolate Especial Postres,-,200.0,France,2024-07-22,24.93
REC-879088,11280,La Galette Bretonne Pur Beurre,Marque Repère,125.0,France,2025-05-31,20.2
REC-334114,14276,Cacahuètes Grillées Salées,Marque Repère,250.0,France,2025-01-28,17.34
REC-379510,8366,Madeleines Aux Oeufs Frais,Marque Repère,500.0,France,2024-08-31,20.57
REC-882102,12717,Barres Céréales Fraise,Bio Village,125.0,France,2026-01-02,17.01
REC-445782,14560,Pain Épice Au Miel,Bio Village,300.0,France,2024-07-09,14.93
REC-456394,14303,Бисквити Кафе,Sweet Plus,160.0,Bulgaria,2025-09-08,20.92
REC-181359,13011,Lindt Lindor Melkesjokolade Stick,Lindt & Sprüngli,38.0,Australien,2024-03-05,19.41
REC-241264,5405,Chipsfrisch Gesalzen,Funny Frisch,175.0,France,2024-04-01,7.49
REC-642279,11345,Butterkeks Weniger Zucker,Leibniz,150.0,Austria,2025-01-03,15.78
REC-100353,10141,Choco Leibniz,Leibniz,125.0,Belgium,2025-10-10,5.59
REC-115315,11500,Beef Jerky Original,Jack Link'S,25.0,Belgium,2025-07-14,16.42
REC-928209,12001,Balisto Yoberry,Balisto,1665.0,Österreich,2024-09-14,14.31
REC-997199,12845,Peanut Pouch,-,125.0,France,2024-12-10,6.92
REC-736145,9785,Pastilles MentholEucalyptus,Fisherman'S Friend,75325.0,France,2025-01-02,12.43
REC-909271,8611,Kettle Chips L Salt G,Kettle,25.0,France,2025-09-17,23.72
REC-737379,13846,Eat Real Hummus Chips Tomato Basil Flavour G,Eat Real,45.0,Czech Republic,2025-10-14,22.36
REC-989411,14672,Limited Edition Black Truffle Sea Salt,Tyrrell'S,150.0,France,2025-07-03,16.11
REC-384250,8700,Berry Delight,Nákd,35.0,Czech Republic,2025-03-24,11.38
REC-161663,8856,Yoyos Mango Multipack X,Bear,520.0,France,2025-05-03,12.68
REC-521919,10674,Sesame Snaps,Sesame Snaps,30.0,France,2024-11-20,8.73
REC-734677,9295,Déjeuner Rem,Lu,3255.0,France,2024-04-28,12.68
REC-957100,12896,MMS Peanut,M&M'S,90.0,Belgium,2025-01-12,22.96
REC-638980,8777,Barni Ciocolata,Moldiez,30.0,France,2024-12-08,23.11
REC-968085,14371,Classic Collection Chocolate Bars,Green & Blacks,180.0,France,2024-03-06,16.75
REC-805594,11386,,Milka,262.0,France,2024-09-14,12.58
REC-668865,10360,Petit Moelleux,Lu,140.0,France,2024-06-01,16.92
REC-744549,5976,Cote DOr Noir Truffé,Cote D\'Or,190.0,Belgium,2024-12-29,15.2
REC-425220,7567,Raffaello Gaufrettes Enrobées De Noix De Coco Fourrées Cube X G,Confetteria Raffaello,300.0,France,2024-12-28,21.52
REC-332734,8122,Mulino Bianco Abbracci Biscuits Au Cacao Et A La Creme G,Mulino Bianco,350.0,Belgium,2025-10-25,20.88
REC-361159,9772,Galleta María Ligera Sin Sal Y Sin Azúcares Añadidos,Gullón,6003200.0,France,2025-06-18,16.6
REC-412049,8134,Galletas Mini Caritas Con Crema De Cacao,-,329.0,Spain,2026-01-30,17.06
REC-709917,5716,Protein Bar,Nutrend,180.0,France,2025-03-21,6.61
REC-860374,6360,Chocolate Chip Soft Chewy Granola Bar,Kirkland Signature,24.0,United States,2025-08-23,17.18
REC-400601,5646,Original Made With Sea Salt,-,180.0,United States,2024-08-06,3.04
REC-531828,12730,Soft Bakes Strawberry Filled,Belvita,250.0,France,2025-10-28,12.68
REC-456165,8845,Fruit Nut Bars Protein Packed,Eat Natural,345.0,France,2025-07-29,12.68
REC-999038,6740,Choco Noisette,Noiseraie,300.0,France,2025-11-03,10.28
REC-555450,10633,Strawberry Lunchbox Loaves,Soreen,150.0,United Kingdom,2025-10-13,11.93
REC-746318,14460,Prawn Crackers,Tesco,60.0,United Kingdom,2025-04-26,23.04
REC-863617,5321,,Bedo Imex B.V.,300.0,Belgicko,2024-12-30,12.58
REC-480642,14880,Protein Arachidi Cioccolato,General Mills,440.0,Espagne,2025-11-21,11.53
REC-486275,10855,Galleta Choco Negro,Hacendado,1504375.0,Portugal,2024-03-08,3.79
REC-281382,13051,Sesame Snaps® X,Sesame Snaps,120.0,United Kingdom,2025-02-11,15.44
REC-982558,8943,Simply Salted,Butterkist,180.0,Spain,2025-09-25,12.68
REC-282934,5125,Popcorn,Snack Day,300.0,България,2025-08-24,6.86
REC-845560,7454,Hanuta Riegel,Ferrero,345.0,Bulgaria,2025-02-19,9.14
REC-670645,5190,Jengibre,Hacendado,350.0,Spain,2024-04-30,4.68
REC-388577,13112,Grain Free Tortilla Chips,Siete,5142.0,France,2024-04-23,15.58
REC-543669,6893,Hula Hoops Original,Hula Hoops,1224.0,Gb,2024-11-09,24.45
REC-666258,5509,Galactic Brownies With Chocolate Candies Chocolate Candies,Mr. Brownie,1.0,France,2026-01-27,22.36
REC-492857,7396,Ridge Cut Flame Grilled Steak,Mccoy'S,35.0,Gb,2024-08-21,18.17
REC-592930,8252,Lightly Salted Hand Cooked Crinkle Cut Crisis,Aldi,185.0,Gb,2025-01-10,16.41
REC-800842,9071,Sea Salted Crisps,Asda,215.0,Gb,2025-06-30,1.33
REC-321199,5039,Baked Squeezed Pretzels With Tomatoes And Herbs,Elephant,70.0,France,2025-06-01,21.8
REC-126461,14406,Multigrain Bites,Snaktastic,142.5,Gb,2024-10-24,19.42
REC-412141,13151,Wasa Delicate Crisp Rosemary G We,Wasa,190.0,Belgium,2024-11-16,11.49
REC-143872,10856,Gifflar Vanilla,Pågen Ab,260.0,France,2025-10-07,23.08
REC-678709,11965,Taste The Difference Sea Salt Suffolk Cider Vinegar Potato Crisps,Sainsbury'S,150.0,United Kingdom,2025-10-28,6.09
REC-145995,12011,Cream Crackers,M&S,300.0,Fr,2025-05-18,19.11
REC-991264,10838,Dark Cacao,Nestlé,120.0,Spain,2025-11-27,3.12
REC-436554,9919,Barres De Céréales Fruits Rouges,Grainéa,126.0,France,2024-10-05,3.61
REC-779042,6816,,Pilos,40.0,République Tchèque,2025-08-08,12.58
REC-996544,13375,Goûters Bn Au Chocolat,Bn,2285.0,France,2024-05-06,14.07
REC-783197,13818,Protein Flapjacks Smooth Lemon,Trek,350.0,United Kingdom,2025-10-10,11.7
REC-587460,7348,Peanut Snaps,Peanut Snaps,340.0,Fr,2025-04-21,20.29
REC-111609,5943,Nachos,Snack Day,150.0,Spain,2024-11-04,12.45
REC-847891,12709,Les Pyrénéens,Lindt,175.0,France,2024-12-30,12.68
REC-448171,8938,Delight Bar Cocoa Orange,Alesto,50.0,Austria,2024-05-27,15.52
REC-905940,13142,Ricola Douceur De Miel,-,50.0,Brazil  En:France,2025-07-14,24.46
REC-470578,8436,Parmesan Garlic Twists,Tesco,185.0,Gb,2024-08-05,6.08
REC-458197,7226,Doritos Flamin Hot,Doritos,180.0,Morocco,2024-08-18,9.4
REC-224984,13167,,Dmbio,100.0,Germany,2025-03-19,12.58
REC-784321,13023,Nakd Cacahuète Chocolish G XP,Nakd,127.5,Be,2024-05-07,21.95
REC-365158,11522,Maple Pecan Almond,Kind,330.0,Gb,2025-12-20,9.62
REC-214249,10522,PicoBalla,Haribo,160.0,Deutschland,2025-01-21,24.44
REC-989140,5646,Baked Pack,Walkers,132.0,United Kingdom,2024-05-20,17.79
REC-535776,7931,Milka,Milka,150.0,Morocco,2024-09-03,1.31
REC-805703,7375,Chipsfrisch Oriental,Funny-Frisch,150.0,Germany,2025-06-25,22.49
REC-908216,8695,Tobigo Crousty,-,180.0,Morocco,2024-05-08,23.92
REC-634019,7241,Organic Garden Crisp Veggie Cracker,Innofoods Organic/Biologique,454.0,Canada,2025-06-16,24.51
REC-677507,8542,Misura Dolcesenza Biscotti Integrali Con Cereali,Misura,280.0,Italia,2024-03-17,12.68
REC-217723,10807,Chocolate Negro Cacao Con Almendras,Hacendado,200.0,Marruecos,2024-11-04,12.06
REC-277449,6397,Nestlé Kitkat Cereal,Nestle,330.0,Morocco,2025-10-21,3.71
REC-419791,11740,Celebrations,Celebrations,600.0,United Kingdom,2024-04-17,9.64
REC-171743,11624,Mini Cheese Crackers,Organix,323.0,United Kingdom,2024-07-25,18.12
REC-819010,9229,Intrecci,Mulino Bianco,315.0,Italy,2025-08-30,12.68
REC-666235,8949,Chips Saveur Cheddar Jalapeno,Bret'S,125.0,France,2025-09-28,12.68
REC-570067,11721,Brunch Choc Chip,Cadbury,528140.0,Switzerland,2025-04-01,4.28
REC-843900,7961,Tartines Crac Form,Gerblé,250.0,France,2026-01-22,8.77
REC-395126,13073,Shortbread Fingers,Walker'S,150.0,Germany,2024-05-31,22.74
REC-662685,12107,Lightly Salted Crispy Baked Veggie Snacks,Harvest Snaps,3394.0,United States,2024-03-31,20.85
REC-284912,9354,Muesli Bar Cranberry,Crownfield,200825.0,France,2025-08-12,13.82
REC-621713,9414,Fior Di Integrale,Realforno,700.0,Italia,2025-06-06,23.6
REC-746426,5127,Petit Beurre,Tastino,450.0,France,2025-10-17,19.39
REC-173059,10918,Weisse Kokos Flakes,Bellarom,200.0,France,2024-12-21,15.13
REC-396285,7768,Envitas Cacao,Sondey,253.0,France,2024-12-02,3.46
REC-285949,5853,Waffle Rolls With Vanilla Flavour Filling,Tastino,450.0,República Checa,2026-01-23,2.5
REC-298711,11802,Halloween Popcorn Sweet,Lidl,250.0,France,2024-03-15,23.81
REC-877903,7732,Bonbons Menthe Et Saveur Eucalyptus,Feel Free,180.0,France,2025-10-10,5.42
REC-157093,12802,Pépito Mini Roulés Chocolat,Lu,150.0,France,2024-11-06,13.44
REC-988028,11786,Mikado Chocolat Noir,Glico,90.0,Belgium,2024-03-27,11.08
REC-459068,10824,Clafoutis Aux Cerises,La Laitière,340485.0,France,2025-03-25,19.66
REC-501105,10500,Lulu L Ourson,Lu,300.0,France,2025-01-30,10.42
REC-641000,9111,,Apéricube,250.0,France,2025-01-16,12.58
REC-387063,7982,Tronches De Cake Moelleux Chocolat,St Michel,240.0,France,2024-08-24,5.05
REC-338073,13445,Barres De Céréales À La Figue X,Chabrior,126.0,France,2024-10-10,19.38
REC-210575,11001,Monster Munch Goût Ketchup,Intersnack,85.0,Belgium,2024-07-25,12.36
REC-393812,10296,Curly Cacahuète LOriginal Format Party G,Vico,230.0,France,2025-05-16,22.88
REC-314581,13038,Gâche Tranchée Pur Beurre G,U,450.0,France,2025-01-17,4.54
REC-533494,5855,Tartines Craquantes Bio Au Maïs,Le Pain Des Fleurs,1502.0,France,2024-07-09,9.18
REC-145627,11864,Sables Noix De Coco Et Citron,Jardin Bio,150.0,France,2025-11-20,19.67
REC-138210,6638,Chips Brets La Craquante,Brets,625.0,France,2025-05-12,15.04
REC-951202,9236,Cookie Avell Choc,Carrefour,200.0,France,2025-09-29,23.77
REC-184422,13794,Grissini Sésame Et Huile DOlive ,-,125.0,France,2025-05-10,7.21
REC-219707,5948, Petits Chinois,La Fournée Dorée,300.0,France,2025-09-02,2.0
REC-430473,7070,Noir Pérou Éclats De Menthe,Alter Eco,100.0,France,2025-05-06,2.77
REC-138738,13035,Biscuits Petit Épeautre Sésame,Biocoop,140.0,France,2025-08-12,23.98
REC-477296,5834,Sablés Apéritif Cantal Aop Et Pointe De Noix De Muscade,Michel Et Augustin,100.0,France,2024-05-20,1.26
REC-602146,12407,Chipsfrisch Oriental,Funny-Frisch,175.0,Germany,2024-10-19,7.98
REC-738296,14481,GewürzSpekulatius,-,600.0,Germany,2024-11-10,13.89
REC-499799,5269,Duplo Riegel ErPack,Ferrero,182.0,France,2024-08-30,19.62
REC-652939,11997,Kinder Country,-,235.0,Österreich,2025-05-24,17.98
REC-143506,12311,Custard Creams,Tesco,400.0,United Kingdom,2025-11-28,12.68
REC-240164,13307,Cheddar Twists,Waitrose,125.0,United Kingdom,2025-11-18,17.47
REC-392815,11000,Twirl,Cadbury,43.0,France,2025-08-30,22.57
REC-276178,9475,Sensations Roasted Chicken Thyme Flavour Potato Crisps,Walkers,150.0,France,2025-04-02,19.72
REC-824951,8040,Raspberry Flavour Jelly,Hartley'S,135.0,France,2025-06-04,12.55
REC-591998,6525,Pringles Potatoes Chips Ketchup,Pringles,165.0,France,2024-12-19,15.64
REC-247248,7143,Delicious Crunchy Corn,Love Corn,45.0,France,2024-03-26,4.88
REC-792275,7068,Tuc Paprika,Mondelez International,100.0,Франция,2024-12-25,14.24
REC-660223,13339,Peppermint Frisk,Frisk,57.0,Belgium,2025-01-21,1.54
REC-220421,7675,Brino,Bifa,100.0,Algeria,2025-04-25,22.77
REC-788592,14849,Noir Aux Pépites De Café,Villars,100.0,France,2025-11-28,7.09
REC-517407,5532,Flutes Sesame G Kambly G,Kambly,125.0,France,2024-06-17,18.58
REC-994422,5573,Nestle Dessert Praliné,-,170.0,France,2025-04-11,22.97
REC-669593,10342,Mini Granola LOriginal,Lu,160.0,France,2025-11-17,12.68
REC-460066,7398,Petit Brun Extra,Mondelez,150.0,France,2025-07-21,16.32
REC-216006,13706,Assortiment Lindor,Lindt,337.0,France,2025-04-02,13.85
REC-166251,14433,Ottimini Integrali,Divella,4001411.0,Bolivia,2025-01-14,13.65
REC-818110,7794,Creme Tropical,Gullón,800.0,France,2024-04-05,12.68
REC-298053,11287,Breakfast Cereales Chocolate,Florbú,340.0,France,2025-11-24,12.68
REC-541805,5134,Pop Corn Doux,-,3100.0,Belgium,2025-04-17,5.19
REC-465416,14021,Lays Rs,Pepsico,55.0,Inde,2025-10-14,6.98
REC-487835,11597, Cacao Noir Tanzanie,Carrefour,187.5,France,2024-10-31,12.16
REC-867336,6131,Organic Roasted Seaweed Snack,Kirkland Signature,17.0,France,2025-11-01,11.07
REC-449478,13283,Harvest Cheddar,Sun Chips,71984.0,Bolivia,2025-09-14,12.68
REC-317372,14172,Extra Barre KelloggS,Kellogg'S,150.0,France,2025-03-04,19.31
REC-708196,7002,Financiers Aux Amandes Bio,Sondey,150.0,France,2025-04-12,23.55
REC-408045,13999,Palomitas Saladas,Snack Day,3100.0,Spanien,2025-08-12,22.68
REC-702831,14480,Salt Chips,Snack Day,300.0,European Union,2025-10-12,16.85
REC-554812,6814,Chocolate Salted Caramel Flavour Vitamin Protein Bar,Fulfil,40.0,Spanien,2025-08-15,22.7
REC-763961,14136,Intenso Noir,Trapa,175.0,Spain,2024-10-22,18.3
REC-729724,10659,Salt Malt Vinegar Crisps,Mccoy'S,25.0,United Kingdom,2025-06-21,9.77
REC-758474,14045,Magretti,Galbusera,350.0,Italy,2024-02-09,1.74
REC-695786,5697,G Tirlibibi Box Haribo,Haribo,750.0,France,2024-12-09,13.09
REC-477809,14274,Fibra Trigo,-,185.0,Spain,2025-08-24,19.35
REC-412522,8736,Schär Curvies Bbq,Schar,170.0,Spain,2025-06-27,9.19
REC-161920,10904,Kumato,Trader Joe'S,255.0,Jersey,2025-11-18,5.38
REC-779176,6456,Chocolat Noir ,U,100.0,France,2024-05-07,5.5
REC-454097,11870,Saltletts Pausen Cracker,Lorenz,100.0,Deutschland,2025-03-18,18.73
REC-731434,6580,Tuc Au Fromage,Tuc,150.0,Romania,2026-01-28,12.68
REC-980366,12570,Sablés Céréales Graines Chia Et Lin,Bisson,2002010.0,France,2024-02-27,10.24
REC-269782,8183,Finn Crisp Snacks,Finn Crisp,150.0,Germany,2024-08-22,15.28
REC-964890,9642,Schoko Reiswaffeln Zartbitter,Alnatura,100.0,France,2025-10-27,6.95
REC-223639,12649,Edel Bitter Cacao Nibs,Vivani,80.0,France,2025-05-18,4.45
REC-400054,13052,Mature Cheddar Red Onion Hand Cooked Crisps,Dettol,150.0,Gb,2025-12-27,18.62
REC-163281,13063,Gâche Tranchrée Bio,La Fournée Dorée,400.0,France,2025-04-05,14.26
REC-891050,6111,Barquillos Avellana,Hacendado,250.0,Portugal,2026-01-19,6.72
REC-303621,14397,Schiaccianoci,Mulino Bianco,300.0,Italia,2025-06-17,5.78
REC-880363,11730,Xxl Erdnüsse,Alesto,1000.0,Франция,2025-08-18,14.28
REC-208751,10348,Original,Ruffles,160.0,Portugal,2025-09-17,12.57
REC-458123,9366,Mini Fourrés Cœur Chocolat,-,1430420.0,France,2024-07-17,19.83
REC-540614,5620,Chocolate Negro,Fin Carré,100.0,Bulgaria,2025-05-02,22.99
REC-659085,10195,Chocolat Noir Cacao Sel Rose De LHimalaya,Lindt,100.0,France,2024-03-23,16.54
REC-885652,6890,La Madeleine Coeur Myrtille,Bonne Maman,300.0,France,2024-12-31,24.78
REC-179889,13249,Madeleines Moelleuses,St Michel,250.0,France,2025-12-23,6.15
REC-970041,7560,Linsenwaffeln,Alnatura,100.0,France,2025-03-10,12.68
REC-577925,7238,Pain Lait Bio Far Complet X G,Bien,280.0,France,2026-01-22,17.88
REC-229696,11481,Mini Breadsticks,Tesco,185.0,United Kingdom,2024-07-21,22.33
REC-411404,14652,Barre Protein Graines Fruits Rouges,Carrefour,128432.0,France,2025-09-20,2.57
REC-744427,9260,Settembrini Mb G,Barilla,300.0,Italy,2025-01-02,17.46
REC-132478,11975,Flash,-,180.0,Morocco,2024-03-17,13.34
REC-685006,11334,Noir,-,180.0,France,2025-11-28,11.29
REC-635067,14627,Filipinos Chocolate Blanco,Artiach,128.0,Finlandia,2025-11-22,4.45
REC-385425,11014,High Protein Cookie,Lidl,45.0,France,2025-12-04,13.31
REC-141497,13573,Madeleines Vanille Sorties Du Four,Le Ster,12510075.0,Fr,2024-12-18,4.38
REC-754925,8813,Savane Max De Sensations,Brossard,730.0,France,2024-09-14,16.76
REC-633137,5262,Crackers,Ritz Crackers,200.0,France,2024-04-01,10.19
REC-175400,5259,Leibniz Butterkeks Kakao,Bahlsen,200.0,Germany,2025-04-09,12.68
REC-136094,14252,Lightly Salted Rice Crackers,Asia Specialities,100.0,United Kingdom,2025-10-10,20.97
REC-705087,11327,Fornula,-,180.0,Morocco,2025-01-08,4.08
REC-133355,11290,Hazelnut Pecan Maple Oat Bar,Deliciously Ella,50.0,Gb,2024-12-21,6.79
REC-546449,5548,Salt And Peppers Cashews,Alesto,150.0,Gb,2025-09-21,16.6
REC-754462,9034,,Nestlé,170.0,France,2025-11-11,12.58
REC-723263,12478,MMS,M&M'S,600.0,France,2025-08-12,2.16
REC-709572,9141,XG Maitre Chocolatier Lait,Lindt,300.0,France,2024-10-05,13.09
REC-331239,6608,Vollmilchschokolade Erdnüsse,Choco Moment,260.0,France,2025-10-31,11.69
REC-151913,12567,Barre Lait Et Céréales,Lidl,200.0,Germany,2025-05-02,15.1
REC-961804,7275,Fourrés Cacao,Biocoop,300.0,France,2025-02-24,8.38
REC-686523,6610,Roasted Almond Trail Mix Bar,Deliciously Ella,40.0,United Kingdom,2025-02-01,18.69
REC-866328,6942,Choco Sensations,Milka,2088.0,France,2025-12-27,12.97
REC-639206,6328,Flips Géant Peanut,Mcennedy American Way,450.0,Румъния,2024-08-21,5.12
REC-435783,10459,Wafer,Sondey,280.0,Bulgaria,2025-06-18,22.39
REC-577736,14336,Jaffa Cakes The Original Twin Pack,Mcvitie'S,20.0,United Kingdom,2025-08-08,12.68
REC-705069,13777,Sergio,Excelo,250.0,Morocco,2025-03-18,8.34
REC-605683,7525,Lays,Lay'S,97.0,Morocco,2024-06-12,1.74
REC-866201,6980,Chocolat Noir ,Biocoop,90.0,France,2024-11-17,5.5
REC-569045,12189,Extra Dark Chocolate Created For Bakers,Dr. Oetker,200.0,United Kingdom,2024-08-06,7.59
REC-677003,9197,Biscuits À L’Avoine,Lidl,200.0,France,2025-05-21,12.68
REC-409437,8302,,-,180.0,Morocco,2025-05-08,12.58
REC-771999,14873,Fruit Fibre Bars Strawberry Raspberry,Nākd,443.0,United Kingdom,2024-07-21,9.05
REC-106290,12528,Nestlé Dessert Puissant G,Nestlé,170.0,France,2024-07-20,15.13
REC-913871,5585,Almond Apricot Fruit Nut Bars,Eat Natural,40.0,United Kingdom,2025-07-01,21.59
REC-133783,9822,Nooco,Nooco,45.0,Morocco,2024-04-24,19.22
REC-698092,6442,Oatcakes,Simply M&S,300.0,France,2025-12-16,21.83
REC-218515,14265,Harina Preparada Completamente Para Hacer Hot Cakes,Krusteaz,453.0,Estados Unidos,2025-08-22,10.59
REC-173592,7339,Crunchy Peanut Butter,Clif Bar,240.0,Australia,2026-01-02,8.98
REC-289718,9508,Knackebrod Rag,Ikea,250.0,France,2024-12-14,21.12
REC-638305,12437,Ginger Nuts,Tower Gate,300.0,France,2025-11-25,21.79
REC-632474,8131,Muesli Bars Chocolate Banana,Crownfield,200.0,Bulgaria,2024-04-04,19.35
REC-757695,9163,Petit Beurre Tablette Chocolat Au Lait,Sondey,150.0,France,2025-10-25,14.74
REC-940086,7731,,Lightly Sea Salted Hand Cooked Potato Crisps,150.0,France,2024-08-04,12.58
REC-203989,13328,Fior Di Panna,Italiamo,400.0,France,2024-03-19,11.64
REC-846401,9233,Tastino Biscuiti Petit Beurre,Tastino,450.0,Hungary,2024-03-01,11.13
REC-412119,5972,Carré LaitNoisette,Sondey,2501025.0,France,2024-04-17,4.27
REC-788245,9932,Brioche Zopf,Maître Jean Pierre,600.0,France,2024-05-05,11.94
REC-780143,9411,Bio Hafer Cookies,Sondey,200.0,Germany,2025-12-12,16.1
REC-488677,9073,Scottish Black Pepper Oatcakes,Lidl,250.0,France,2024-07-08,9.81
REC-658763,10868,Barres Amandes Et Noix De Coco,Crownfield,440.0,France,2025-07-25,10.58
REC-832545,9749,Lulu La Barquette Framboise,Lu,120.0,France,2025-06-07,12.72
REC-500367,11128,Miniroulés LOriginal Aux Fraises,Lu,150.0,France,2025-11-11,12.38
REC-399226,8707,Savaroises Chocolat,St Michel,220.0,France,2025-03-14,7.52
REC-727554,6019,Galak Chocolat Blanc,Nestlé,100.0,France,2024-08-13,10.48
REC-860064,11656,Lindt Chocolat Au Lait Praliné Noisettes,Lindt,225.0,Algeria,2024-02-09,24.44
REC-742910,6684,,Lindt Excellence,100.0,Åland Islands,2025-11-04,12.58
REC-376267,6562,Creation Lait Caramel,Lindt,150.0,France,2024-09-24,4.12
REC-230919,10787,Apéricube,Apéricube,250.0,France,2024-05-27,12.68
REC-392310,11708,Macédoine ,Bonduelle,310.0,France,2024-04-04,8.84
REC-489978,10379,Dragibus Haribo,Haribo,120.0,France,2025-07-31,5.15
REC-571445,14246,KelloggS Barres Frosties XG,Kellogg'S,150.0,France,2025-11-03,20.26
REC-788490,14747,Bénénuts Cacahuètes Grillées Salées,Bénénuts,410.0,France,2024-02-27,7.27
REC-421827,11444,Noix De Pécan Sirop DÉrable,Gerblé,132.0,France,2024-05-16,5.62
REC-217328,9093,Barre Figue Gerblé,Gerblé,150.0,France,2025-05-12,18.17
REC-264954,10285,Palmier,St Michel,240.0,France,2025-02-27,2.51
REC-547711,9823,Pâtes De Fruits,Gayelord Hauser,180.0,France,2025-05-22,9.0
REC-278338,10919,Le Sablé,Bjorg,182.0,France,2024-05-07,15.18
REC-134472,12963,Brioche Vendéenne Igp,Carrefour,600.0,France,2024-04-07,7.11
REC-972898,12330,Palets Bretons Pur Beurre G,Chabrior,125.0,France,2025-04-10,14.97
REC-737641,11717,Goûter Fourré Cacao Rond Bio,Chabrior,185.0,France,2025-02-28,12.68
REC-549552,6600,Pistache Grillée À Sec Sachet De G,U,150.0,France,2025-11-26,14.81
REC-628590,7311,Tablette Petit Beurre Au Chocolat Noir Bio Paquet De G,U,150.0,France,2025-01-08,7.51
REC-159086,11086,Cookies Aux Pépites De Chocolat Noisettes,Carrefour,200.0,Belgium,2025-05-22,23.36
REC-465050,11272,Sable Enrobe,Henry'S,45.0,France,2024-05-12,12.73
REC-864263,8297,Tartines Craquantes Bio À La Châtaigne Sans Gluten,Ekibio,3002256.0,France,2025-05-13,6.27
REC-517078,10900,Biscuits Gourmands Sésame Vanille,Karéléa,132.0,France,2024-06-01,7.08
REC-939275,9142,Chips Saveur Côte De Boeuf Grillée,Brets,125.0,France,2024-04-29,24.12
REC-811239,9284,Fleur De Sel Noir,Carrefour,100.0,France,2026-01-26,12.83
REC-161146,14173,Lait Noisettes Entieres,Carrefour,200.0,France,2024-07-15,7.5
REC-849517,14123,Cookie Nougatine Choco,Marque Repère,200.0,France,2024-04-01,18.58
REC-841623,5749,Salade Carottes Rapées,Marque Repère,300.0,France,2025-11-19,5.36
REC-111595,13373,Galette Pur Beurre,Bio Village,125.0,France,2025-03-30,21.86
REC-158217,13098,Brioche Vendéenne Igp,Nos Régions Ont Du Talent,650.0,France,2024-05-24,2.02
REC-432711,14046,La Gâche,La Fournée Dorée,500.0,France,2025-12-31,6.31
REC-621806,7888,Préparation Taboulé Menthe Citron,Tipiak,350.0,France,2024-02-23,16.59
REC-339348,11295,Chips Au Sel De LIle De Ré,-,150.0,France,2025-02-16,12.68
REC-257882,6390,,Huober,175.0,France,2024-08-17,12.58
REC-457077,11150,PomBär Original,Intersnack Deutschland Se,75.0,Germany,2026-02-02,21.02
REC-903795,7376,Chupa Chups Flavored Lollipops,Chupa Chups,180.0,Australia,2024-04-22,12.68
REC-822199,13870,MMS Peanut G,Mars,900.0,France,2024-07-06,12.68
REC-222553,8098,McvitieS Hobnobs Milk Choc Jumbo Pack,Mcvitie'S,431.0,France,2024-04-02,7.31
REC-575213,8441,Caramel Almond And Sea Salt,Kind,42.0,France,2024-12-10,12.68
REC-692953,10273,Y Castell Welshcakes,Tan Y Castell,240.0,France,2024-02-18,23.0
REC-151265,5570,Real Fruit Yoyos Strawberry Family Pack,Bear,427.0,France,2024-02-28,14.08
REC-273534,8437,Bake Rolls Salt,-,80.0,Rumania,2025-08-23,4.55
REC-950478,9896,Chocolata Amaruie Cacao,-,180.0,France,2024-03-24,8.17
REC-810342,9443,,Kitkat,177.0,Egypt,2026-02-01,12.58
REC-662909,13980,Ricola Réglisse,Ricola,50.0,France,2024-12-10,23.49
REC-259895,13423,Butterfly,Kambly,100.0,France,2025-01-04,21.94
REC-851657,7682,Original Family Format,Oreo,30821411.0,France,2024-05-24,16.38
REC-127088,5338,,Belvita,250.0,France,2025-11-21,12.58
REC-766518,10337,Noir Extra Intense,Côte D'Or,100.0,Belgium,2024-02-13,12.26
REC-545218,6213,Napolitaner,Loacker,175.0,Germany,2025-09-20,14.61
REC-500371,12520,Kinder Chocolat X Barres G,Ferrero,217.5,Belgium,2025-08-21,12.68
REC-957834,12724,Bonbons Kinder Schokobons Chocolat Au Lait G,Ferrero,217.5,France,2024-11-02,12.68
REC-200012,7431,Turco,Galbusera,300.0,France,2025-09-27,12.68
REC-591558,14272,Galletas Desayuno Integral Azúcares,Florbú,340.0,France,2024-11-16,14.3
REC-285060,8098,Popcorn,-,300.0,Belgium,2025-04-09,4.86
REC-935576,7840,Törtchen KakaoHaselnusscreme,Manner,400.0,France,2024-04-17,21.91
REC-361975,8499,Vitaweat Grains,Arnott'S,250.0,France,2025-11-09,5.29
REC-128603,9248,Original Popcorn,-,180.0,United States,2024-07-19,12.24
REC-953365,9385,Crackers Cheddar,Gullón,250.0,France,2024-10-31,4.09
REC-920575,7608,Barres Chocolat Noir Et Pointe De Sel,Crownfield,440.0,France,2025-05-01,20.32
REC-358259,10068,Galletas María,Hacendado,4200.0,Spain,2025-05-11,7.82
REC-912575,6715,Salzstangen Mit Meersalz,Sun Snacks,250.0,Deutschland,2025-11-05,2.57
REC-709647,14676,Risi Clásicas,Risi,35.0,Spain,2025-09-02,20.26
REC-120318,8239,Party Rings Mini,Fox'S,21.0,Gb,2025-02-07,5.21
REC-241707,12703,Choco Fundir Negro,Hacendado,200.0,Spain,2025-07-18,2.51
REC-198558,7426,Gullon Hearts Of Cereal Oats Chocolate,Gullón,240.0,France,2024-09-22,19.94
REC-151434,8810,,Gullón,265.0,France,2024-07-21,12.58
REC-575519,5189,Black Pepper Sea Salt Crackers,Rivercote,185.0,Spain,2024-12-16,11.71
REC-371454,9918,Jet Gum Sugar Free,Jet Gum,45.0,Alemanha,2024-09-08,8.55
REC-856768,14464,Dark Madagascar Ginger Turmeric,Waitrose,100.0,United Kingdom,2025-01-27,7.81
REC-751682,8813,Hot Mix Spicy,Snacks Of The World,400.0,France,2026-01-27,5.67
REC-381834,12258,Cocoa Vanilla Gruffalo Biscuits Months X G,Organix,323.0,Gb,2024-03-28,13.16
REC-264757,10183,Hoops,-,825.0,Gb,2024-06-03,10.78
REC-150567,7790,Gerlinea Moelleux,Gerlinéa,138.0,France,2024-02-07,5.34
REC-237615,10247,Tic Tac Festival,Tic Tac,54.0,France,2025-06-04,17.45
REC-597122,7892,Dark Compound Choclate,Toren,180.0,Morocco,2025-08-11,19.14
REC-908290,10857, Peanut Butter Cups,Reese'S,42.0,Bulgaria,2025-04-26,12.68
REC-985464,14032,La Brioche Tressée Tranchée,La Fournée Dorée,500.0,France,2025-12-20,1.49
REC-659587,9568,HalfCoated Milk Chocolate Cookies,Fox'S,175.0,United Kingdom,2025-06-30,17.66
REC-562425,12635,Sweet And Salty Butterfly Popcorn,-,180.0,Royaume Uni,2025-09-15,21.66
REC-685868,12420,Patatas LayS Sal,Lay'S,160.0,Spain,2025-06-09,11.87
REC-748476,11894,Chips Saveur Barbecue,Lay'S,135.0,France,2025-07-13,1.75
REC-356081,11488,Mes Cookies Bio Tout Chocolat,Aline & Olivier,180.0,France,2024-10-22,10.8
REC-473461,13116,Seriously Salt And Vinegar Crisps,Walkers,45.0,Italy,2024-10-22,7.07
REC-365856,5951,La Madeleine Pur Beurre,Maison Colibri,250.0,France,2025-08-29,21.6
REC-270796,8802,Pistachio Nut Mix Salted,Snacks Of The World,200.0,France,2025-04-10,21.7
REC-339650,9960,Petit Biscuit Avoine Framboise,Chabrior,135.0,France,2024-07-11,13.0
REC-275361,12638,Lentil Chips,Aldi,85.0,United Kingdom,2024-11-01,22.17
REC-552400,14056,Carrés Dégustation,Lindt,154.0,France,2025-03-30,18.5
REC-279683,7416,Oswego,-,250.0,Italia,2025-10-29,1.61
REC-730439,11624,Prinzenrolle,Debeukelar,450.0,De,2026-01-29,23.14
REC-774116,5812,Dairy Milk Marvellous Creations Jelly Popping Candy,Cadbury,160.0,Gb,2025-12-09,4.74
REC-135641,5392,Very Cherry Gourmet Sweets,-,140.0,United Kingdom,2024-02-14,22.33
REC-857253,9546,Vegane Snack Balls Date Café Banane,Vemondo,144.0,Germany,2024-11-27,18.71
REC-831487,6454,TonyS Chocolonely Milk Creamy,Tony'S Chocolonely,180.0,Gb,2025-03-20,10.5
REC-996610,5783,Toffee,Skinny Whip,520.0,United Kingdom,2024-07-06,20.62
REC-418197,6492,,Nerds,1417.0,United Kingdom,2025-07-19,12.58
REC-615993,5677,Célébrations,Celebrations,272.0,Fr,2025-11-10,23.95
REC-382367,10961,Salted Dark Chocolate Almonds,Forest Feast,180.0,Gb,2024-09-22,2.44
REC-361047,14287,Hazelnut Dark Chocolate,Moser Roth,525.0,Gb,2024-08-26,10.22
REC-324298,7406,Digestives The Original Twin Pack,Mcvitie'S,2360.0,United States,2024-09-28,12.83
REC-400504,13689,Hafercookies,Rewe Bio,300.0,Germany,2025-12-03,15.06
REC-567302,7934,Cocoa Vanilla Oat Boost,Graze,30.0,Gb,2024-10-15,14.09
REC-796546,5517,Vegan Bar Choco Amandes,Nu3,50.0,France,2025-08-30,19.93
REC-816217,8462,Les PTites Madeleines Pépites De Chocolat,Ker Cadélac,500.0,France,2025-09-16,13.94
REC-618062,11734,Toffifee,Storck,125.0,Ireland,2025-10-16,9.87
REC-332898,6814,Organix Soft Oaty Bar,Organix,23.0,United Kingdom,2024-09-04,12.68
REC-175533,14290,Creamy Milk Chocolate,Nooco,45.0,Morocco,2024-04-25,22.09
REC-968572,7276,Fruit Splits Bear,Bear,100.0,United Kingdom,2025-10-27,1.69
REC-332437,6869,Chips Barbecue,Lay'S,250.0,France,2024-09-21,6.17
REC-699959,11974,Biscoff Bar,Trekk Power,180.0,United Kingdom,2024-03-09,5.52
REC-952548,11169,Toffee Apple Oat Bars,Bio & Me,180.0,United Kingdom,2026-01-01,5.11
REC-831778,6608,Sour Cream Onion Flavored Potato Crisps,Pringles,55158.0,Bolivia,2024-09-16,12.68
REC-362584,11334,Hand Cooked Sea Salt Balsamic Vinegar Crisps,M&S Food,150.0,France,2024-09-26,12.92
REC-572750,12422,Ready Salted Potato Sticks,Marks & Spencer,150.0,France,2024-09-18,5.71
REC-979324,14062,Super ExtraLarge Peanuts,Kirkland Signature,113.0,France,2026-02-01,16.67
REC-171642,7612,Almond Flour Crackers Fine Ground Sea Salt,Simple Mills,425.0,United States,2024-08-10,9.78
REC-765596,6334,Puff Pastry Twist,Lidl,150.0,Frankrijk,2024-09-21,12.68
REC-592399,12848,Marzipan Log,Favorina,175.0,Czech Republic,2024-11-20,13.09
REC-998079,12859,Crackers Emmental,Snack Day,300.0,Frankrijk,2025-04-07,8.82
REC-790191,6677,Flips Cacahuète,-,200.0,France,2025-12-24,23.42
REC-132927,9233,Bio Biscuits Tablette Chocolat Noir,Sondey,150.0,France,2025-12-01,13.09
REC-679729,10103,Feuilleté Doré Collection Lu,Mondelez,12528.0,France,2024-11-06,12.68
REC-906118,13035,Résille DOr,Lu,1102.0,France,2025-11-16,12.68
REC-825430,11608,Galak Chocolat Blanc,-,2002100.0,France,2024-10-08,22.16
REC-992394,14265,Carrés Lait Noisettes Entières,Côte D'Or,200.0,Belgium,2024-02-06,15.59
REC-110141,11716,Fraise🍓Tagada,Haribo,30.0,France,2025-11-03,6.94
REC-844095,5948,Biscuit Sésame Gerblé,Gerblé,180.0,France,2024-02-09,16.94
REC-814143,13807,Galettes Mais Oignon Crème Ciboulette,Gerblé,123512.0,France,2025-05-14,5.13
REC-623397,8827,Mini Brownie Chocolat,St Michel,240.0,France,2024-11-20,12.68
REC-456149,5582,Sablés Aux Pommes,Carrefour,150.0,France,2025-08-03,19.95
REC-406976,9263,Nature,Carrefour Classic,200.0,France,2024-11-11,6.16
REC-531089,5855,Petit Beurre G Bio,Chabrior,200.0,Belgium,2025-10-09,7.61
REC-345731,7197,Biscuits Petit Beurre Bio Paquet De G,U,150.0,France,2024-02-16,24.61
REC-440609,5852,Pains Au Lait X G,U,525.0,France,2024-08-06,18.74
REC-246026,9950,Tuiles Goût Salé Paquet De G,U,170.0,France,2025-10-27,2.59
REC-286562,9342,Barres De Céréales Saveur Pomme Verte XG,U,150.0,France,2026-01-16,6.97
REC-214862,8725,Mon Cake Nature,Ker Cadélac,800.0,France,2025-06-22,6.82
REC-910241,13356,La Classique Nature,-,6275.0,France,2024-03-05,9.8
REC-139807,7796,Gâteau Au Fromage Blanc,Saint Amour®,350.0,France,2024-04-15,22.59
REC-312449,14093,Grany Riz🍚 Soufflé Chocolat 🍫,Grany,125.0,France,2024-10-14,12.85
REC-112582,13513,Langues De Chat,Karéléa,100.0,France,2024-03-12,10.05
REC-963598,10515,Coleslaw Chou Blanc Et Carottes,Carrefour,187.5,France,2024-06-30,12.68
REC-793180,13537,Dessert Noir,Carrefour,200.0,France,2024-05-11,24.48
REC-568240,10460,Barres Gourmandes,Carrefour,140.0,Belgium,2025-10-10,7.93
REC-201535,14441,Macédoine De Légumes,Marque Repère,265.0,France,2024-12-10,15.17
REC-826203,10239,Crackers Emmental,Tokapimarque Repère,100.0,France,2024-02-05,9.88
REC-829592,13414,Biscuits Sésame,Bio Village,230.0,France,2024-07-28,22.07
REC-356833,12710,Biscuits Tablette Chocolat Noir,Bio Village,150.0,France,2025-12-27,11.86
REC-729250,6308, Mini Gâches Pur Beurre À La Crême Fraîche,Leclerc,360.0,France,2024-04-05,10.86
REC-134837,13279,Cookies Pépites De Chocolat Noir Cacao,Biocoop,200.0,France,2024-10-01,9.32
REC-742537,5339,Raffaello,-,180.0,Austria,2024-03-06,21.49
REC-921153,6488,Maxi King ErPack,Kinder,35.0,Österreich,2025-04-02,11.59
REC-708333,8850,G Chupa Chups Mini Assosrti,Chupa Chups,180.0,France,2025-01-25,15.54
REC-626060,13958,Quality Street,Nestlé,480.0,Belgium,2024-03-20,7.05
REC-492308,6995, Cherry Bakewells,Mr Kipling,282647.0,France,2025-12-23,21.8
REC-564450,6602,No Artificial Colo No Artificial Flavours No Msg H,Kp Snacks,624.0,France,2025-10-28,7.51
REC-127756,10173,Cheese Flavour Potato Snacks,Walkers Quavers,34.0,France,2025-02-07,7.35
REC-556769,9200,,Pringels,165.0,Belgium,2025-04-30,12.58
REC-302532,10592,Blue Maize Tortilla Chips,Mister Free'D,135.0,France,2024-11-14,1.69
REC-496120,11340,Mini Croissants,7 Days,185.0,Bulgaria,2025-08-29,5.38
REC-170615,8804,Barres Lion,Nestlé,1042.0,France,2026-01-22,21.22
REC-793062,5521,Nestle LAtelier Noir G,-,100.0,France,2025-10-14,20.05
REC-139176,5726,Florentin G Kambly G,Kambly,125.0,France,2025-09-06,8.25
REC-354401,7584,Fruity Parfum FraiseCitron Vert,Hollywood,22.0,France,2025-10-10,13.2
REC-260135,8115,Breakfast Biscuits Soft Bakes Filled Choco Hazelnut,Belvita,250.0,France,2025-03-26,12.68
REC-610584,12333,Petit Déjeuner Moelleux Coeur Gourmand Fraise,Mondelēz,250.0,Belgium,2025-10-17,1.39
REC-432333,6577,Fino Negro,Suchard,90.0,Spain,2025-12-20,4.37
REC-476452,13339,Semplicissimi Cereali Riso Nero Porzione G,Bauli,245.0,Italia,2024-04-15,16.2
REC-486296,6654,Mini Rolls Chocolate,Balconi,180.0,Mexico,2025-12-16,12.68
REC-700693,9581,Panettone,Grand Frais,900.0,France,2024-06-29,13.65
REC-311220,12823,Grissini Nature Vita Vigor,Vitavigor,180.0,Australie,2025-12-11,17.52
REC-878452,11998,Frollini Con Gocce Di Cioccolato,Dolciando,700.0,France,2025-12-31,16.31
REC-928604,14538,Campagnole Con Farina Di Riso,Barilla,328.0,France,2025-02-09,6.55
REC-839333,7181,Kinder Joy Boy,Kinder,20.0,China,2024-12-15,17.73
REC-582152,11647,Petit,Rio,3133.0,France,2024-05-06,8.32
REC-268424,13019,Chocolate Puro Con Almendras Enteras Azúcares Añadidos,-,150.0,Spain,2025-09-10,18.97
REC-621822,8262,Gullon Maria Doroda,Gullón,250.0,France,2025-07-12,7.36
REC-712579,8689,Tortilla Chips Nachos,Zanuy,200.0,France,2024-06-18,21.29
REC-262443,8835,Cocktail Rodeo,Hacendado,250.0,Spain,2024-11-20,14.05
REC-300455,8033,Nesquik Cereal Riegel Schoko,Nestlé,25.0,France,2025-08-31,12.68
REC-559187,6767,Crackers Protéiné,Tastino - Lidl,200.0,France,2025-04-10,1.3
REC-551880,5323,Raffaello,Ferrero,30.0,France,2024-07-26,12.68
REC-875951,13400,Biscuit Novellino Lait Et Miel,-,350.0,Italia,2025-12-25,22.36
REC-961341,11053,Madeleines,St Michel,800.0,France,2024-06-11,20.95
REC-779865,9856,Salted Giant Pretzel,Marks & Spencer,150.0,United Kingdom,2025-09-20,24.29
REC-450014,6889,Chocolate Negro Cacao Con Almendras Enteras,Hacendado,200.0,Spain,2024-03-25,22.06
REC-257723,10583,Squares Salt Vinegar,Walkers,22.0,Guernsey,2025-08-02,10.66
REC-320657,6391,Proper Chips Sea Salt Lentil Chips,Proper,20.0,France,2024-06-12,4.18
REC-331889,5537,Rollino Cacao,-,180.0,Spain,2024-03-04,12.49
REC-442842,7227,,Milka,6100.0,France,2024-12-01,12.58
REC-836131,11880,Roshen Mlkchoc Aerated,Roshen,80.0,Bulgaria,2025-10-15,9.25
REC-552094,11207,Dark Peru ,Waitrose,100.0,United Kingdom,2025-02-12,1.65
REC-314355,8588,Cremali Mini Wafers,-,180.0,Morocco,2024-10-18,12.68
REC-209994,13964,Cool Tortillas,By Sainsbury'S,462.5,France,2024-07-09,23.52
REC-302852,7235,Oreo White,Milka,100.0,Marruecos,2024-10-14,14.37
REC-252289,7969,Moelleux Chocolat,Alsa,435.0,France,2024-03-14,14.47
REC-624477,8992,Gâche Tranchée Bio,La Boulangère,400.0,France,2025-12-30,13.39
REC-226234,12976,Doriano Sea Salt Crackers,Bauli,245.0,Italy,2024-08-19,11.35
REC-694905,6640,Chips Snack,Snack Day,75.0,Frankrijk,2024-04-14,1.81
REC-529318,11733,Happy Hippo,Kinder,1035.0,France,2025-06-30,2.67
REC-425069,14727,Milka Alune Intregi Ceo Lesnik,Milka,150.0,Algeria,2025-06-22,8.38
REC-573124,12034,Mylk Vanilla,-,235.0,Gb,2024-12-30,11.81
REC-746462,11307,Caramel Choc Bar,Nomo,38.0,Australia,2024-09-01,21.07
REC-603751,12793,Chicles Fresa,Hacendado,100.0,Spain,2026-01-30,17.09
REC-442131,11425,Cool Sweet Potato Tortilla Chips,M&S,150.0,Gb,2025-11-21,12.68
REC-262111,11915,,Hacendado,90.0,Marruecos,2025-09-12,12.58
REC-453635,10969,Crunchy Oats Honey Granola Bars,Harvest Morn,210542.0,Ireland,2024-03-08,3.28
REC-704386,13365,Gerble Organic Oatmeal Coconut Cocoa Cookie G Oz,Gerblé,132.0,France,2024-02-29,17.15
REC-983684,6209,Pringles Flame Spicy Bbq,Pringles,160.0,France,2025-06-06,9.3
REC-626207,14494,Wheat Thins Original,Nabisco,14.0,United States,2025-08-21,14.1
REC-633149,14299,Mini Fourrés Chocolat Noir,Bjorg,180.0,France,2025-03-23,9.88
REC-980566,7513,Roasted Garlic Extra Virgin Olive Oil Flatbread,Taste-The-Difference,195.0,United Kingdom,2024-04-20,22.21
REC-385551,12089,Galettes Bretonnes,Carrefour Bio,200.0,France,2024-12-09,11.4
REC-168224,5553,Gaufres Aux Oeufs Frais Au Sucre Glace,Lotus,371.0,France,2025-01-14,2.71
REC-991801,13050,Abbracci,-,700.0,It,2024-02-16,18.83
REC-404815,11181,Sea Salt Cider Vinegar Activated Chips,-,80.0,United Kingdom,2024-08-22,13.78
REC-254809,6164,Neo Giant,Lidl,200.0,France,2024-11-11,1.02
REC-976325,9203,Merendina,Bimo,46.5,Morocco,2024-05-11,13.87
REC-381295,12308,LayS Recette Paysanne Nature Maxi Format,Lay'S,150.0,Fr,2024-04-27,20.56
REC-851782,9681,Lays Salted Chips,Lay'S,150.0,Germany,2025-06-09,12.68
REC-602163,13545,Mango Pure Fruit Wind Ups,Alesto,520.0,Gb,2024-09-23,18.7
REC-201270,8688,Recette À L’Ancienne,Lay'S,168.0,Fr,2025-01-09,15.7
REC-134626,12045,Haferkraft Haselnuss Zero,Corny,150.0,Germany,2025-02-04,24.76
REC-908235,5283,Haribo Happy Cola,Haribo,175.0,Deutschland,2025-10-10,5.5
REC-420495,10110,Raspberry Porridge Oat Bar,Stoats,142.0,United Kingdom,2024-12-31,16.14
REC-409462,6155,Baked Salt And Vinegar Crisps,Walkers,622.0,Gb,2025-08-08,14.29
REC-453588,5631,Chipsfrisch Gesalzen,Funny-Frisch,150.0,Germany,2025-09-13,22.12
REC-885621,13952,Biscuits Au Cacao Fourrés Vanille,-,176.0,France,2024-05-21,22.29
REC-121365,9216,Biscuit Sablé Nappé Céréales ,Biocoop,140.0,Fr,2024-05-21,5.27
REC-674098,13554,Apple Cinnamon Porridge Oat Bar,Stoats,442.0,Gb,2024-07-06,2.54
REC-576134,14686,Pick Up Fourré Au Lait,Bahlsen,168.0,France,2026-01-02,3.99
REC-421148,9013,PickUp,Bahlsen,168.0,France,2026-01-25,21.9
REC-556821,9312,Biscuits Chocolat Gingembre,Bjorg,130.0,France,2025-11-09,23.81
REC-785071,14907,Biscotti Misura Protein,Misura,330.0,Italy,2024-06-13,1.18
REC-197068,10831,Feastables Milk Chocolate,Feastables,60.0,Germany,2024-05-03,4.02
REC-246376,9760,,St Michel,240.0,France,2024-02-28,12.58
REC-797045,10937,Tony Chocolate Dark Hazelnut,Tony'S Chocolonely,180.0,United Kingdom,2024-07-16,14.54
REC-770896,7552,Extra Fresh Professional,Wrigley‘S,1.0,Germany,2025-07-19,6.23
REC-943432,7445,Italian Crackers Made With Sourdough,Arden & Amici,250.0,United Kingdom,2025-11-20,23.1
REC-331159,11984,Kyoto Style Mix,Snacks Of The World,150.0,Austria,2024-05-29,20.5
REC-212441,8075,Batatas Fritas Sabor Serrano,Hacendado,150.0,Romania,2024-12-16,18.02
REC-512760,9669,Maltesers,-,175.0,France,2024-08-24,7.74
REC-641607,13363,Milk Chocolate,Lindt Classic Recipe,180.0,United Kingdom,2025-11-10,10.36
REC-550518,6679,Mars,Mars,225.0,Germany,2025-12-07,14.76
REC-389931,9139,Lemon Poppy Seed Oat Bars,-,350.0,United Kingdom,2026-01-03,23.43
REC-675515,9984,Original Sourdough Crispbread,Peter'S Yard,125.0,United Kingdom,2025-10-16,22.61
REC-295799,5057,Lentil Chips,-,180.0,United Kingdom,2025-12-19,10.72
REC-754512,10356,Carlotti Chocolate Au Lait,Carlotti,100.0,Morocco,2024-05-06,13.35
REC-364878,10701,Biscuits Delacre Sprits Chocolat Au Lait G,Delacre,200.0,France,2024-03-09,9.72
REC-140930,8675,Cinnamon Almond Butter Biscuits,-,180.0,France,2025-04-21,23.16
REC-176563,14114,Extra Fine Dark Chocolate,Marks & Spencer,115.0,France,2025-03-05,18.91
REC-392289,9317,Tortilla Strips,Kirkland,48.0,Estados Unidos,2024-04-12,3.0
REC-417999,5547,BeKind Caramel Almond Sea Salt,Be-Kind,180.0,France,2025-11-10,20.65
REC-349903,13556,Amaretti,Italiamo,200.0,France,2026-01-06,1.87
REC-701402,8537,Lait Raisins Secs Noisettes,Bellarom,200.0,France,2025-05-29,22.89
REC-861300,13977,Studentenfutter Exotic,-,200.0,France,2025-09-03,14.2
REC-521956,5911,Lebkuchen Hearts Pretzels Stars Zartbitter,Favorina,500.0,France,2026-01-11,18.83
REC-706330,8444,Grissini Rosmarino Breadsticks With Rosemary,Italiamo,300.0,France,2026-01-03,2.78
REC-821942,9249,Alesto Cashew Erdnuss Mix Hot Chili,Alesto,200.0,France,2024-11-15,20.0
REC-979001,13072,,Duc De Coeur,125.0,Франция,2024-04-02,12.58
REC-583796,5183,Véritable Petit Écolier Pocket,Lu,250.0,France,2024-06-14,6.71
REC-243999,13194,Goldbears G,Haribo,300.0,France,2025-04-17,12.68
REC-705522,5094,Bénénuts Cacahuètes Grillées Non Salées,Benenuts,200.0,France,2024-09-01,12.68
REC-775118,12949,Doritos Goût Nacho Cheese,Doritos,230.0,France,2025-05-04,15.41
REC-487779,14309,Sablé Nature Aux Graines De Chia,Gerblé,13234.0,France,2024-04-27,17.3
REC-451410,11975,Tartines De Pain Brioché,Brioche Pasquier,210.0,France,2025-01-16,9.94
REC-934428,10593,Chocolat Noir Dégustation ,-,100.0,France,2024-12-02,16.28
REC-871555,14624,Madeleines Coquille Individuelles,Chabrior,600.0,France,2025-07-31,8.54
REC-117898,8527,Sables,U,200.0,France,2024-10-26,12.25
REC-131985,5299,Barres De Céréales Figue X G,U,126.0,France,2025-05-30,24.55
REC-971763,6257,Barre De Céréales Riz Et Blé Complet Chocolat X G,U,126.0,France,2025-09-20,6.09
REC-220290,7805,Macédoine De Légumes,Carrefour,800.0,France,2024-07-01,15.17
REC-599958,7951,PTit Déj Céréales Complètes,Carrefour,400.0,France,2024-07-28,22.4
REC-263282,6216,Palmiers,Marque Repère,100.0,France,2025-01-15,22.37
REC-349262,11477,PomLisse Chips CraquAntes,Marque Repère,150.0,France,2024-04-20,12.68
REC-611327,8969,Tuiles Goût Nature,Marque Repère,300.0,France,2025-04-25,16.34
REC-265760,13936,Déli Matin Miel Pépites De Chocolat,Marque Repère,300.0,France,2025-11-11,17.89
REC-381337,7657,Chocolat Au Lait,Poulain,95.0,France,2025-02-13,5.82
REC-800212,11269,Mon Biscuit Bio Vanille,A&O,44150.0,France,2024-06-11,5.29
REC-202870,13152,,Trolli,50.0,France,2025-12-01,12.58
REC-217549,7976,Haferkraft Cranberry Kürbiskern,Schwartauer Corny,435140.0,Deutschland,2025-06-26,16.1
REC-801549,14163,Snickers X,Mars,250.0,France,2025-11-14,18.04
REC-157464,10894,Baked Sea Salt,Walkers,141.0,France,2024-07-07,14.16
REC-782597,14965,Barre De Céréales Frusli Fruit Rouges🍓,Jordans,630180.0,France,2024-03-10,22.08
REC-969890,8289,NutriGrain Strawberry Cereal Bars Imp,Kellogg'S,6.0,France,2025-11-16,3.63
REC-318931,11124,Gently Baked Mango,Urban Fruit,35.0,France,2025-05-07,11.95
REC-516184,12070,Prince Pocket Biscuits Fourrés Parfum Chocolat,Lu,40.0,France,2024-12-09,19.28
REC-874761,7093,Biscoff,Lotus,124.0,Australia,2025-05-22,20.89
REC-330782,9944,Twix Xtra,Mars Norge As,75.0,Austria,2025-12-03,24.1
REC-853470,11464,Elephant Squeezed Pretzels Honey Mustard Onion,Alka,180.0,France,2024-12-05,15.39
REC-781736,9386,LayS Edible Salt,Lay'S,150.0,Morocco,2024-11-23,1.84
REC-463353,12435,LayS With Cheese And Onion Flavor,Lay'S,150.0,Morocco,2025-07-01,22.47
REC-549112,12510,Lindt Milch • Au Lait• Milk,Lindt,300.0,Australia,2025-06-27,10.91
REC-655311,13581,Les Grandes Noisettes Noir,Lindt,150.0,France,2024-10-23,1.86
REC-833811,14931,Toblerone,Toblerone,35.0,Bolivia,2025-08-19,24.82
REC-906092,13589,Oreo Golden,-,500.0,Dinamarca,2024-06-05,7.92
REC-903444,14907,Granola Brownie Chocolat Intense,Granola,180630.0,France,2025-07-30,19.67
REC-301534,8931,Milka Mmmax Ganze Haselnüsse,Milka,270.0,Germany,2025-12-24,21.88
REC-269293,6607,Milka Alpenmilch Schokolade,Milka,270.0,Austria,2024-05-25,21.1
REC-217839,5053,,-,150.0,France,2025-08-20,12.58
REC-497381,11550,Prince Maxi Gourmand,Lu,25011.0,Belgium,2025-01-04,12.68
REC-571992,5111,Choco Biscuits,Milka,150.0,Canada,2024-07-09,24.08
REC-918760,12572,Granola Cookies Chocolat Noisettes,Granola,184.0,France,2024-06-29,24.79
REC-557321,5528,Cracker Tuc Classico,Mondelez,250.0,Italia,2025-06-12,3.81
REC-834515,11654,Ferrero Collection,-,269.0,France,2025-03-16,8.68
REC-844427,11053, Antica Ricetta,San Carlo,150.0,France,2025-05-29,16.79
REC-236378,10559,Nero Nero ,-,75.0,France,2024-05-09,23.42
REC-584619,14413,Choco Keks,Schär,3.0,Croatia,2025-01-22,12.86
REC-658055,6839,Active Integral Gullón,-,840.0,France,2025-12-14,4.61
REC-931340,13402,Galletas Integrales Arándano Azúcares Añadidos,Santiveri,190.0,Spain,2026-02-02,19.83
REC-168071,6540,Maíz Crujiente Y Tierno,Hacendado,170.0,Spain,2024-05-08,15.84
REC-868200,7045,Sweet Popcorn,Tesco,110.0,France,2025-03-26,14.53
REC-958945,9639,Digestives Milk Chocolate,-,433.0,France,2024-02-11,2.42
REC-568921,13985,Galletas Saladitas,Hacendado,350.0,Spain,2025-10-08,21.32
REC-738399,11535,Milka Oreo Brownie,Milka,100.0,Morocco,2024-10-09,14.03
REC-796830,11134,Sablés Noisette Chocolat,Bonne Maman,150.0,France,2024-12-14,21.72
REC-291419,14870,Brown Rice Crisps With Chia Seeds Quinoa,Snack Day,300.0,Белгия,2025-02-11,12.68
REC-867989,13739,Cocoa Orange,Nakd,127.5,Gb,2025-03-30,3.78
REC-774268,8212,Chocolate For Change Dark Chocolate With Orange,Coop,100.0,Germany,2025-03-23,14.41
REC-432494,13398,Lait Dessert,Fin Carré,200.0,France,2025-01-03,17.58
REC-117507,8050,Rusticotti,Balocco,700.0,France,2025-09-02,21.35
REC-692469,11809,Cheddar Onion Chutney Rolls,Higgidy,160.0,Gb,2024-12-07,7.47
