Student_ID,Full_Name,Date_of_Birth,Grade_Level,Emergency_Contact,Emergency_Contact_Ext
S00001,Donna Williams,2007-02-10,Grade 3,+17815344258,9046
S00002,John Stafford,2014-11-26,Grade 5,+17826916291,99704
S00003,Chad Harper,2017-02-07,Grade 3,+13085173750,-
S00004,Anthony Martin,2014-10-11,Grade 5,+13067711524,116
S00005,Mary Stone,2016-01-04,Grade 3,+17944848495,7772
S00006,Joe Wells,2017-06-29,Grade 2,+19338645644,501
S00007,Margaret Nixon,2009-12-04,Grade 4,+17067080421,412
S00008,James Wheeler,2011-01-25,Grade 1,+16058180057,877
S00009,Benjamin Cook,2007-10-04,Grade 4,+14895037511,611
S00010,Aaron Callahan,2012-02-18,Grade 4,-,-
S00011,Christopher Church,2008-02-23,Grade 1,-,-
S00012,Jonathan Solis,2016-07-07,Grade 1,+15342534789,8656
S00013,Robert Sanders,2008-04-30,Grade 2,+16376421016,7779
S00014,Melanie Gilmore,2006-08-19,Grade 4,+15698428327,8506
S00015,Alexandria Wallace,2006-06-21,Grade 2,+12832596520,7061
S00016,Ann Wilkerson,2007-09-02,Grade 3,+17352700046,90671
S00017,Kelly Delgado,2015-06-28,Grade 2,+19938712154,45650
S00018,Michael Baker,2008-07-21,Grade 1,+12665645904,54580
S00019,Jennifer Adams,2015-01-03,Grade 4,+12096138159,-
S00020,Elizabeth Lopez,2016-04-21,Grade 3,+14367819737,4414
S00021,Patricia Atkins,2019-01-07,Grade 5,+19084006429,947
S00022,Justin Wright,2010-06-25,Grade 2,+19759149462,2990
S00023,Justin Sandoval,2016-05-22,Grade 1,+18986795228,-
S00024,Kimberly Massey,2008-05-05,Grade 3,+18884449025,-
S00025,Theresa Marsh,2009-04-18,Grade 2,+16766966482,-
S00026,Todd Noble,2006-05-03,Grade 3,+17303991378,-
S00027,Jonathan Cline,2009-03-13,Grade 3,+19033367816,-
S00028,Diana Fitzpatrick,2008-09-12,Grade 5,+14683290737,-
S00029,Brandi Winters,2007-01-14,Grade 3,+12236286249,-
S00030,Vincent Harrison,2013-01-26,Grade 3,+17959198159,-
S00031,Michael May,2009-01-13,Grade 4,+13756420607,9672
S00032,Katherine Chang,2010-09-03,Grade 4,+14356171689,00179
S00033,Kenneth Levine,2019-01-15,Grade 1,+15295060532,-
S00034,Melissa Cohen,2016-08-20,Grade 1,+19557374295,-
S00035,Pamela Lambert,2010-11-06,Grade 2,+15913609003,-
S00036,James Stewart,2010-10-03,Grade 3,+14627695212,47777
S00037,Rebecca Barr,2007-04-24,Grade 1,+18193326636,418
S00038,Brandi Carroll,2018-09-04,Grade 1,+19394503967,848
S00039,Jordan Jenkins,2018-12-16,Grade 1,+13937091081,-
S00040,Frank Douglas,2017-08-22,Grade 5,+15614023053,-
S00041,Robert Walters,2017-03-28,Grade 1,+15747421671,902
S00042,Timothy Russell,2010-02-03,Grade 3,+17145710022,0344
S00043,Amanda Davis,2008-01-17,Grade 2,-,-
S00044,Vicki Whitaker,2013-10-16,Grade 1,+15428613947,-
S00045,Melanie Martinez,2011-03-07,Grade 5,+17336066480,-
S00046,Michael Pennington,2012-03-08,Grade 1,+15579762931,631
S00047,Deborah Robinson,2012-07-19,Grade 1,+16445218876,-
S00048,Jonathon Ortiz,2016-06-27,Grade 2,+13838713344,-
S00049,David Soto,2015-05-06,Grade 2,+18903443191,4523
S00050,Alex Evans,2006-10-05,Grade 2,+13202020791,71781
S00051,Jesse Hayes,2015-02-16,Grade 5,+14885149535,46355
S00052,Robert Fox,2009-02-16,Grade 4,+18108141294,88853
S00053,Brian Meyer,2010-08-25,Grade 4,+13919731573,4962
S00054,Thomas Morales,2017-09-30,Grade 2,+19015685838,-
S00055,Susan Miller,2012-07-18,Grade 4,+16272940839,30853
S00056,Victoria Lewis,2006-08-25,Grade 3,-,-
S00057,Robert Foster,2012-07-02,Grade 5,+19737272308,-
S00058,Steven Donovan,2017-06-06,Grade 5,+13097416530,084
S00059,Kiara Meadows,2008-02-03,Grade 2,+15268733321,-
S00060,Shawn Carroll,2007-08-27,Grade 3,+12849976975,318
S00061,Kent Davenport,2012-08-05,Grade 4,+19748184092,-
S00062,Jason Clark,2018-07-22,Grade 3,-,-
S00063,Jason Marquez,2016-08-01,Grade 2,+16722077384,-
S00064,Danielle Curtis,2012-04-12,Grade 3,+19375020746,53513
S00065,Laura Stanley,2015-12-13,Grade 2,+18409353883,-
S00066,Wyatt Nelson,2010-01-10,Grade 5,+19384962179,2337
S00067,Philip Hill,2015-02-02,Grade 1,+12657658985,04502
S00068,Robert Clark,2017-09-09,Grade 3,+16469950750,-
S00069,William Ford,2011-03-11,Grade 5,+16772941469,96297
S00070,Martin Bennett Md,2010-01-02,Grade 1,+14472144052,-
S00071,Madison Ellis,2012-06-16,Grade 4,+19296693154,-
S00072,Dean Cook,2014-11-04,Grade 4,+17588441898,-
S00073,Christopher Salinas,2011-01-04,Grade 5,+13455731319,25182
S00074,Mr. Mark Erickson,2017-03-14,Grade 4,+18302264434,860
S00075,Jasmine Allen,2017-10-12,Grade 1,+12018302268,-
S00076,Robert Martin,2013-06-28,Grade 1,+15837323507,-
S00077,Amanda Perry,2009-03-22,Grade 2,+16612651096,-
S00078,Brian Sims,2012-02-11,Grade 3,+16455692056,-
S00079,Krista Martinez,2008-05-03,Grade 2,+12818132086,65169
S00080,Aaron Baldwin,2013-04-26,Grade 4,+18059390145,-
S00081,John Underwood,2013-05-01,Grade 1,+15479434476,-
S00082,Shawn Martin,2016-10-12,Grade 4,+17357612346,7222
S00083,Michael Harrison,2017-07-21,Grade 3,+12123467556,883
S00084,Wanda Eaton,2012-09-14,Grade 4,+19203339999,29113
S00085,Taylor Juarez,2018-06-07,Grade 2,+18237917451,6613
S00086,Michael Lee,2010-03-24,Grade 3,+15778316105,317
S00087,Beth Mendoza,2012-01-18,Grade 3,+18873944200,-
S00088,Michele James,2014-08-08,Grade 5,+16422077825,9469
S00089,Noah Dougherty,2006-06-02,Grade 5,+18592553549,677
S00090,David Downs,2011-11-26,Grade 2,+19228134880,-
S00091,Mary Williams,2014-10-19,Grade 3,+18607600220,9569
S00092,Jason Parker,2011-02-15,Grade 3,+15635730168,-
S00093,Robert Stewart,2009-06-30,Grade 1,+14777897616,158
S00094,Paul Ortega,2013-02-15,Grade 2,+19994317914,-
S00095,George Williams,2008-09-01,Grade 2,+14013998240,5936
S00096,Dawn Hall,2007-05-21,Grade 4,+17957924545,-
S00097,Tyler Schroeder,2009-03-25,Grade 5,+13147618012,48970
S00098,Courtney Taylor,2006-06-03,Grade 3,+12587793223,424
S00099,Jason George,2011-06-04,Grade 2,-,-
S00100,Anthony Villarreal,2016-04-12,Grade 3,+19356173478,6764
S00101,William Mitchell,2008-11-06,Grade 5,+17499237131,37550
S00102,Stacey Ramos,2011-06-11,Grade 4,+17649751451,-
S00103,Jacqueline Richard,2010-10-19,Grade 5,+17449268903,-
S00104,Allison Flores,2014-10-06,Grade 3,+17568298027,-
S00105,John Singleton,2008-07-21,Grade 3,+15596036410,-
S00106,Matthew Chandler,2006-12-29,Grade 1,+17794981573,-
S00107,Brian Ferguson,2017-01-13,Grade 3,+12598513309,68675
S00108,James Orozco,2012-08-10,Grade 5,+17747796874,1712
S00109,Sandy Lee,2017-09-28,Grade 1,+14646080980,749
S00110,Scott Perez,2007-04-19,Grade 5,+19486288304,11021
S00111,Dylan Jones,2009-10-01,Grade 1,+18137511036,-
S00112,Barbara Taylor,2015-10-26,Grade 5,-,-
S00113,Brandon Garcia,2006-08-15,Grade 2,+15414634530,74598
S00114,Kathryn Wilson,2009-08-02,Grade 2,+13023666634,-
S00115,Brian Lowe,2007-10-29,Grade 3,+12227613749,29075
S00116,Julie Schneider,2016-07-12,Grade 1,+16254500857,-
S00117,Julie Bush,2014-07-26,Grade 5,+17264274243,66185
S00118,Ellen Carter,2016-05-31,Grade 3,+18367972128,-
S00119,Kimberly Ryan,2007-02-20,Grade 1,-,-
S00120,Paul Ramos,2018-09-25,Grade 1,+14538508972,4586
S00121,Benjamin Martin,2012-03-27,Grade 4,+16808676297,1013
S00122,Kristine Johnston,2014-02-01,Grade 4,+17928967675,900
S00123,Elizabeth Morales,2018-03-18,Grade 2,+19578073322,9791
S00124,Glenn Alexander,2015-10-31,Grade 5,+17494465768,5902
S00125,Charles Guerrero,2017-04-25,Grade 5,+18666889369,-
S00126,Jeremy Rhodes,2011-03-05,Grade 3,+17167508815,-
S00127,Denise Evans,2010-06-23,Grade 3,+16498019380,-
S00128,Dr. Jamie Stewart,2007-04-14,Grade 3,+13104263533,5178
S00129,Anthony White,2017-01-30,Grade 2,+17744901258,-
S00130,Eduardo Miranda,2012-06-30,Grade 1,+19906385401,29299
S00131,Gregory Schroeder,2013-04-05,Grade 3,-,-
S00132,Jeremiah Frank,2015-11-30,Grade 1,+14464935059,44155
S00133,Kathy Jordan,2016-06-09,Grade 4,+16829656945,6002
S00134,Brett Knight,2018-06-20,Grade 4,+19722735638,-
S00135,Traci Johnson,2007-07-28,Grade 1,+16562939872,-
S00136,Mr. John Salas,2016-04-18,Grade 2,+15566203226,8281
S00137,Cory Garcia,2011-09-12,Grade 4,+19676379410,-
S00138,Michael Mccall,2017-07-17,Grade 2,+16536298453,-
S00139,Jeffrey Pace,2014-04-17,Grade 5,+18542418982,-
S00140,Joshua Smith,2007-06-01,Grade 3,+17416492163,714
S00141,Mary Mccullough Dds,2006-06-19,Grade 5,+17167525816,998
S00142,Brian Phillips,2009-10-04,Grade 5,+18744617223,9991
S00143,Cynthia Macdonald,2008-06-12,Grade 3,+19163724695,15443
S00144,Dylan Riddle,2016-05-16,Grade 5,+12803832852,122
S00145,Bonnie Mitchell,2017-05-12,Grade 3,+13874906820,-
S00146,Kaylee Stewart,2009-10-05,Grade 1,+17749463285,062
S00147,Kimberly Williams,2009-01-11,Grade 2,+16567747324,-
S00148,Travis Moreno,2015-05-13,Grade 5,+15684239707,37227
S00149,Nicholas Pope,2015-08-06,Grade 3,+18318076360,-
S00150,William Griffin,2015-06-09,Grade 5,-,-
S00151,Kenneth Mccormick,2018-05-26,Grade 1,+19577459765,55393
S00152,Hannah Baker,2017-12-30,Grade 5,+17532182172,24296
S00153,Megan Noble,2014-07-06,Grade 2,+13819596172,50580
S00154,Chris Robles,2012-06-13,Grade 4,+12872375597,080
S00155,Sean Baker,2006-06-04,Grade 3,+17874169684,743
S00156,Joy Wilkins,2010-01-03,Grade 4,+15264680151,-
S00157,Derrick Hall,2011-12-14,Grade 3,+13108109893,-
S00158,Jordan Compton,2017-08-18,Grade 3,+16658116217,4175
S00159,Erika Johnson,2013-03-19,Grade 1,+19596835469,-
S00160,Robert Gibson,2017-02-22,Grade 5,+19335035929,-
S00161,Jill Valdez,2014-12-07,Grade 2,+17958727881,0527
S00162,Robert Baxter,2017-10-11,Grade 3,+18638308594,551
S00163,Ryan Gordon,2007-01-09,Grade 1,+17737402829,-
S00164,Angela Gregory,2012-01-06,Grade 2,+18916789593,0460
S00165,Christina Parker,2008-04-11,Grade 4,+19775233238,06614
S00166,Melissa Williams,2011-11-22,Grade 5,+14693005323,87878
S00167,Mrs. Jody Campbell,2016-08-17,Grade 5,+16867844423,112
S00168,Abigail Ochoa,2018-10-25,Grade 1,+13684541821,04368
S00169,Susan Lloyd,2015-08-05,Grade 3,+12742873477,95645
S00170,Krista Stewart,2014-03-16,Grade 5,+18962098455,29533
S00171,James Davila,2017-10-29,Grade 2,+16884899712,0262
S00172,Julia Barnes,2008-09-07,Grade 2,+16014552938,238
S00173,Gregory Santos,2013-08-20,Grade 3,+12416698148,705
S00174,Michael Smith,2015-12-24,Grade 2,+16814240282,-
S00175,Cynthia Torres Md,2007-03-31,Grade 4,+18009497526,-
S00176,Tyler Adams,2010-10-29,Grade 3,+16675347289,3502
S00177,Rachel Morgan,2008-02-15,Grade 1,+12707477816,-
S00178,Jessica Roberson,2013-08-02,Grade 1,+12606768371,68947
S00179,Christopher Carter,2018-09-03,Grade 3,+15105759055,-
S00180,Carla Allen,2016-07-19,Grade 5,+15317490576,22563
S00181,Gregory Davis,2014-05-13,Grade 4,+13038036153,296
S00182,Jimmy Mcintosh,2012-10-28,Grade 1,+14356337347,300
S00183,John Tyler,2018-01-12,Grade 2,+15613969968,990
S00184,Mathew Thomas,2015-05-29,Grade 5,+15469175688,-
S00185,Roy Booth,2012-07-16,Grade 2,+19037899676,5480
S00186,Holly Moore,2012-01-04,Grade 5,+17185803296,7478
S00187,John Williams,2018-07-17,Grade 4,+18288137149,-
S00188,Jeffrey Barnes,2007-10-24,Grade 2,+19454609376,3464
S00189,Morgan Diaz,2018-03-02,Grade 2,+15203671169,-
S00190,Daniel Baxter,2011-12-04,Grade 5,+12347643911,11140
S00191,Samantha Jackson,2018-07-30,Grade 2,+17904295919,-
S00192,Christy Frazier,2011-12-19,Grade 2,+19704533104,56607
S00193,Molly Davis,2014-08-05,Grade 4,+15124777785,-
S00194,Barbara Frederick,2018-05-22,Grade 4,+17063429995,1816
S00195,Rita Sosa,2017-01-05,Grade 4,+15182333212,61085
S00196,Anna Good,2011-12-07,Grade 3,+16796468286,-
S00197,John Mclaughlin,2014-05-25,Grade 2,+13433332472,10828
S00198,Haley Young,2013-04-23,Grade 5,+17045181533,29368
S00199,Renee Hunt,2012-10-06,Grade 3,+15942199144,5443
S00200,Daniel Stewart,2012-02-17,Grade 4,+13055662294,5737
S00201,Thomas Pugh,2013-02-16,Grade 5,+12645191497,5267
S00202,Laura Smith,2007-04-28,Grade 5,+16455662214,-
S00203,Andrew Shepard,2012-01-07,Grade 1,+15574295075,77641
S00204,April Mann,2006-09-18,Grade 4,+12078333085,876
S00205,Danielle Carter,2010-04-23,Grade 3,+14333660330,826
S00206,Suzanne Gilbert,2007-07-28,Grade 1,+12069780922,211
S00207,Samantha Phillips,2018-06-23,Grade 5,+12649115307,-
S00208,Troy Dudley,2014-02-02,Grade 4,+15037492823,815
S00209,Daniel Bennett,2010-04-17,Grade 4,+17219819285,-
S00210,Brenda Butler,2011-07-25,Grade 4,+15237717577,9540
S00211,Jessica West,2013-07-11,Grade 5,+18933970073,2346
S00212,Kristin Drake,2008-10-22,Grade 1,-,-
S00213,William Patterson,2014-08-13,Grade 5,+16494451660,-
S00214,Allison Cruz,2016-01-01,Grade 2,+18052085816,-
S00215,Marie Carter,2015-09-16,Grade 2,+17274868639,877
S00216,Stephen Vaughn,2017-10-25,Grade 3,+16583634611,8929
S00217,Donna Taylor,2015-09-22,Grade 4,+13218878509,8401
S00218,Lisa Cooley,2015-12-02,Grade 1,+12725351555,-
S00219,Jonathan Ward,2014-01-01,Grade 1,+13755055283,749
S00220,Wanda Sanchez,2007-08-31,Grade 1,+17144697556,5445
S00221,Christopher Maynard,2016-08-22,Grade 3,+16376071193,-
S00222,Juan Richard,2017-04-18,Grade 3,+18108393427,-
S00223,Bob Mccall,2015-06-30,Grade 1,+16577280571,045
S00224,Jennifer Malone,2011-10-20,Grade 3,+15256635545,82012
S00225,Dennis Ibarra,2009-09-14,Grade 3,+15704107520,-
S00226,Jessica Garcia,2007-08-30,Grade 4,+13635497552,-
S00227,Nicholas Wright,2008-04-16,Grade 3,+16465600649,02718
S00228,Glenn Ashley,2017-06-23,Grade 3,+17263450839,3632
S00229,Debbie Cooper,2015-07-26,Grade 3,+12002173660,-
S00230,Christopher Haynes,2011-05-19,Grade 1,+14972282883,20003
S00231,Lisa Cross,2014-02-15,Grade 1,+17177670860,-
S00232,Clayton Luna,2007-01-26,Grade 4,+13183524768,11966
S00233,Stephanie Murphy,2012-07-16,Grade 5,+17747626662,94777
S00234,Ronald Wood,2018-04-10,Grade 3,+13335460697,-
S00235,Christine Dorsey,2009-03-10,Grade 3,+17822365011,-
S00236,Anne Waters,2006-04-07,Grade 2,+16824168169,511
S00237,Robert Williams,2018-03-09,Grade 1,+13642413213,-
S00238,Jason Fox,2013-04-02,Grade 4,+14486649894,-
S00239,Sean Lane,2010-11-22,Grade 3,+13248652857,931
S00240,Eric Baxter,2018-06-17,Grade 3,+14848110130,-
S00241,Maria Allen,2009-01-27,Grade 2,+14534408320,-
S00242,Sean Brooks,2018-08-02,Grade 4,+15572898325,-
S00243,Michael Shepard,2009-11-02,Grade 1,+16735026368,-
S00244,Taylor Davis,2007-04-05,Grade 4,+13847314544,38746
S00245,William Norton,2009-03-14,Grade 5,+13074221352,0283
S00246,Jeffery Smith,2015-02-07,Grade 4,+15119308599,9177
S00247,Brittany Mccarthy,2007-07-15,Grade 4,+18919143142,-
S00248,Susan Turner,2014-04-05,Grade 2,+19284550769,80479
S00249,Steven Smith,2010-05-20,Grade 2,+12415478604,-
S00250,William Logan,2007-10-14,Grade 5,+14293968256,59884
S00251,Amy Simon,2014-09-27,Grade 2,+12344810848,-
S00252,Michelle Murphy,2012-07-07,Grade 5,+12509527519,2734
S00253,Clifford Bentley,2016-11-27,Grade 2,+18293960463,5857
S00254,Daniel Bender,2010-05-16,Grade 4,+12499961585,28916
S00255,Spencer Wilson,2017-01-01,Grade 1,+16514592147,454
S00256,Belinda Holt,2006-09-11,Grade 2,+12305221382,-
S00257,Ralph Kelly,2016-12-09,Grade 1,+16962724744,-
S00258,Michael Levine,2017-01-03,Grade 4,+13073070939,-
S00259,Ashley Nicholson,2009-06-06,Grade 3,+17399590159,-
S00260,Caitlyn Davis,2011-07-16,Grade 4,+13028679917,3565
S00261,Kevin Smith,2017-03-30,Grade 1,+19695000112,-
S00262,Kyle Luna,2012-12-01,Grade 3,+13393134903,-
S00263,Dawn Hodge,2008-08-26,Grade 5,+13718036019,85442
S00264,Antonio Chung,2009-07-09,Grade 2,+17564840271,-
S00265,Tracy Chandler,2008-08-11,Grade 3,+14889985404,29392
S00266,Kimberly Mercer,2019-02-04,Grade 3,+16565163590,200
S00267,Laura Mcdonald,2006-10-09,Grade 3,+14092696055,61523
S00268,Shawn Owens,2014-02-11,Grade 1,+15764420241,658
S00269,Michael Flores,2013-03-15,Grade 2,-,-
S00270,Katherine Gill,2010-05-07,Grade 2,+16073435848,378
S00271,Todd Anderson,2010-10-21,Grade 1,+17149981989,7647
S00272,Nicholas Boone,2013-03-03,Grade 3,+19625567663,579
S00273,Natalie Burke,2014-09-07,Grade 1,+16666874187,-
S00274,William Wilkerson,2013-02-04,Grade 3,-,-
S00275,Christopher Turner,2013-06-12,Grade 2,+13804128990,924
S00276,Megan Flores,2018-12-25,Grade 3,+17613150354,9210
S00277,Cheryl Mason,2016-04-21,Grade 4,+17446052373,-
S00278,Matthew Mejia,2014-05-03,Grade 5,+18858088424,487
S00279,Mr. Michael Stewart,2008-06-14,Grade 3,+17564564599,54183
S00280,Christopher Lopez,2011-09-07,Grade 4,+15145755938,1699
S00281,Kimberly Woods,2018-02-19,Grade 1,+17884485766,13591
S00282,James Fuller,2016-08-29,Grade 3,+13514503724,-
S00283,Keith Booker,2011-09-27,Grade 5,+14625596562,-
S00284,Cheryl Green,2009-06-26,Grade 4,+17984662186,4297
S00285,Chad Wood,2012-04-10,Grade 5,+19932499121,-
S00286,Martha Perez,2007-08-19,Grade 3,+19966974699,7295
S00287,Michael Price,2006-11-18,Grade 3,+12668637574,-
S00288,Gary Hudson,2006-11-21,Grade 4,+15027086285,226
S00289,Timothy Hall,2008-07-01,Grade 3,+12647714878,-
S00290,James Camacho,2007-11-14,Grade 5,+16355189356,07862
S00291,Victoria Tucker,2013-06-27,Grade 4,+19268309225,170
S00292,Danny Johnson,2016-03-27,Grade 3,+16106454882,-
S00293,Denise Ramsey,2012-11-15,Grade 3,-,-
S00294,Michelle Barker,2016-07-07,Grade 5,+13145572806,-
S00295,Kyle Lynch,2012-11-15,Grade 4,+12626316941,220
S00296,Tracey Murphy,2014-02-20,Grade 2,+18403317845,984
S00297,Jeremy Ferguson,2014-06-21,Grade 4,+14786726584,0960
S00298,Jeffery Gilmore,2017-03-20,Grade 3,+13255813080,-
S00299,Laura Smith,2011-01-16,Grade 1,+19134014861,52246
S00300,Ms. Karen Thomas Md,2007-06-13,Grade 2,+17602869971,-
S00301,Vanessa Anderson,2014-07-13,Grade 3,+15014231521,4109
S00302,Dr. Valerie Black,2016-01-17,Grade 1,-,-
S00303,Abigail Price,2006-11-01,Grade 2,+18919211661,00937
S00304,Scott Fleming,2013-04-14,Grade 1,+16737733905,982
S00305,Victoria Chambers,2006-07-11,Grade 5,+16304324098,-
S00306,Matthew Butler,2008-01-24,Grade 2,+12302084513,51242
S00307,Christine Daniel,2014-10-22,Grade 1,+16942493882,-
S00308,Grace Hardy,2007-06-18,Grade 2,+13366795747,854
S00309,Emma Thompson,2009-07-20,Grade 3,+12292809049,-
S00310,Christopher Henry,2016-06-02,Grade 2,+13792116066,49207
S00311,Alexandra King,2010-08-04,Grade 4,+15418616241,-
S00312,Henry Rhodes,2015-12-09,Grade 2,+14494008653,305
S00313,Angela Davis,2012-04-27,Grade 2,+19969542014,44063
S00314,Shane Olson,2018-07-30,Grade 3,+15753374190,8246
S00315,Martin Buck,2017-09-07,Grade 1,+18462772933,880
S00316,Taylor Ferguson,2017-07-30,Grade 5,+13639192666,3133
S00317,Kelsey Jones,2018-04-02,Grade 1,+15374715009,643
S00318,Matthew Bass,2006-09-26,Grade 5,+15726955618,-
S00319,Katherine Woods,2014-12-05,Grade 5,+14193283771,-
S00320,Tony Hill,2014-01-01,Grade 3,+16247505412,486
S00321,Gina Thomas,2013-08-15,Grade 4,-,-
S00322,Bryan Johnson,2013-11-18,Grade 5,+12503489737,069
S00323,Kathleen Ewing,2007-07-29,Grade 1,+18803232479,78369
S00324,Brandon Ewing,2012-05-17,Grade 4,+12202387955,8518
S00325,Robert Lopez,2012-04-01,Grade 1,+17094558444,-
S00326,Adrian Smith,2014-02-09,Grade 3,-,-
S00327,John James,2007-05-23,Grade 4,+13822927448,-
S00328,Janice Carter,2013-12-15,Grade 3,+13748131643,-
S00329,Mary Mendez,2015-02-04,Grade 5,+18813804666,-
S00330,Christopher Anderson,2013-05-24,Grade 4,+15162599758,518
S00331,Andre Bruce,2015-06-10,Grade 4,+18045845885,-
S00332,Cynthia Hayden,2016-05-06,Grade 3,+18147305776,-
S00333,Debra Zhang,2018-02-18,Grade 2,+19207149046,-
S00334,Jacob Thomas,2018-07-17,Grade 3,-,-
S00335,Jessica Kim,2018-03-01,Grade 4,+17722443313,0822
S00336,Kristin Blake,2008-11-04,Grade 3,+18039631286,51923
S00337,Laura Ramirez,2007-03-04,Grade 1,+15124456206,4650
S00338,Mark Vega,2013-02-24,Grade 4,+16364023798,-
S00339,Hannah Black,2015-04-25,Grade 5,+13644917527,51134
S00340,Daniel Santos Jr.,2016-03-22,Grade 3,+12728543014,-
S00341,Brittany Gonzales,2017-03-18,Grade 5,+13837742751,-
S00342,Roberto Lowe,2017-04-15,Grade 4,+15912796050,-
S00343,Aaron Edwards,2010-05-30,Grade 1,+14595910894,6660
S00344,Nicholas Hickman,2012-12-31,Grade 3,+17996404267,2583
S00345,Ronald Sullivan,2009-12-06,Grade 1,+14252090599,-
S00346,Todd Day,2018-05-12,Grade 2,+17208868293,-
S00347,Debbie Brooks,2018-03-17,Grade 4,+19314389442,09684
S00348,Lauren Hansen,2009-11-01,Grade 4,+19719809492,-
S00349,Elizabeth Mitchell,2007-03-18,Grade 2,+16872804805,-
S00350,Vanessa Ryan,2009-05-03,Grade 5,+14532654168,810
S00351,Charlene Henry,2008-09-08,Grade 3,+13473094819,88986
S00352,Laura Bailey,2010-11-25,Grade 1,+13914973088,-
S00353,Mary Schneider,2014-11-25,Grade 3,+12072847846,-
S00354,Shawna Johnson,2007-03-29,Grade 5,+15328807552,3135
S00355,Elizabeth Cruz,2007-06-08,Grade 5,+19367616582,16209
S00356,Christine Shaw,2014-07-19,Grade 5,+12347725348,-
S00357,Melissa Mathis,2008-03-03,Grade 5,+13058415452,341
S00358,Steven Jackson,2012-02-11,Grade 2,+19808693884,10686
S00359,Anna Lee,2015-02-19,Grade 1,+18993068746,-
S00360,Zachary Nguyen,2011-11-10,Grade 4,+13217082166,-
S00361,John Anderson,2019-02-12,Grade 1,-,-
S00362,Donald Taylor,2016-09-23,Grade 4,+18329410727,-
S00363,Brian Henry,2013-02-01,Grade 3,+19487320106,-
S00364,Dr. Brett Hall,2010-06-10,Grade 2,+18382537204,-
S00365,Michael Glass,2008-11-25,Grade 3,+19953377703,5266
S00366,Karen Bowman,2009-11-23,Grade 2,+13617145163,-
S00367,Sean Miller,2014-01-30,Grade 1,+12317755967,81773
S00368,Beth Hammond,2012-03-27,Grade 2,+17514858130,-
S00369,Haley Fox,2017-01-19,Grade 2,+17419488914,-
S00370,Christopher Knox,2017-03-06,Grade 1,+17303874971,-
S00371,Kyle Smith,2015-11-13,Grade 1,+18729409360,86789
S00372,Laura Lopez,2013-07-16,Grade 4,+16804927358,-
S00373,Lisa Gray,2013-09-09,Grade 4,+13995355789,439
S00374,Jessica Price,2017-10-14,Grade 1,+16468608453,-
S00375,George Hunter,2013-11-22,Grade 4,+18698506842,-
S00376,Sheryl Lopez Dds,2016-12-31,Grade 5,+16474829522,7880
S00377,Christina King,2014-01-24,Grade 1,+15772614710,-
S00378,William Baker,2016-10-20,Grade 1,+14154022549,3144
S00379,William White,2006-06-01,Grade 3,+19218671952,37917
S00380,Jamie Butler,2010-06-20,Grade 2,-,-
S00381,Dana Robinson,2013-07-04,Grade 1,+15526816994,5776
S00382,David Cline,2019-01-13,Grade 1,-,-
S00383,Kristi Allen,2014-10-09,Grade 1,+18234997234,728
S00384,Melissa Moore,2009-06-06,Grade 4,+15899311524,-
S00385,Alicia Gonzalez,2009-12-03,Grade 2,+15708338817,312
S00386,Christopher Wallace,2013-02-18,Grade 1,+19295831673,770
S00387,Christopher Neal,2008-09-18,Grade 1,+13086096304,-
S00388,Grant Maddox,2011-12-22,Grade 2,+19814847611,46410
S00389,Cameron Gibson,2018-06-19,Grade 1,+12212884630,396
S00390,Kimberly Young,2018-09-09,Grade 2,+12704044954,2565
S00391,Shelly Garner,2009-10-14,Grade 4,+13015785593,28873
S00392,Amanda Wood,2009-07-03,Grade 2,+13253078560,4498
S00393,Stacey Gutierrez,2012-12-21,Grade 3,-,-
S00394,Steven Barnes,2009-12-23,Grade 4,+16665279237,49105
S00395,Deborah Russo,2014-08-30,Grade 3,+14743138638,-
S00396,Jeremy Li,2015-05-16,Grade 1,+12462558338,0462
S00397,Mario Pena,2013-09-19,Grade 2,+15213789806,43305
S00398,Brian Little,2018-02-04,Grade 3,+19596581376,65266
S00399,Jennifer Johnson,2012-05-27,Grade 1,+13238731770,14109
S00400,Ashley Olsen,2008-03-15,Grade 1,+19086443786,1955
S00401,Justin Vang,2007-10-27,Grade 3,+19592975406,925
S00402,Brian Johnston,2013-06-04,Grade 4,+17823101431,-
S00403,Clinton Moss,2009-01-31,Grade 1,+13039293017,74504
S00404,Stacie Jordan,2010-03-15,Grade 5,+15439310299,2602
S00405,Kyle Silva,2007-02-19,Grade 2,+13354956512,1006
S00406,Gregory Smith,2015-09-25,Grade 5,+13635174301,-
S00407,Samantha Martin,2011-04-05,Grade 1,+12288423513,-
S00408,Kathleen Singh,2014-02-08,Grade 2,+18849596930,7478
S00409,Sarah Mendoza,2017-06-11,Grade 5,+16259209989,0417
S00410,Tracy Hernandez,2017-06-05,Grade 4,+19944975218,33233
S00411,John Ochoa,2014-02-14,Grade 5,-,-
S00412,Jean Baker,2017-10-13,Grade 5,+12772408437,-
S00413,Susan Schroeder,2013-08-25,Grade 3,+19097726947,1021
S00414,Denise Johnson,2013-02-17,Grade 5,+13668765045,-
S00415,Danielle Williams,2008-03-03,Grade 4,+14155238820,53122
S00416,Dillon Braun,2013-07-10,Grade 1,+16645679106,-
S00417,Nathan Bowen,2012-02-09,Grade 1,+17429576257,59773
S00418,Charles Odonnell,2008-02-29,Grade 4,-,-
S00419,Ricky Roberts,2015-10-03,Grade 4,+14789419543,-
S00420,Amber Ross,2007-06-19,Grade 5,+14068804542,181
S00421,Kendra Perkins,2009-07-11,Grade 1,+16004652904,-
S00422,Autumn Dorsey,2010-06-23,Grade 2,+15705542403,-
S00423,Logan Mckinney,2013-03-31,Grade 3,+17189548983,-
S00424,Nicholas Adkins,2018-12-23,Grade 2,+15752348371,7337
S00425,Cody Cantrell,2018-11-18,Grade 5,+16102425658,-
S00426,Mary Moon,2018-10-05,Grade 2,+18792074122,31727
S00427,William Brooks,2006-03-21,Grade 3,+19454326662,-
S00428,Jeremiah Morgan,2006-08-03,Grade 1,+16056878458,-
S00429,Meghan Prince,2006-05-15,Grade 3,+13162502606,-
S00430,Cole Solis,2007-05-08,Grade 5,+17864597748,15172
S00431,Jodi Jones,2017-07-17,Grade 2,+13967122203,52658
S00432,Nicholas House,2015-10-10,Grade 4,+14614347483,-
S00433,Donald Thompson,2013-09-04,Grade 2,+12929640291,9545
S00434,Leslie Moody,2012-12-15,Grade 4,+17243074403,50362
S00435,Paul Holloway,2008-09-26,Grade 1,+14537989650,-
S00436,Stephanie Sexton,2012-02-05,Grade 5,+19016081104,733
S00437,Jason Rodriguez,2018-04-24,Grade 5,+19678744928,-
S00438,April Duarte,2017-03-27,Grade 5,+14745722446,-
S00439,Pamela Smith,2009-02-06,Grade 5,+16757743478,-
S00440,Melissa Weiss,2018-09-22,Grade 5,+17319092944,-
S00441,Tony Collins,2012-05-02,Grade 3,+19384631996,-
S00442,Ryan Robertson,2016-09-16,Grade 3,+12512302758,-
S00443,Destiny Lloyd,2014-04-28,Grade 5,+16992043785,984
S00444,Dustin David,2010-02-15,Grade 5,+17074920113,-
S00445,Richard Underwood,2013-06-02,Grade 4,+16602069530,98823
S00446,Miguel Perez,2016-01-27,Grade 3,+13989222274,-
S00447,Michael Morris,2009-08-06,Grade 5,+19742108663,283
S00448,Rachel Knight,2013-09-10,Grade 4,+18859513011,984
S00449,Douglas Robbins,2006-01-10,Grade 5,+13434041021,898
S00450,Jared Turner,2016-05-08,Grade 1,+16959958462,-
S00451,Kathryn Jackson,2016-09-19,Grade 5,+15072827190,654
S00452,Andrew Juarez,2017-04-06,Grade 3,+12695000786,049
S00453,Mackenzie Barron,2012-08-09,Grade 5,+19453859194,-
S00454,Brian Green,2010-12-06,Grade 3,+16317704059,746
S00455,Sarah Peters,2013-06-05,Grade 2,+17859901482,05025
S00456,Rhonda Juarez,2015-12-13,Grade 3,+13559487247,936
S00457,Jesus Lawrence,2011-05-06,Grade 1,+19896404995,4364
S00458,Amber Gray,2011-03-10,Grade 5,+19267254098,89457
S00459,Maria Miranda,2018-09-06,Grade 4,+13158524257,755
S00460,Heather Park,2017-06-09,Grade 4,-,-
S00461,Jose Young,2016-02-22,Grade 5,+14357010998,0726
S00462,Samantha Potter,2009-05-30,Grade 3,+18637910698,705
S00463,Scott Hamilton,2013-01-11,Grade 2,+16938729292,121
S00464,Ronald Thompson,2018-09-17,Grade 1,+13272055939,8628
S00465,Henry Long,2015-08-02,Grade 5,+19253887543,539
S00466,Ashley Parsons,2013-04-12,Grade 2,+17319543326,0796
S00467,Zoe Wright,2016-01-23,Grade 3,+17708540560,47370
S00468,Christopher Dixon,2010-06-04,Grade 1,+18223216819,-
S00469,Lucas Anderson,2013-09-12,Grade 5,+15623253331,-
S00470,Michael Gomez,2013-04-28,Grade 5,+13414937497,202
S00471,Robin Collier,2018-09-10,Grade 3,-,-
S00472,Mrs. Anita Escobar,2014-09-06,Grade 3,+19046305348,-
S00473,Trevor Black,2009-08-14,Grade 1,+18859165566,7012
S00474,Riley Lopez,2010-12-16,Grade 2,+13898014168,69241
S00475,Amy Perry,2007-10-26,Grade 2,+19168939933,-
S00476,Jacob Ramirez,2007-08-23,Grade 5,+13536819160,02500
S00477,Cindy Snyder,2012-03-27,Grade 2,+19169020703,-
S00478,Jeremy Davis,2012-07-05,Grade 1,+12749464584,-
S00479,Nicole Morgan,2015-12-14,Grade 4,+15764924634,854
S00480,Robert Cook,2017-09-26,Grade 3,+13327258683,-
S00481,Terri Austin,2009-11-23,Grade 2,+17939321526,-
S00482,Cesar Wallace,2013-01-19,Grade 5,-,-
S00483,Kendra Noble,2011-05-24,Grade 5,+17079018204,-
S00484,Nicholas Turner,2007-02-23,Grade 3,+18524727127,6052
S00485,Lisa Villarreal,2016-09-08,Grade 3,+12984466469,54394
S00486,Richard Carter,2007-04-02,Grade 5,+15762250960,4768
S00487,Morgan Fisher,2010-09-20,Grade 5,+14769321125,1166
S00488,Joshua Cole,2007-08-09,Grade 1,+14804223843,03545
S00489,Charles Lopez,2017-05-16,Grade 5,+15004938413,7603
S00490,Matthew Fleming,2015-03-18,Grade 1,+18894826193,0895
S00491,Kim Roberts,2010-08-01,Grade 3,+12697659430,884
S00492,Lawrence Jones,2010-06-14,Grade 3,+12278342819,279
S00493,Theodore Leach,2018-02-28,Grade 1,+15084909533,490
S00494,Hector Macias,2011-06-21,Grade 5,+14977736528,44158
S00495,Felicia Lambert,2006-07-17,Grade 3,+19822723000,688
S00496,Victoria Lopez,2014-10-09,Grade 2,+16802735320,-
S00497,Patricia Graham,2015-10-29,Grade 3,+12205881776,0562
S00498,Briana Jennings,2010-08-15,Grade 5,+18782599601,31391
S00499,James Lopez,2014-06-10,Grade 3,+17142401893,-
S00500,Christopher Foster,2014-06-15,Grade 1,+16238285362,32419
S00501,Charles Jones,2014-03-30,Grade 2,+16395942202,53104
S00502,Patricia Peterson,2012-09-01,Grade 5,+17073549495,943
S00503,Larry Palmer,2011-05-15,Grade 1,+18946390523,96061
S00504,Kristen Bridges,2007-08-20,Grade 3,+12578019223,159
S00505,Jessica Holmes,2015-07-27,Grade 2,+13473013217,-
S00506,Susan Thomas,2013-04-13,Grade 5,+14423205529,-
S00507,Mark Dixon,2012-12-20,Grade 3,+17012362271,79990
S00508,Mrs. Kaitlin West,2018-09-05,Grade 3,+13772713222,92410
S00509,David Johnson,2017-12-11,Grade 4,+14536828511,-
S00510,Zachary Ramirez,2010-10-09,Grade 1,-,-
S00511,William Stanley,2014-11-24,Grade 4,+13448439097,-
S00512,Andrea Thompson,2010-01-27,Grade 1,+14514029268,-
S00513,Ashley Cunningham,2014-12-15,Grade 3,+18935388808,-
S00514,Amanda Stephenson,2014-12-28,Grade 1,+14173478040,-
S00515,David Lawson,2018-07-24,Grade 1,+12514964264,54441
S00516,Marisa Baker,2019-02-26,Grade 1,+16078664564,-
S00517,Mrs. Charlene Chang,2013-06-12,Grade 1,+19599709814,80516
S00518,Danielle Palmer,2009-11-26,Grade 4,-,-
S00519,Bonnie Wilson Md,2012-12-03,Grade 3,+19686407770,73231
S00520,Paul Bowers,2016-03-14,Grade 5,+17945107260,8085
S00521,Leonard Price,2010-10-05,Grade 2,+19574460812,928
S00522,Leslie Jacobs,2013-10-07,Grade 1,+19103364908,2618
S00523,David King,2017-04-14,Grade 1,+16394987455,18215
S00524,George White,2017-10-24,Grade 3,+16889910976,5911
S00525,Mr. Justin Thornton,2008-02-03,Grade 5,-,-
S00526,Anthony Gutierrez,2006-11-12,Grade 5,+12317126008,176
S00527,Raymond Le,2006-12-09,Grade 4,+14418467610,-
S00528,Samantha Beard,2011-07-01,Grade 5,+19059525138,-
S00529,Heather Garcia,2012-12-12,Grade 4,+19425271116,404
S00530,Parker Floyd,2012-04-04,Grade 5,+17587712131,9727
S00531,Eric Foster,2017-04-21,Grade 3,+15359366070,50648
S00532,Chris Lam,2018-07-10,Grade 5,+15296573465,3919
S00533,Lee Garza,2010-10-04,Grade 1,+17289078553,-
S00534,George Aguirre,2009-07-06,Grade 5,+12514063526,-
S00535,Jennifer Porter,2011-05-13,Grade 5,+14584015787,-
S00536,Benjamin Johnson,2013-10-03,Grade 5,+17926805765,0461
S00537,Earl Rojas,2016-08-02,Grade 2,+12394852413,063
S00538,Cynthia Garcia,2008-05-18,Grade 4,+17917354737,-
S00539,Christopher Barajas,2009-05-29,Grade 3,+12812717910,3432
S00540,Jessica Gonzalez,2006-06-01,Grade 5,+19645081222,85364
S00541,Joe Garner,2016-09-15,Grade 2,+13557215534,-
S00542,Danielle Young,2006-11-19,Grade 3,+14017948763,934
S00543,Patrick Jennings,2012-06-01,Grade 2,+18543136284,4862
S00544,Norma Roth,2016-10-28,Grade 3,-,-
S00545,Robert Boyle,2012-10-27,Grade 4,+16687177962,25738
S00546,Amanda Murray,2011-10-30,Grade 2,+18963041022,8344
S00547,Mary Gibbs,2013-03-04,Grade 1,+19312674841,99714
S00548,Joseph Nunez,2016-10-13,Grade 5,+15284007977,029
S00549,Javier Gallagher,2006-08-08,Grade 5,+13287229948,-
S00550,Arthur Brown,2013-07-22,Grade 1,+19292578952,391
S00551,Thomas Padilla,2010-07-19,Grade 2,+18068130369,-
S00552,Erika Wall,2010-08-11,Grade 2,+13494771557,-
S00553,Christopher Fletcher,2011-02-07,Grade 2,+19593317651,532
S00554,Kelsey Miller,2011-09-21,Grade 3,+14044264899,04273
S00555,Cameron Turner,2012-09-03,Grade 2,+17228455420,-
S00556,Joseph Clay,2012-04-29,Grade 3,+18932546111,5568
S00557,Elizabeth Stafford,2014-10-23,Grade 5,+16547974661,-
S00558,Michael Hodges,2009-03-25,Grade 5,+17157714429,5636
S00559,David Rose,2007-07-09,Grade 4,+16805486788,23455
S00560,Gregory Payne,2013-11-22,Grade 4,+19373013013,-
S00561,Gina Smith,2006-12-05,Grade 1,+12146574991,004
S00562,Johnny Moore,2013-04-24,Grade 4,+13405982999,8049
S00563,Jody Taylor,2007-04-28,Grade 4,+15557310473,00423
S00564,Jennifer Garcia,2010-03-01,Grade 2,+16457623396,786
S00565,Steven Mcguire,2008-03-07,Grade 1,+14386716000,-
S00566,Danielle Grant,2012-09-14,Grade 4,+14547739867,651
S00567,Curtis Rowe,2007-08-31,Grade 3,+17763335352,0698
S00568,Jennifer Wilson,2015-04-07,Grade 5,+18948490606,0759
S00569,Gloria Pineda,2015-09-07,Grade 5,+14699827889,882
S00570,Jennifer Hernandez,2014-04-13,Grade 3,+17903006682,8023
S00571,Christine Leach,2007-05-22,Grade 3,+19426195430,77352
S00572,Stacey Villegas,2014-07-12,Grade 5,+12167456288,-
S00573,Shelly Mcdowell,2009-12-29,Grade 1,+14538069532,-
S00574,Sara Rosales,2009-03-27,Grade 4,+17477501625,-
S00575,Dennis Montoya,2009-03-08,Grade 5,+12808815227,60679
S00576,John Sandoval,2017-01-28,Grade 2,-,-
S00577,Jerry Mclaughlin,2006-06-28,Grade 4,+18162904316,-
S00578,Jennifer Barnes,2010-02-07,Grade 1,+13866910731,140
S00579,Jorge Lopez,2016-05-31,Grade 3,+15757824221,987
S00580,Robert Garcia,2011-03-03,Grade 3,+17772178968,80510
S00581,Zachary Randolph,2018-06-30,Grade 1,+12643319786,-
S00582,Chad Conley,2018-09-30,Grade 1,+13029635254,-
S00583,Ashley Joseph Md,2014-10-18,Grade 5,+15787020493,-
S00584,John Hunt,2012-11-22,Grade 1,-,-
S00585,Alexis Marks,2013-09-05,Grade 4,+13373788708,-
S00586,Kelly Williams,2010-12-11,Grade 2,+17735556015,779
S00587,Melvin Morales,2015-09-17,Grade 3,+18889385105,-
S00588,Beth Jackson,2012-01-27,Grade 1,+16155902372,-
S00589,Jennifer Park,2010-06-13,Grade 1,+18423674749,674
S00590,Michael Craig,2010-05-28,Grade 4,+19522749903,-
S00591,Neil Webb,2017-09-17,Grade 1,+19902187443,-
S00592,Evelyn Stanley,2008-10-11,Grade 3,+13889697535,-
S00593,Austin Hoffman,2018-09-01,Grade 1,+19702300220,-
S00594,Jeffrey Johnson,2016-06-12,Grade 1,+19866477079,8002
S00595,Anna Porter,2011-07-03,Grade 5,+16638351444,-
S00596,Robert Evans,2011-08-28,Grade 4,-,-
S00597,Robert Townsend,2009-11-28,Grade 5,+16036902185,1126
S00598,Mr. Barry Gonzalez,2016-05-05,Grade 1,+17876909588,-
S00599,Corey Grant,2009-07-07,Grade 5,+18022214513,29270
S00600,Brittany Foster,2019-01-18,Grade 5,+15657815124,-
S00601,Kara Reed,2014-01-25,Grade 3,+15494970816,692
S00602,Michelle Walker,2010-07-09,Grade 2,+19189787141,2790
S00603,Christopher Lamb,2015-05-06,Grade 3,+13528442100,-
S00604,Timothy Johnson,2016-01-09,Grade 2,+13188958832,63264
S00605,Kenneth Gaines,2011-01-16,Grade 5,+14157537788,-
S00606,Theresa Webb,2007-07-20,Grade 2,+14179344641,39694
S00607,Wendy Anderson,2010-06-01,Grade 5,+16365632496,87106
S00608,Kayla Gutierrez,2016-05-03,Grade 4,+17283888184,599
S00609,Tony Gomez,2014-07-16,Grade 1,+14382341001,-
S00610,Rachel Short,2018-01-07,Grade 3,+13306941151,526
S00611,Jill Holland,2016-01-10,Grade 4,+19755847047,592
S00612,Tamara Rowe,2007-03-01,Grade 3,+19166676385,-
S00613,Jesse Rollins,2012-08-09,Grade 1,+12963041684,-
S00614,Elaine Cardenas,2010-10-24,Grade 2,+13154779780,988
S00615,Mark Castillo,2008-06-25,Grade 2,+16073070098,-
S00616,Stephen Nichols,2012-05-20,Grade 2,-,-
S00617,Tyler Conner,2010-12-30,Grade 1,+17544681225,58269
S00618,Maria Hunt,2016-03-04,Grade 4,+16889459437,80262
S00619,Joshua Le,2016-08-29,Grade 5,+12138920288,-
S00620,Shawn Smith,2007-08-22,Grade 1,+19478980913,-
S00621,Tanya Lee,2018-08-08,Grade 5,+15652204995,92662
S00622,Kelly Esparza,2008-05-23,Grade 1,+17388792340,-
S00623,Willie Wolf,2006-09-21,Grade 3,+15404775949,-
S00624,Daniel Goodman,2017-11-30,Grade 4,+17852359096,9334
S00625,Michael Alvarado,2011-05-01,Grade 2,+15578601850,3273
S00626,Johnny White,2016-06-02,Grade 1,+16263337202,-
S00627,Laurie Rivera,2015-11-16,Grade 4,+19009460080,-
S00628,Destiny May,2006-07-06,Grade 1,+18875439995,-
S00629,Wesley Johnson,2014-09-02,Grade 2,+16589617456,-
S00630,Thomas Morgan,2015-04-03,Grade 3,+18167914581,061
S00631,Sarah Acosta,2015-05-27,Grade 1,+16152248254,-
S00632,Luis Castro,2016-11-22,Grade 4,+19123667645,-
S00633,Dr. Julie Henderson,2011-03-20,Grade 4,+16167445950,-
S00634,Nicole Shaw,2008-10-01,Grade 1,+17218646490,9074
S00635,Tracy Gonzalez,2012-01-11,Grade 1,+19337381704,155
S00636,Sarah Howell,2014-05-02,Grade 1,+14093250694,48276
S00637,Jonathan Sanders,2012-08-21,Grade 4,+12437326771,39012
S00638,Daniel Johnson,2013-03-14,Grade 1,+16069475669,2171
S00639,Megan Andrade,2016-10-10,Grade 1,+16175430001,98598
S00640,Terry Terry,2012-11-22,Grade 2,+15202055755,899
S00641,Kathleen Young,2009-04-29,Grade 1,+12682213504,08476
S00642,Cynthia Combs,2015-05-09,Grade 5,+13323406912,4127
S00643,Kimberly Miller,2008-01-23,Grade 4,+12237910264,000
S00644,James Hogan,2013-07-02,Grade 2,+15249456363,588
S00645,Jessica Salas,2018-07-21,Grade 2,+16097892405,42808
S00646,Mark Delacruz,2012-02-18,Grade 5,+17225613453,-
S00647,Laura Holt,2018-09-06,Grade 5,+14207026336,9325
S00648,Jamie Sanchez,2015-04-06,Grade 1,+12549438040,649
S00649,Ryan Owen,2006-06-13,Grade 2,+19163911924,332
S00650,Peter Cabrera,2016-05-14,Grade 2,+16556477747,-
S00651,Sara Bradford,2013-05-13,Grade 1,+13098320191,-
S00652,Kenneth Lopez,2010-01-08,Grade 1,+18494203130,-
S00653,Beth Chapman,2007-02-14,Grade 3,+16766792272,844
S00654,Jackson Nguyen,2015-09-13,Grade 5,+14289319436,966
S00655,Annette Alexander,2017-10-25,Grade 5,-,-
S00656,Stephanie Gilbert,2012-12-21,Grade 5,+16799640434,-
S00657,Michelle Brock,2008-10-23,Grade 4,+13777442032,-
S00658,Carlos Frank,2014-08-29,Grade 1,+19178914637,-
S00659,Sherry Hammond,2014-08-16,Grade 4,+19747954959,7402
S00660,Donna Ford,2019-02-09,Grade 2,+19266850194,34422
S00661,Amanda Baker,2016-09-02,Grade 3,+12865992706,72123
S00662,Stephanie Odom,2018-11-21,Grade 2,+16238005847,95121
S00663,Johnathan Coleman,2016-06-24,Grade 4,+13317451817,7435
S00664,Daniel Bowen,2013-01-21,Grade 1,+14263941533,-
S00665,Sarah Black,2012-01-07,Grade 2,+14124821276,6298
S00666,Kristin Allen,2013-02-28,Grade 4,+15523223060,-
S00667,Andrew Hernandez,2014-12-30,Grade 1,+12892240487,757
S00668,Veronica Norman,2009-03-27,Grade 1,+13647780926,-
S00669,Wendy Woods,2016-05-15,Grade 5,+18755162661,4139
S00670,Gabrielle Ferguson,2015-11-03,Grade 4,+14247989151,87534
S00671,Robert Riddle,2011-10-31,Grade 4,+18896378162,4066
S00672,Edward Walls,2011-11-04,Grade 4,+19085476873,5641
S00673,Tami Moody,2015-09-21,Grade 5,+15282870820,8988
S00674,Andrew Barry,2011-10-28,Grade 4,+12382966705,166
S00675,Diane Lara,2006-04-04,Grade 2,+17973436073,21547
S00676,Cathy Kent,2007-10-18,Grade 1,+19466321112,-
S00677,Samuel Stewart,2007-11-30,Grade 1,+14528611751,33910
S00678,Andrew White,2011-07-14,Grade 1,+18916984626,-
S00679,Kevin Wilson,2015-07-13,Grade 1,+15806931621,8183
S00680,Jeffrey Drake,2007-06-15,Grade 5,+16299503361,84004
S00681,Timothy Griffin,2006-07-31,Grade 3,+14947217378,75353
S00682,Nicole Hunt,2010-01-06,Grade 5,+12868241936,-
S00683,Lindsey Blake,2018-07-22,Grade 1,-,-
S00684,Rebecca Ferguson,2017-03-31,Grade 5,+18647515610,-
S00685,Adrian Smith,2011-07-18,Grade 3,+15264724502,-
S00686,Thomas Jones,2016-01-23,Grade 3,+18327003217,-
S00687,Amy Baker Dvm,2007-06-09,Grade 1,+16906399446,-
S00688,Morgan Greer,2010-09-07,Grade 2,+16613929299,9623
S00689,Melissa Osborn,2015-11-23,Grade 3,+14103681922,-
S00690,Mike Arnold,2018-06-24,Grade 1,+17683103158,3837
S00691,James Clark Dvm,2014-10-23,Grade 2,+12342809321,17856
S00692,Suzanne Jennings,2014-03-31,Grade 2,-,-
S00693,Victoria Cruz,2007-02-04,Grade 1,+16566242370,-
S00694,Laura Allen,2011-06-04,Grade 1,+14476472159,-
S00695,Brian Phillips,2010-05-17,Grade 5,+15763144476,9081
S00696,Troy Smith Md,2012-04-26,Grade 3,+19696207146,808
S00697,Lorraine Jones,2013-03-03,Grade 3,+18232034058,-
S00698,Katherine Vang,2013-07-12,Grade 1,+17476445782,-
S00699,Michael Wilson,2016-03-11,Grade 2,+17803278188,2142
S00700,Barbara Harper,2017-02-16,Grade 1,+16516330190,184
S00701,Joseph Jones,2012-03-02,Grade 1,+17107143304,05480
S00702,Ricky Williams,2010-12-18,Grade 1,+19142492371,-
S00703,Gabrielle Alvarez,2018-12-27,Grade 2,+17739479940,-
S00704,Cheyenne Ortiz,2009-01-10,Grade 2,+16699368688,-
S00705,Andrea Cox,2014-10-27,Grade 2,+16197060052,4573
S00706,Jessica Rodgers,2018-07-07,Grade 2,-,-
S00707,Andrew Miller,2008-10-20,Grade 1,+19706113416,3129
S00708,Kevin Mathews,2009-10-15,Grade 1,+13833309365,10662
S00709,Sarah Stone,2016-03-19,Grade 4,+13127698821,87955
S00710,Christopher Carr,2007-10-24,Grade 3,+13087192214,-
S00711,Roberto Douglas,2011-11-14,Grade 2,+16782764727,69060
S00712,Cathy Gomez,2009-10-30,Grade 3,+14627498419,52499
S00713,Cameron Lee,2017-10-02,Grade 1,+18388958722,-
S00714,Cindy Spencer,2016-01-09,Grade 3,+13629881288,0928
S00715,Cassandra Rich,2018-05-01,Grade 1,+12206784495,80614
S00716,Diana Perkins,2016-03-11,Grade 3,+14764423377,-
S00717,Julie Duran,2013-05-17,Grade 5,+18402579511,492
S00718,Mrs. Stephanie Mason,2010-11-08,Grade 3,+12407862568,16735
S00719,Danielle Noble,2013-08-20,Grade 5,+17909132126,20059
S00720,Thomas Figueroa,2011-04-27,Grade 1,+13166184369,-
S00721,John Meyer,2016-06-08,Grade 3,+12787997299,9018
S00722,Andrew Wall,2008-08-12,Grade 2,+12872886655,82811
S00723,Jerome Garcia,2019-02-07,Grade 4,+14658748487,97336
S00724,Philip Johns,2007-06-20,Grade 3,+19676245299,5323
S00725,Mrs. Claudia Wolfe Dvm,2019-03-02,Grade 2,+18694512567,875
S00726,Lindsey Nunez,2010-01-20,Grade 1,+14137833116,432
S00727,Caitlyn Stewart Dds,2009-08-25,Grade 1,+13808480610,7055
S00728,Amanda Grimes,2013-05-06,Grade 3,+19667444930,49958
S00729,Madison Mills,2018-03-29,Grade 2,+16943668067,69638
S00730,Shannon Mcmillan,2017-12-10,Grade 3,+15514839672,7807
S00731,Brenda Sanchez,2006-08-24,Grade 1,+12837196042,8486
S00732,Jessica Gallagher,2016-11-06,Grade 5,+18389330389,3075
S00733,Andrea Barton,2017-12-28,Grade 4,+13243262409,-
S00734,Emily Horn,2018-02-28,Grade 4,+16749408003,-
S00735,Jaime Roman,2016-08-26,Grade 3,+16406273186,-
S00736,Noah Brown,2019-02-19,Grade 5,+18808955541,85544
S00737,Robin Richards,2017-05-12,Grade 2,+13974357669,-
S00738,Charles Lowe,2007-08-23,Grade 2,+14527674570,705
S00739,Tina Smith,2008-08-04,Grade 2,+19516724469,-
S00740,Kimberly Jackson,2013-05-16,Grade 4,+19113343891,-
S00741,Leslie Wilson,2015-11-08,Grade 2,+18238065638,873
S00742,Carla Chan,2012-09-07,Grade 4,+17667177299,7030
S00743,Angela Underwood,2013-11-19,Grade 3,+15114614199,-
S00744,Brandon Hess,2013-04-09,Grade 5,+15355990104,30990
S00745,Michael Rogers,2012-02-19,Grade 4,+15424105356,-
S00746,Charles Baker,2019-01-13,Grade 4,+12864362025,-
S00747,Dominique Mitchell,2018-01-01,Grade 2,+15205685334,1010
S00748,Matthew Dunn,2019-02-27,Grade 2,+13182088732,8675
S00749,James Maldonado,2018-03-30,Grade 4,+19493255761,36183
S00750,Scott Harper,2008-02-09,Grade 4,+13032455881,2201
S00751,Jonathan Griffith,2016-08-08,Grade 2,+17667372791,5614
S00752,Amanda Alvarez,2013-12-05,Grade 3,+18014937017,513
S00753,James Parker,2014-10-28,Grade 4,+17312543655,-
S00754,Julie Sweeney,2008-09-22,Grade 2,+13462299241,-
S00755,Elizabeth Wyatt,2010-01-28,Grade 5,+16099917845,-
S00756,Emily Oliver,2012-06-17,Grade 2,+12466160298,-
S00757,Heather Maxwell,2016-11-09,Grade 3,+18108756516,9554
S00758,Tracy Cummings,2013-08-15,Grade 2,+12543058835,9318
S00759,Michael Anderson,2012-01-23,Grade 5,+17253319860,-
S00760,Steven Oliver,2018-01-24,Grade 2,+16262379482,448
S00761,Robin Guzman,2007-07-04,Grade 4,+15502349742,-
S00762,Linda Pearson,2007-11-26,Grade 3,+13285398518,08080
S00763,Joseph Mercado,2015-03-19,Grade 2,+17534801766,-
S00764,William Johnson,2012-04-23,Grade 3,+19064611852,3026
S00765,Megan Hernandez,2008-03-19,Grade 4,+12142241727,0033
S00766,Craig Hernandez,2015-02-16,Grade 2,+14915863406,-
S00767,Jo Graham,2015-02-23,Grade 1,+19676295441,-
S00768,Kayla Cannon,2016-05-30,Grade 4,+12629635072,200
S00769,James Long,2006-10-06,Grade 2,+13968195107,-
S00770,Gary Bradford,2013-09-14,Grade 2,+16854020052,303
S00771,Theresa Fletcher,2015-02-18,Grade 4,+14869378962,-
S00772,Ricardo Petersen,2007-02-15,Grade 5,+13606403818,-
S00773,Michael Leach,2018-04-06,Grade 3,+17935746185,15888
S00774,Allison Marsh,2010-03-04,Grade 5,+12958721362,02580
S00775,Ashley Hobbs,2008-12-12,Grade 4,+18892207176,2442
S00776,Jessica Williams,2015-05-24,Grade 5,+15999059841,-
S00777,Shannon Pratt,2008-11-07,Grade 2,+14204937371,-
S00778,Nicholas Gibson,2011-04-14,Grade 4,+12482901690,0130
S00779,Abigail Espinoza,2018-01-19,Grade 5,+13816388581,49629
S00780,Christina Williams,2008-08-23,Grade 5,-,-
S00781,Charles Munoz,2015-04-05,Grade 5,+17764392301,5048
S00782,Marie Bailey,2015-04-04,Grade 1,+15229627792,48102
S00783,Jason Santos,2010-10-07,Grade 2,+19274412017,219
S00784,Lisa West,2007-01-30,Grade 4,+19742274928,7265
S00785,Paul Jennings,2010-01-29,Grade 3,+12945215129,4645
S00786,Nicholas Cooper,2014-04-04,Grade 3,+17255141714,570
S00787,Emma Cobb,2016-02-25,Grade 3,+19954499085,76813
S00788,Hannah Hicks,2009-03-22,Grade 5,+19253923438,551
S00789,John Mccann,2007-10-19,Grade 5,+12639643999,-
S00790,Thomas Johnson,2017-06-01,Grade 2,+19882771192,9808
S00791,Jeffrey Hunt,2013-01-10,Grade 5,-,-
S00792,Alicia Anderson,2009-11-27,Grade 1,+12854297106,442
S00793,Matthew Mckinney,2009-07-15,Grade 1,+14272876508,-
S00794,Jodi Meyer,2007-10-20,Grade 2,+14105557874,-
S00795,Christina Mills,2016-10-13,Grade 4,+13107239112,39597
S00796,Terry Carrillo,2012-02-19,Grade 5,+17159126447,7439
S00797,Connor Singh,2014-12-08,Grade 3,+14134809133,46274
S00798,Christopher Henry Dds,2014-11-16,Grade 4,+17078942788,876
S00799,Brooke Lopez,2015-09-29,Grade 4,+18915125694,568
S00800,Alexis Clayton,2009-01-30,Grade 1,+17144465624,314
S00801,Steven Hoover,2015-01-26,Grade 2,+17462522389,-
S00802,Melissa Holmes,2006-08-31,Grade 2,+12694070625,698
S00803,Daniel Smith,2015-08-21,Grade 3,+16285387856,-
S00804,John Thompson,2011-04-28,Grade 4,+13554498570,-
S00805,David West,2014-11-10,Grade 4,+19098754624,0137
S00806,Erica Marsh,2007-11-05,Grade 2,+15485240174,41102
S00807,Brittney Brown Dds,2012-11-09,Grade 2,+17752147568,408
S00808,Nancy Harris,2010-08-08,Grade 4,+14236560802,630
S00809,Bradley Martin,2007-09-06,Grade 2,+14698966639,53716
S00810,Deborah Wilson,2017-05-15,Grade 5,-,-
S00811,Jennifer Daniels,2010-04-24,Grade 2,+15469563378,22185
S00812,Laurie Navarro,2015-08-24,Grade 5,+12848537387,61624
S00813,Stephanie Bryant,2009-01-31,Grade 2,+19882471958,4951
S00814,Claudia Johnson,2008-12-28,Grade 3,+12867626844,664
S00815,Heather Evans,2018-08-17,Grade 5,+16859705941,76212
S00816,Adam Bishop,2010-10-27,Grade 2,+12444370594,9899
S00817,Thomas Long,2016-02-19,Grade 2,+16254277770,-
S00818,Ronald Rodgers,2015-07-15,Grade 3,+12348622439,-
S00819,Rhonda Brown,2008-07-01,Grade 3,+12644529787,-
S00820,Nichole Robinson,2008-05-24,Grade 5,+15015615646,-
S00821,Sierra Lopez,2016-01-22,Grade 1,+13904048265,849
S00822,James Wilson,2007-02-04,Grade 5,+14092112836,-
S00823,Danielle Williams,2013-03-01,Grade 3,+17973699003,-
S00824,Julie Morgan,2013-06-19,Grade 1,+12103377104,767
S00825,Christina Wiggins,2012-07-31,Grade 5,+16619612602,-
S00826,Sarah Phillips,2013-07-24,Grade 4,-,-
S00827,Caitlin Jackson Dvm,2014-06-14,Grade 5,+14992936623,-
S00828,Robert Smith,2011-12-10,Grade 4,-,-
S00829,John Alexander,2013-02-12,Grade 1,+15598900768,5003
S00830,Elizabeth Price,2013-11-08,Grade 4,+14397965632,76413
S00831,Jordan Gomez,2008-10-25,Grade 3,+14986835336,841
S00832,Linda Jackson,2016-06-16,Grade 4,+14077469008,78701
S00833,Sylvia Hanson,2012-05-30,Grade 1,+13774552215,2258
S00834,Emma Taylor,2013-12-31,Grade 3,+15235779940,22593
S00835,Michelle Guerra,2018-09-23,Grade 5,+18084871854,-
S00836,Becky Day,2012-09-06,Grade 3,+16426217426,1161
S00837,Charles Cooper,2011-09-13,Grade 5,+14333498211,-
S00838,Kelly Moore,2014-09-20,Grade 2,+18893936560,827
S00839,John Gross,2011-02-27,Grade 3,+19133204928,-
S00840,Rebecca Jones,2012-11-11,Grade 1,+19322700416,87409
S00841,Brandon Fitzgerald,2010-05-11,Grade 4,+18995791367,-
S00842,Barbara Navarro,2013-07-16,Grade 4,+14979366604,-
S00843,John Mercado,2008-12-01,Grade 1,+18527017452,96586
S00844,Taylor Harrington,2010-09-30,Grade 2,+19527380019,313
S00845,Gregory Christensen,2014-04-12,Grade 5,+18967374090,-
S00846,Ashley Cuevas,2012-07-07,Grade 2,+12159592374,-
S00847,Jason Graham,2006-06-22,Grade 1,+12777157987,42683
S00848,Antonio Nash,2011-10-08,Grade 2,+16638365726,-
S00849,Nicholas Wilson,2006-05-19,Grade 5,+18573141808,4399
S00850,Edwin Edwards,2007-03-11,Grade 1,+17997416572,37935
S00851,Leah Walker,2013-08-30,Grade 3,+16768429693,61465
S00852,Donald Lester,2008-06-26,Grade 1,+13293342827,-
S00853,Rachel Townsend,2016-05-05,Grade 4,-,-
S00854,Noah Romero,2010-06-09,Grade 5,+16782670120,-
S00855,Thomas Cooley,2010-08-21,Grade 3,+19844790955,-
S00856,William Johnston,2010-08-25,Grade 5,+14682200430,07248
S00857,Mrs. Julie Olson,2007-05-21,Grade 5,+12922133217,-
S00858,Mark Harrison,2009-12-24,Grade 5,+18553435393,-
S00859,Donna Young,2010-01-11,Grade 3,+16403123196,-
S00860,Michael Harris,2018-11-29,Grade 3,+17312359619,68287
S00861,Jeremy Stewart,2016-10-27,Grade 5,+13442031867,-
S00862,Maxwell Jones,2014-03-19,Grade 3,+17997554180,9508
S00863,Stacey Graham,2015-12-11,Grade 3,+15389459160,073
S00864,Jill Spears,2012-10-08,Grade 4,+15189502292,07637
S00865,Jerry Raymond,2013-04-08,Grade 4,+17287614912,464
S00866,Heather Ramirez,2014-02-16,Grade 2,+18807170180,-
S00867,Erica Hanson,2014-09-01,Grade 5,-,-
S00868,Patrick Harris,2007-09-25,Grade 5,+14702739659,4058
S00869,Elizabeth Bailey,2014-04-04,Grade 3,+13777445564,5190
S00870,Christopher Jones,2011-11-22,Grade 4,+18546414098,-
S00871,Victor Walker,2012-09-25,Grade 2,+12588373627,-
S00872,Andrew Sharp,2012-10-16,Grade 5,+14263922030,848
S00873,Mr. Stephen Robinson,2007-12-19,Grade 1,+18426537747,-
S00874,Corey Poole,2009-08-18,Grade 4,+12782574734,-
S00875,Michelle Johnson,2008-09-28,Grade 4,+14019063387,777
S00876,Rebecca Coleman,2014-04-10,Grade 1,+12365202865,-
S00877,Brandon Martinez,2007-04-30,Grade 1,+19922924933,-
S00878,Jennifer Lopez,2013-10-21,Grade 2,+18799994853,-
S00879,Margaret Hernandez,2010-12-25,Grade 2,+18944707947,-
S00880,Ashley Hamilton,2008-06-27,Grade 1,+13836449111,-
S00881,Patrick Larson,2015-07-13,Grade 5,+13487502486,-
S00882,Crystal Williams,2012-10-23,Grade 2,+13542491453,-
S00883,Elizabeth Mendoza,2015-06-02,Grade 2,+12069247370,-
S00884,Scott Jones,2015-07-14,Grade 1,+18518428997,7435
S00885,Robert Wilson,2006-03-19,Grade 2,+12714573743,5391
S00886,Kelly Walker,2006-04-22,Grade 3,+12249500654,7748
S00887,Donna Peters,2010-09-09,Grade 2,-,-
S00888,Nancy Kaufman,2010-10-15,Grade 2,+13756811382,869
S00889,Amy Clark,2013-09-20,Grade 5,+15352134594,28151
S00890,Daniel Paul,2007-06-03,Grade 2,+16273322403,119
S00891,Michael Mitchell,2014-05-19,Grade 2,+13775486851,-
S00892,Adam Thompson,2007-08-27,Grade 2,+14745541317,84057
S00893,Patrick Duncan,2018-11-29,Grade 2,+13525229169,2965
S00894,David Wiley,2013-03-15,Grade 5,+19729874932,255
S00895,Beth Parks,2012-08-15,Grade 3,+18538642885,-
S00896,Emily Miller,2018-09-24,Grade 2,+12066383368,00996
S00897,Rebecca Bass,2014-09-30,Grade 2,+18074411548,-
S00898,Timothy Santiago,2006-06-19,Grade 4,+17092617630,3816
S00899,Anthony Bruce,2018-10-06,Grade 2,-,-
S00900,Jennifer Carter,2009-12-08,Grade 3,-,-
S00901,Kimberly Adams,2008-08-19,Grade 1,+16038283317,-
S00902,Jay Garcia,2015-12-22,Grade 4,+19234080076,-
S00903,Kristen Wallace,2017-07-13,Grade 2,+19358478080,-
S00904,Nicholas Robinson,2014-10-17,Grade 4,-,-
S00905,Jill Yates,2007-01-25,Grade 2,+19266041338,64027
S00906,Jessica Cherry,2011-02-28,Grade 4,+15307718259,7686
S00907,Chelsea Robinson,2006-07-05,Grade 1,+12534254799,-
S00908,David Parsons,2006-08-23,Grade 4,+18786897615,63369
S00909,Jasmine Booker,2008-09-07,Grade 5,+13013870258,3820
S00910,Erin Hill,2011-10-10,Grade 3,+17396959104,-
S00911,Alexis Watkins,2014-07-15,Grade 4,+14658297895,36276
S00912,Angela Roberts,2012-11-29,Grade 5,+13714500263,86576
S00913,Gina Jones,2010-07-15,Grade 4,+18277476508,426
S00914,Andrea Murphy,2011-01-29,Grade 5,+16236987350,861
S00915,John Klein,2016-01-13,Grade 2,+17684017719,1911
S00916,Dr. Mitchell Fry,2010-07-21,Grade 2,+19488763315,446
S00917,Richard Schmitt,2012-05-17,Grade 3,+19716326122,748
S00918,Laurie Hernandez,2012-02-06,Grade 2,+14737188137,52259
S00919,Lori Wood,2013-12-08,Grade 3,+16156655624,-
S00920,Christopher Daniels,2017-01-01,Grade 5,+15282400355,-
S00921,Mrs. Melissa Wheeler,2016-11-28,Grade 3,+12149508167,94796
S00922,Lori Salinas,2009-10-09,Grade 4,+15626496884,-
S00923,Melissa Sullivan,2007-02-14,Grade 4,+18573309255,370
S00924,Kenneth Lambert,2017-10-18,Grade 5,+15507246649,-
S00925,Jacob Walker,2007-03-21,Grade 3,+13667405840,-
S00926,Edward Logan,2012-07-22,Grade 5,+15553455768,6950
S00927,Judith Kennedy,2011-01-17,Grade 2,+18124372211,-
S00928,Clinton Peters,2016-08-08,Grade 5,+15656551363,-
S00929,Jackie Murphy,2009-10-11,Grade 2,+18528202869,13970
S00930,Nicole Stewart,2017-01-03,Grade 3,+13163504395,29847
S00931,Casey Dean,2008-06-23,Grade 1,+19435515327,19174
S00932,Ryan Oneal,2016-03-30,Grade 4,+15163567225,145
S00933,Christopher Berry,2013-01-13,Grade 1,+19395133097,2028
S00934,Sara Gomez,2009-08-25,Grade 5,+17903649744,-
S00935,Jacob Thompson,2010-12-13,Grade 4,+16636425897,86444
S00936,Alan Franco,2014-12-22,Grade 1,+13007133579,756
S00937,Laura Morales,2007-05-27,Grade 3,+16259225560,79233
S00938,Robert Bridges,2011-02-20,Grade 4,+15646271892,-
S00939,Brandy Hale,2017-03-26,Grade 2,+18139700827,-
S00940,Ricardo Green,2006-08-11,Grade 3,+19599088127,7409
S00941,Michael Bailey,2015-03-15,Grade 2,+15565204827,-
S00942,Mariah Meadows,2011-08-06,Grade 5,+14404425590,6917
S00943,Samantha Estrada,2008-05-22,Grade 5,+16666706887,690
S00944,Bruce Ramirez,2008-08-23,Grade 1,+13828865848,-
S00945,Julia Mccarthy,2006-05-04,Grade 4,+19309979957,75875
S00946,Jean Campbell,2006-03-18,Grade 4,+16916936171,-
S00947,Matthew Kerr,2019-02-07,Grade 4,-,-
S00948,Denise Hernandez,2013-02-26,Grade 4,+14906076618,65248
S00949,Karen Lynch,2008-03-16,Grade 2,+14604953827,284
S00950,Susan Leonard,2010-06-22,Grade 5,+16046254439,-
S00951,Angela Ramirez,2013-03-23,Grade 1,+14437906790,9925
S00952,Carrie Nichols,2013-09-27,Grade 5,+17075924375,-
S00953,Brittany Wright,2018-11-01,Grade 2,+12883960435,8936
S00954,Sarah Larsen,2014-05-25,Grade 1,+17419046287,5653
S00955,Matthew Pope,2011-01-23,Grade 2,+13219455601,-
S00956,Monica Lucas,2014-11-26,Grade 1,+16028193523,178
S00957,Danny Willis,2018-08-24,Grade 3,+16084558880,-
S00958,Charles White,2009-10-25,Grade 3,+15128363155,55617
S00959,David Smith,2014-07-22,Grade 1,+14787414787,857
S00960,Ian Mack,2014-04-22,Grade 1,+17172891699,508
S00961,Craig Romero,2007-12-13,Grade 1,+18042638189,212
S00962,Ryan Green,2015-07-11,Grade 2,+18744658848,437
S00963,Jason Novak,2012-09-24,Grade 5,+12649243955,-
S00964,Tina Jones,2018-06-23,Grade 4,+15752219010,-
S00965,Pamela Gonzalez Dvm,2006-12-28,Grade 5,+18493979089,-
S00966,Dr. Kimberly Thompson,2011-02-18,Grade 5,+16906429787,1113
S00967,Michael Holmes,2010-05-03,Grade 1,+19768939287,0724
S00968,Kyle Palmer,2009-08-01,Grade 4,+17869752853,-
S00969,Yesenia Mcpherson,2014-08-11,Grade 3,+12987412322,043
S00970,Amanda Burke,2006-11-21,Grade 4,+14339195026,-
S00971,Lisa Warner,2007-04-23,Grade 1,+18454485467,877
S00972,Jeffrey Duncan,2006-04-11,Grade 5,+12418661886,72561
S00973,Jenna Perkins,2008-02-06,Grade 2,+18079731648,7766
S00974,Kevin Anderson,2016-11-04,Grade 4,+17033381423,19621
S00975,Stephen Bates,2018-08-18,Grade 2,+14475982628,-
S00976,Roger Lee,2017-08-27,Grade 3,+15465756279,-
S00977,Kathleen Miles,2010-01-29,Grade 5,+18553071343,-
S00978,Kevin Diaz,2013-10-04,Grade 3,+14035447599,87577
S00979,Amanda Dyer,2008-02-11,Grade 5,+17305793768,-
S00980,Scott Gonzalez,2017-03-31,Grade 5,+17223083470,-
S00981,Michelle Martin,2015-06-21,Grade 5,+18613358833,644
S00982,Tiffany Griffin,2008-02-29,Grade 5,+15706392476,8204
S00983,Jeremy Goodman,2013-07-23,Grade 4,+17135646596,-
S00984,Dr. Anthony Randall,2011-04-19,Grade 4,+17374783138,38568
S00985,Amanda Sims,2010-07-27,Grade 3,+16333131821,5072
S00986,Mary Ortiz,2013-07-03,Grade 3,+15506294928,884
S00987,Steven Parks,2009-03-03,Grade 1,+13628623787,4961
S00988,Tina Lee,2010-04-02,Grade 1,+19659282399,-
S00989,Danielle Green,2016-06-13,Grade 4,+13914256582,3179
S00990,Peter Hernandez,2015-08-29,Grade 2,+15172544878,9805
S00991,Gregory Doyle,2016-05-18,Grade 2,+17369564868,28218
S00992,Caitlyn Richardson,2009-12-02,Grade 5,+17735527941,-
S00993,April Vance,2016-03-15,Grade 3,+18563787903,229
S00994,Joseph Phelps,2018-01-20,Grade 5,+16785120592,6392
S00995,Patricia Long,2017-06-27,Grade 5,+18634248188,695
S00996,Kristine Chase,2015-12-20,Grade 3,+12537151347,658
S00997,Ms. Jodi Parker,2009-11-30,Grade 1,+14523706278,86722
S00998,Jody Miller,2013-09-27,Grade 1,+14362933785,5617
S00999,Paul Hudson,2015-06-14,Grade 3,+13714721512,96763
S01000,Crystal Anderson,2006-05-13,Grade 5,+15667598036,-
S01001,Laura Griffin,2008-10-29,Grade 4,+15116343292,-
S01002,Jeffrey Gates,2014-08-27,Grade 1,+14186918042,76287
S01003,Heather Kennedy,2015-09-30,Grade 2,+14513115084,5499
S01004,Antonio Bridges,2007-05-28,Grade 4,+15839612838,16651
S01005,Donald Christensen,2016-02-05,Grade 3,+14092844580,-
S01006,Joel Patrick,2013-08-14,Grade 4,+18093216183,3057
S01007,Michael Potts,2015-10-21,Grade 5,+17203376949,4268
S01008,Jeffrey Gallegos,2016-04-10,Grade 5,+12974458585,799
S01009,Pamela Cummings,2013-07-25,Grade 3,+14424786325,04020
S01010,Grace Martin,2006-12-15,Grade 5,+16109998912,9788
S01011,Ronald Casey,2006-09-15,Grade 3,+17848050137,-
S01012,Rachel French,2017-09-19,Grade 1,+19542941306,7650
S01013,Michael Evans,2009-06-15,Grade 3,+19479453492,11168
S01014,Kelly Delgado,2009-05-12,Grade 4,+14583307550,133
S01015,Henry Moore,2015-01-15,Grade 2,-,-
S01016,Stacy Barnes,2018-07-22,Grade 5,+13579636799,88201
S01017,John Kelly,2014-01-06,Grade 1,+14749263577,9269
S01018,James Brown,2012-03-21,Grade 3,+12143249288,91720
S01019,David Moore,2016-08-21,Grade 4,+19139142297,3038
S01020,Patrick Huber,2011-07-02,Grade 1,+14358314781,734
S01021,Mary Mcmahon,2011-07-14,Grade 1,+19952684271,-
S01022,Joseph Johnson,2012-07-02,Grade 3,+14843434088,84557
S01023,Andrew Moore,2006-06-22,Grade 5,-,-
S01024,Christopher Foster,2008-04-24,Grade 1,+17648095342,-
S01025,Timothy Adams,2012-04-14,Grade 3,+15878431936,7833
S01026,Karen Alexander,2018-02-26,Grade 2,+17465768603,3716
S01027,Travis Rodgers,2011-02-06,Grade 4,+12795571165,52321
S01028,Karen Bowen,2011-06-15,Grade 3,+14935068597,373
S01029,Brandon Hughes,2017-04-24,Grade 2,+14966023228,-
S01030,Marcia Stanley Dvm,2009-04-10,Grade 2,+15086965442,7173
S01031,Kayla Miller,2017-08-17,Grade 2,+15394212611,7395
S01032,Michele Deleon,2013-04-14,Grade 5,-,-
S01033,Nancy Arroyo,2017-02-15,Grade 1,+13073611955,79517
S01034,Dustin Hancock Dds,2007-10-07,Grade 2,+17364527282,92990
S01035,Jesse Mckenzie,2014-10-03,Grade 2,+16909730875,-
S01036,Justin Fisher,2008-09-15,Grade 2,-,-
S01037,Angela Tucker,2007-06-30,Grade 5,+12517043984,-
S01038,Richard Houston,2007-07-05,Grade 5,+13222810672,553
S01039,Stacey Santos,2019-01-01,Grade 1,+15428325976,51351
S01040,Wendy Pierce,2017-11-26,Grade 4,+18663838734,5916
S01041,Rachel Walker,2013-10-11,Grade 3,+14465994714,8195
S01042,Jacob Castillo,2006-08-16,Grade 3,+13885944751,1989
S01043,Kenneth Miller,2013-01-31,Grade 5,-,-
S01044,Stephanie Reynolds,2016-01-04,Grade 5,+16113330881,38377
S01045,Ashley Simmons,2010-10-26,Grade 4,+17459554334,24021
S01046,Evan Deleon,2013-07-29,Grade 1,+15445731403,-
S01047,Heather Cooke,2012-09-07,Grade 5,+12566085032,7362
S01048,Joseph Cross,2015-04-04,Grade 5,+12487380629,181
S01049,April Yang,2014-02-16,Grade 1,+17686895364,087
S01050,Brenda Arnold,2014-05-26,Grade 1,+14683173620,034
S01051,Sarah Hinton,2010-01-07,Grade 3,+18874586425,4332
S01052,Stephanie Wright,2011-06-23,Grade 3,+12707754412,82602
S01053,Steven Ortiz,2006-07-25,Grade 5,+12173067182,-
S01054,Edward Barrett,2011-06-04,Grade 3,+15053643942,-
S01055,Jason Norman,2009-09-24,Grade 4,+18623049158,-
S01056,Matthew Hernandez,2006-11-27,Grade 3,+17756362489,-
S01057,Christine Miranda,2013-07-21,Grade 2,+12227455820,38897
S01058,Marcus Golden Jr.,2012-06-03,Grade 1,+18948665569,359
S01059,Desiree Brown,2006-09-16,Grade 1,+14025551761,877
S01060,Kaitlyn Holmes,2017-05-04,Grade 3,+18424122555,639
S01061,Alexander Brown,2006-11-25,Grade 2,+13606033304,-
S01062,Jacob Parsons,2017-04-24,Grade 1,+18082547340,643
S01063,Curtis Roberts,2018-03-20,Grade 4,+17836857079,-
S01064,Juan Briggs,2019-01-03,Grade 3,+16463447144,825
S01065,Matthew Hicks,2013-06-23,Grade 1,+17063624370,121
S01066,Dr. Megan Bradshaw Md,2015-08-17,Grade 3,+19759119940,-
S01067,Kimberly Herrera,2008-08-13,Grade 1,+17002718962,458
S01068,Grace Davis,2015-04-14,Grade 5,+15483365847,-
S01069,Joshua Baldwin,2013-11-12,Grade 4,+18339182692,-
S01070,Stephanie Mclaughlin,2017-09-27,Grade 1,+15472088239,49306
S01071,Marcus Anderson,2009-06-28,Grade 2,+19773344186,-
S01072,Deborah Harvey,2008-05-24,Grade 3,+14957794233,87389
S01073,Erica Harris,2010-06-07,Grade 1,+15622333966,-
S01074,Lisa Reynolds,2016-01-21,Grade 4,+16552148715,-
S01075,Jennifer Kane,2013-10-30,Grade 5,+15633964677,-
S01076,Michael Cabrera,2017-02-05,Grade 3,-,-
S01077,Brent Nelson,2017-01-02,Grade 1,+16455745464,-
S01078,Carrie Castro,2013-11-27,Grade 4,+12833539285,-
S01079,Jessica Davis,2018-07-25,Grade 1,+16932624626,765
S01080,Maria Chapman,2008-10-05,Grade 3,+16883301505,021
S01081,Stephanie West,2014-06-18,Grade 3,+16822648114,9316
S01082,Linda Velasquez,2012-02-27,Grade 4,+14603764340,2574
S01083,Ann Turner,2018-10-27,Grade 5,+15765946125,-
S01084,Tamara Rollins,2017-01-01,Grade 5,+15803999964,-
S01085,Pamela Russo,2014-02-21,Grade 1,+16955942540,309
S01086,Kelly Taylor,2010-10-23,Grade 2,+12926284192,84194
S01087,Sarah Palmer,2013-04-19,Grade 2,+12913349026,1364
S01088,Allison Crane,2008-01-06,Grade 5,+15827289988,089
S01089,Kimberly Simmons,2011-12-24,Grade 4,+18789554650,76636
S01090,Patrick Matthews,2014-04-21,Grade 1,+18164839398,862
S01091,Catherine Thornton,2017-02-26,Grade 3,+18869848188,24285
S01092,Patrick Oconnell,2016-02-28,Grade 2,+16716054000,04762
S01093,Steven Hayes,2012-10-14,Grade 2,+16095930910,-
S01094,Jonathan Carter,2017-10-01,Grade 1,+18867927643,-
S01095,Joshua Cruz,2014-12-25,Grade 2,+12128731156,-
S01096,Dr. Angela Thomas Dds,2008-08-06,Grade 2,+16699105352,288
S01097,Dustin Hurst,2019-02-19,Grade 1,+15588018648,-
S01098,Derek Russell,2014-09-18,Grade 1,+12217992413,00639
S01099,Robert Brown,2009-11-15,Grade 5,+18312485267,-
S01100,Rodney Pierce,2009-08-25,Grade 3,+19635120831,-
S01101,John Joseph,2017-12-08,Grade 2,+16489333503,029
S01102,Antonio Martinez,2013-03-28,Grade 4,+19806320897,-
S01103,Kenneth Ayala,2016-05-31,Grade 1,+12878000361,-
S01104,Scott Lee,2019-02-18,Grade 2,+13285762930,3942
S01105,Nathan Marsh,2019-02-20,Grade 1,+14028813562,6354
S01106,Lindsay Walker,2008-12-22,Grade 1,+17345088903,-
S01107,Teresa Reyes,2008-08-31,Grade 2,+13732872120,98317
S01108,Katherine Robbins,2010-04-22,Grade 3,+19675555713,-
S01109,Sheri Diaz,2014-05-21,Grade 3,+19745542351,-
S01110,James Singleton,2018-02-23,Grade 5,+12962570460,1865
S01111,Amanda Ray,2008-10-15,Grade 2,+13054267482,-
S01112,Mathew Lopez,2012-11-01,Grade 2,+16518624057,-
S01113,Amber Martinez,2007-11-13,Grade 3,+15433345343,-
S01114,Anne Smith,2019-03-07,Grade 2,+15783668275,2791
S01115,Michael Leonard,2014-10-09,Grade 4,+13645549599,8745
S01116,Rebecca Garcia,2011-07-23,Grade 5,+14902350536,7069
S01117,Lori Coleman,2018-07-05,Grade 5,+15388968485,6651
S01118,Holly Newman,2007-04-03,Grade 4,+19536466534,84837
S01119,Tammy Love,2014-12-23,Grade 3,+14333295852,5217
S01120,Brittany Harrison,2012-09-04,Grade 2,+12122690632,-
S01121,Daniel Shannon,2010-11-21,Grade 3,+13585234054,93108
S01122,Thomas Villegas,2013-10-08,Grade 5,+14754154891,800
S01123,Donald Hood,2008-01-15,Grade 3,+19509873260,-
S01124,Jordan Webb,2017-10-07,Grade 1,+15899925889,2896
S01125,Christopher Stokes,2009-09-09,Grade 1,+14726572623,-
S01126,Parker Gross,2010-08-08,Grade 1,+16384575793,4323
S01127,Zachary Warren,2011-03-21,Grade 4,+18336733897,-
S01128,Katherine Morales,2017-11-17,Grade 4,+15377924701,25994
S01129,Margaret Harris,2010-01-31,Grade 2,+13359179927,481
S01130,Dr. Michael Cooper,2013-10-21,Grade 5,+18408023582,-
S01131,Melinda Price,2017-06-28,Grade 1,+17296423690,-
S01132,Patrick Davis,2015-12-21,Grade 5,+18514425310,68669
S01133,Mr. Steven Baker Dvm,2019-02-23,Grade 5,+13113653295,-
S01134,Jeremy Willis,2017-01-05,Grade 3,+15516367470,8755
S01135,Brian Bryan,2015-04-02,Grade 5,+19928450574,1447
S01136,Jessica Landry,2016-10-31,Grade 5,+13706957598,725
S01137,Joel Jones,2017-06-19,Grade 4,+13683760090,-
S01138,John Sloan,2015-11-20,Grade 1,+17264027142,-
S01139,Taylor Jones,2014-06-11,Grade 1,+12042822280,-
S01140,Daniel Gonzalez,2016-07-06,Grade 1,+15418504948,077
S01141,Shelby Green,2006-03-17,Grade 1,+12705637612,-
S01142,Michael Walker,2018-02-24,Grade 4,+16638821207,22521
S01143,Troy Townsend,2007-11-09,Grade 3,+18274756700,-
S01144,Lauren Vega,2012-01-31,Grade 5,+17112299021,-
S01145,Ann Massey,2012-10-17,Grade 2,+13387038230,553
S01146,Spencer Lopez,2008-02-22,Grade 4,+19568735299,17080
S01147,Angie Jensen,2015-09-10,Grade 1,-,-
S01148,Blake Silva,2014-02-14,Grade 1,+17456598951,59971
S01149,Hannah Oconnor,2007-05-15,Grade 5,+15103045481,419
S01150,Tammy Moreno,2011-11-21,Grade 1,+17973648474,-
S01151,Julie Robles,2013-04-12,Grade 4,+18873270203,5820
S01152,Michael Barnes,2009-01-04,Grade 4,+14734137597,-
S01153,Chloe Gomez,2010-06-20,Grade 4,+18853526850,-
S01154,Glenn Watson,2012-05-14,Grade 5,+17504259000,-
S01155,Malik Stewart,2009-12-04,Grade 3,+13724950224,0026
S01156,Marcus Farley,2006-04-04,Grade 1,+13962697872,-
S01157,David Mills,2009-12-06,Grade 3,+18123557108,-
S01158,Mary Allen,2009-03-22,Grade 4,+16305968857,9832
S01159,Jennifer Holmes,2011-08-16,Grade 4,+15545499284,-
S01160,Melissa Davis,2014-06-16,Grade 5,-,-
S01161,Sara Hebert,2014-06-08,Grade 5,+14165419947,2454
S01162,Brian Harrison,2017-02-27,Grade 1,+18619330053,45063
S01163,Alexandra Ross,2017-06-16,Grade 1,+17593277661,-
S01164,Joshua Stephens,2012-08-30,Grade 3,+16163994103,-
S01165,Samuel Jones,2011-07-22,Grade 5,+12114254209,329
S01166,Sara Baker,2007-01-12,Grade 5,+13126701336,0652
S01167,Nathan Reid,2011-01-23,Grade 4,+18124781236,-
S01168,Linda Stevens,2017-05-25,Grade 3,+14404839443,64272
S01169,Chris Hubbard,2008-05-11,Grade 5,+14774894292,2056
S01170,Adam Mclaughlin,2007-04-16,Grade 4,+12368681599,93234
S01171,Dr. Christopher Flowers,2008-07-24,Grade 1,+14382247056,53726
S01172,Robert Hernandez,2008-02-13,Grade 5,+15134322454,5297
S01173,Logan Wilson,2015-10-01,Grade 2,+13488471308,6550
S01174,Daniel Munoz,2013-02-25,Grade 2,+15556796992,-
S01175,Donald Miller,2012-05-02,Grade 1,+18867669167,-
S01176,Steven Pope,2010-10-06,Grade 4,+19806900692,3095
S01177,Jennifer Wallace,2007-07-03,Grade 1,+15263227972,5408
S01178,Amanda Brown,2014-10-10,Grade 5,+16208151516,694
S01179,Bobby Rivas,2009-09-25,Grade 5,+14378844310,-
S01180,Curtis Hill,2017-06-17,Grade 1,+16463067122,-
S01181,Robert Leonard,2008-10-05,Grade 5,+13133959243,-
S01182,Wanda Adams,2016-12-12,Grade 1,+16639827935,-
S01183,Johnathan Underwood,2007-11-24,Grade 1,+14012818597,39722
S01184,Alyssa Sparks,2011-06-10,Grade 5,+16624864752,-
S01185,Diana Miller,2008-01-01,Grade 1,+19007331740,-
S01186,Teresa Nelson,2010-12-29,Grade 3,+14606664762,926
S01187,Manuel Fritz,2014-08-15,Grade 1,+19285870579,766
S01188,Keith Bradshaw,2015-02-07,Grade 3,+15444863311,20182
S01189,Frances Wolf,2014-05-15,Grade 1,+12106045347,1937
S01190,Craig Holloway,2014-08-14,Grade 1,-,-
S01191,Julia Molina,2018-10-28,Grade 3,+14012473390,-
S01192,Elizabeth Harrison Phd,2007-02-14,Grade 4,+15098232789,-
S01193,Mary Rivers,2015-02-06,Grade 2,+18877651671,-
S01194,Joseph Harvey,2016-09-04,Grade 2,+13847499008,28669
S01195,Samantha Chaney,2016-03-20,Grade 4,+13705229532,472
S01196,Margaret Robinson,2012-09-11,Grade 3,+15629075501,-
S01197,Catherine Sexton,2013-01-28,Grade 2,+17825375032,47364
S01198,Robert Jones,2011-09-20,Grade 2,+12859254698,690
S01199,Mitchell Le,2015-11-04,Grade 5,+18899290614,246
S01200,Scott Herrera,2008-05-13,Grade 5,+16875235592,878
S01201,Holly Mcdonald,2012-06-03,Grade 4,+13188508678,-
S01202,Kenneth Henderson,2006-10-23,Grade 1,+13673869806,334
S01203,Gloria Graham,2008-05-19,Grade 2,+14402322684,-
S01204,Sherry Martinez,2012-10-29,Grade 5,+15592567287,133
S01205,Alicia Bowen Dvm,2018-02-18,Grade 3,+19092718149,-
S01206,Angela Miller,2014-04-27,Grade 1,+15094918199,763
S01207,Alexandra Lawrence,2010-08-03,Grade 4,+16365874524,-
S01208,Logan Porter,2012-12-31,Grade 3,+13325350977,-
S01209,Robert Frank,2013-11-20,Grade 2,+12869712509,6814
S01210,Isabel Taylor,2013-09-16,Grade 1,+16436797497,189
S01211,Julie Dominguez,2015-01-18,Grade 3,+14384073129,55265
S01212,Lisa Bailey,2012-03-21,Grade 2,+15463020811,-
S01213,Megan Powell,2011-09-19,Grade 5,+16159729726,-
S01214,Clayton Nguyen,2016-07-23,Grade 3,+14133864039,07849
S01215,Leah Wilson,2012-04-09,Grade 1,+15746520529,022
S01216,Shane Gutierrez,2015-12-06,Grade 3,+18002842855,-
S01217,Debbie Nichols,2018-01-24,Grade 2,+15529652068,21758
S01218,Christopher Moreno,2010-10-07,Grade 2,+12729137795,168
S01219,Richard Gardner,2010-08-09,Grade 3,+15597703306,29716
S01220,Travis Le,2013-05-28,Grade 4,+16693873980,-
S01221,James Dickson,2008-03-10,Grade 5,+15883863062,245
S01222,Nathan Jones,2016-12-03,Grade 2,+16588320015,3944
S01223,Lori Love,2015-03-18,Grade 3,+14456608995,-
S01224,Christina Pace,2016-06-13,Grade 2,+17478221331,-
S01225,Danny Smith,2017-07-28,Grade 1,+14266509312,8357
S01226,Brandon Mckenzie,2017-04-22,Grade 1,+15299497396,038
S01227,Roy Davis,2009-01-23,Grade 3,+17732529894,9130
S01228,Frederick Holland,2015-08-28,Grade 5,+15397420992,81468
S01229,Reginald Henderson,2009-12-11,Grade 1,+14699135943,-
S01230,Vickie Garcia,2011-11-21,Grade 5,+19726603281,-
S01231,Kelli Cline,2009-04-13,Grade 1,+12468507031,36773
S01232,Paige Sims,2013-09-06,Grade 4,+18357319045,-
S01233,Beth Morgan,2014-04-17,Grade 2,-,-
S01234,Kevin Hendrix,2008-08-29,Grade 4,+17304033327,7750
S01235,Laura Martin,2014-07-24,Grade 4,+15424136796,-
S01236,Tamara Thompson,2010-10-18,Grade 4,+14558425539,162
S01237,Benjamin Bradford,2018-06-13,Grade 1,+18366593605,-
S01238,Madison Harvey,2007-10-03,Grade 5,+13608173028,-
S01239,Alicia Leblanc,2009-04-25,Grade 2,+13814221090,-
S01240,Casey Ingram,2006-07-04,Grade 5,+14162344098,468
S01241,Debra Joseph,2010-12-04,Grade 1,+16405606651,70505
S01242,Adriana Craig,2010-12-08,Grade 2,+13056230267,2639
S01243,James Sanders,2013-03-16,Grade 2,+18262583648,19522
S01244,William Gaines,2011-02-14,Grade 3,+12518724355,-
S01245,Shelly Mcdowell,2013-06-11,Grade 5,+19245973117,1281
S01246,Elizabeth Olson,2007-10-01,Grade 1,+15404389935,-
S01247,Lynn Contreras,2013-08-07,Grade 2,+14473304955,610
S01248,Alexander Knapp,2016-04-16,Grade 2,+13634206131,-
S01249,Erin Brown,2009-04-15,Grade 5,+17485829303,-
S01250,Alexander Galvan,2013-09-02,Grade 3,+15062533098,-
S01251,Nicholas Kramer,2014-04-30,Grade 2,+16384621035,56115
S01252,Jimmy Santana,2013-05-01,Grade 2,+18495546982,747
S01253,Stephanie Baker,2011-04-29,Grade 1,+18898100571,19574
S01254,Kimberly Morgan,2017-05-31,Grade 2,+12334064620,70319
S01255,Jeffrey Thornton,2012-10-16,Grade 1,+15605254951,-
S01256,Mark Clark,2010-07-29,Grade 2,+16203699511,129
S01257,James Smith,2013-06-20,Grade 5,+13173748019,-
S01258,Matthew Fletcher,2016-10-12,Grade 2,+17202012052,-
S01259,Mark Grant,2010-10-11,Grade 1,+18525067768,-
S01260,Kathryn Lawrence,2017-02-01,Grade 3,+15794167642,1977
S01261,Ryan Meza,2007-01-26,Grade 2,+16897655133,73655
S01262,Candace Gonzales,2008-11-03,Grade 4,+19099567712,006
S01263,Rebecca Ramirez,2013-01-17,Grade 2,+16616648214,334
S01264,Jerry Sanders,2017-03-26,Grade 3,+18316181835,-
S01265,Kenneth Kemp,2018-09-14,Grade 5,+18292571046,-
S01266,Nicole Francis,2007-06-19,Grade 3,+12318571441,4437
S01267,Sarah Roberts,2018-08-01,Grade 2,+12329973460,-
S01268,Anthony Barrett,2015-05-04,Grade 2,+17913539421,22748
S01269,Jeremy Young,2014-02-06,Grade 4,+18678970192,16181
S01270,Lisa Allen,2017-11-28,Grade 4,+13262226536,480
S01271,Brittany Miller,2006-04-06,Grade 1,+12336537921,6840
S01272,Douglas Schmidt,2015-05-29,Grade 3,+14294509656,5532
S01273,Heather Hardy,2010-05-18,Grade 1,+18749630185,996
S01274,Kayla Parker,2008-12-07,Grade 1,+16506849500,40177
S01275,Danielle Franco,2008-10-26,Grade 3,+13903273489,970
S01276,Martha Galvan,2010-02-23,Grade 2,+18042966002,-
S01277,Brian Bell,2017-10-27,Grade 1,+16895478234,-
S01278,Nicholas Garcia,2013-12-13,Grade 1,+13982997532,94507
S01279,Grant Cruz,2011-07-13,Grade 3,-,-
S01280,Debbie Hood,2017-04-03,Grade 5,+17402300344,-
S01281,Devin Smith,2008-01-30,Grade 3,+16904119060,8712
S01282,Michael Williams,2009-07-13,Grade 5,+18893617016,2408
S01283,Dawn Caldwell,2017-10-08,Grade 4,+14122727087,-
S01284,Jacob Johnson,2011-11-10,Grade 4,+13889337869,28327
S01285,Douglas Sullivan,2009-09-18,Grade 2,+17262330731,-
S01286,Patrick Mitchell,2014-04-25,Grade 5,+16384204029,839
S01287,John Williams,2017-06-02,Grade 5,+17559534933,-
S01288,Sharon Black,2008-06-18,Grade 3,-,-
S01289,Brian Hill,2009-03-11,Grade 5,+18389625980,-
S01290,Emily Pitts,2007-07-17,Grade 3,+15657025081,-
S01291,Amy Hendrix,2013-05-04,Grade 2,+16029015809,-
S01292,Anthony Doyle,2013-02-14,Grade 1,+15957712323,216
S01293,Joseph West,2015-10-17,Grade 4,+15079146034,-
S01294,Brian Parker Jr.,2011-03-22,Grade 4,+15149623915,5760
S01295,John Foley,2012-11-04,Grade 3,+16196406598,733
S01296,Morgan Rivera,2008-12-14,Grade 4,+12496555267,-
S01297,Justin Singh,2010-12-16,Grade 4,-,-
S01298,Kimberly Wood,2016-02-25,Grade 3,+19664368639,983
S01299,Alex Evans,2013-12-26,Grade 5,+17483209478,12519
S01300,Vincent Mclaughlin,2008-02-18,Grade 4,+18273506174,263
S01301,Mary Davies,2008-05-20,Grade 4,+12923656226,50221
S01302,Ashley Jackson,2007-04-20,Grade 4,+14979907932,-
S01303,Brent Hudson,2010-11-27,Grade 4,+13947399631,0847
S01304,Laurie Booker,2012-10-10,Grade 3,+14266719582,788
S01305,Christopher Casey,2009-04-10,Grade 4,+17254805765,-
S01306,Joseph Torres,2017-12-23,Grade 5,+19624230708,078
S01307,Courtney Pena,2010-11-24,Grade 3,+17787209630,-
S01308,Patricia Coffey,2016-10-05,Grade 2,+16597149370,-
S01309,Jessica Green,2009-09-30,Grade 5,+18992211214,836
S01310,Melissa Robinson,2018-10-23,Grade 4,+15202946179,3265
S01311,Jennifer Harris,2007-08-08,Grade 1,+14108452075,-
S01312,Ronald Rios,2018-02-06,Grade 2,+19299230036,122
S01313,Travis Jefferson,2011-06-10,Grade 1,+19127555286,01650
S01314,Alicia Sheppard,2015-02-09,Grade 2,+12903464819,75527
S01315,Johnathan Little,2009-09-09,Grade 5,+15595534104,-
S01316,James Roman,2013-02-10,Grade 4,+15812477418,321
S01317,Kirk Lowery,2009-04-04,Grade 3,+17563891654,88814
S01318,Michael Johnson,2006-08-02,Grade 5,+19057552744,8202
S01319,Mrs. Kimberly Henderson,2008-03-14,Grade 5,+16006081114,2346
S01320,Dean Mccullough Md,2014-09-12,Grade 1,+14885528381,430
S01321,Natalie Ferguson,2011-01-12,Grade 5,+12015326383,-
S01322,Michael Baker,2010-12-28,Grade 5,+17137362405,-
S01323,Tonya Romero,2012-09-23,Grade 4,+17139472943,1580
S01324,Megan Owens,2012-08-06,Grade 3,+18748374587,-
S01325,Ashley Moon,2010-09-07,Grade 3,+16502640626,70584
S01326,Jamie Carey,2011-04-27,Grade 4,+13535438072,-
S01327,Daniel Fuller,2014-08-21,Grade 3,+14534177519,308
S01328,Darlene Garcia,2007-11-24,Grade 1,+19586755869,-
S01329,Billy Hernandez,2016-11-28,Grade 4,+17803606566,7963
S01330,Ashley Wheeler,2017-11-18,Grade 4,+16682942031,-
S01331,Cassandra Decker,2009-12-31,Grade 1,+16962956020,703
S01332,Manuel Flores,2016-01-10,Grade 4,+18166175499,-
S01333,Melissa Mills,2014-06-29,Grade 2,+12255729985,-
S01334,Jesse Wright,2008-04-21,Grade 3,+16442787644,-
S01335,Mary Lopez,2006-12-11,Grade 5,+19524643133,6815
S01336,Robert Bennett,2017-10-31,Grade 4,+18843629491,-
S01337,Martha Collins,2011-10-17,Grade 4,+14455254993,-
S01338,Alexis Sullivan,2007-08-26,Grade 3,+13865752500,-
S01339,Holly Hunt,2015-01-29,Grade 1,+15393384374,206
S01340,Tara Dunn,2016-04-28,Grade 1,+18526837062,012
S01341,Diana Lynch,2017-10-22,Grade 3,+19729632281,39788
S01342,Terry Fox,2014-05-01,Grade 1,+19625941349,-
S01343,Kristin Lee,2018-10-11,Grade 1,+14622132972,90971
S01344,James Sullivan,2014-05-07,Grade 5,+16429455581,32437
S01345,Jared Campbell,2015-04-29,Grade 4,+19752956108,-
S01346,Michelle Cruz Dvm,2007-09-16,Grade 4,+13695293393,77522
S01347,Hannah Munoz,2016-06-24,Grade 5,+15715063043,-
S01348,Derrick Gomez,2007-04-01,Grade 3,+13004608426,9391
S01349,Joshua Martinez,2011-07-17,Grade 5,+16777375172,0092
S01350,Timothy Rice,2012-01-15,Grade 1,-,-
S01351,Tammy Small,2019-01-03,Grade 5,+13128941494,-
S01352,Tina Fox,2016-06-25,Grade 5,+16223005360,85456
S01353,George Edwards,2006-08-06,Grade 4,-,-
S01354,Phillip Young,2016-04-13,Grade 1,+19098765746,-
S01355,Bryan Williams,2006-03-12,Grade 1,+19463626023,982
S01356,Candace Lee,2009-01-23,Grade 2,+14822518908,-
S01357,Kara Anderson,2008-10-21,Grade 1,+15738313375,648
S01358,Donald King,2011-11-11,Grade 3,+16488228443,743
S01359,Melissa Casey,2016-03-10,Grade 2,+13879544073,494
S01360,Danny Jennings,2013-05-19,Grade 3,+19576517145,-
S01361,Mr. Ricky Daniels,2015-09-11,Grade 3,+18386094294,-
S01362,Charlene Reyes,2015-12-27,Grade 1,+15409647376,423
S01363,Timothy Clayton,2016-06-17,Grade 2,-,-
S01364,Lisa Velasquez,2014-01-24,Grade 3,+19535204235,8101
S01365,William Turner,2008-06-24,Grade 2,+19435689181,77600
S01366,James Turner,2010-02-05,Grade 3,+14964461450,226
S01367,Erin Clark,2018-09-05,Grade 3,+19704799390,05181
S01368,David Cantu,2016-04-06,Grade 1,+18434833922,17267
S01369,Terri Bernard,2007-03-12,Grade 1,+12168265238,-
S01370,Shane Mayer,2014-12-12,Grade 2,+17417449185,-
S01371,Ann Rasmussen,2017-07-30,Grade 1,+18118127223,-
S01372,Lori Joseph,2007-01-17,Grade 2,+12754301039,-
S01373,Rachel Ramirez,2015-06-15,Grade 5,+13288406986,-
S01374,Laurie Collins,2015-10-06,Grade 4,+17648580767,391
S01375,Monica Miller,2012-09-26,Grade 3,+14718071571,82252
S01376,Samuel Boyer,2008-06-20,Grade 2,+15014181653,29048
S01377,Jacob Richardson,2017-11-14,Grade 2,+13369707296,728
S01378,Miranda Williams,2017-06-03,Grade 2,+19595465051,-
S01379,James Carter,2018-05-15,Grade 1,+19397504914,-
S01380,Troy Barber,2014-02-21,Grade 5,+18208992579,874
S01381,David Robertson,2017-08-11,Grade 1,+19207420386,2533
S01382,James Houston,2013-10-17,Grade 1,+18278308936,-
S01383,Victor Malone,2015-04-16,Grade 4,-,-
S01384,Robert Blake,2014-12-11,Grade 5,+18676660929,737
S01385,George Trujillo,2008-10-30,Grade 5,+13357179854,-
S01386,Diana Hanson,2018-01-01,Grade 2,+14956058047,-
S01387,Joseph Lewis,2013-02-03,Grade 4,+16478974689,75149
S01388,Shawn Gordon Iii,2007-02-11,Grade 1,+16327068020,-
S01389,Ashley Bright,2008-05-07,Grade 1,+17927006140,155
S01390,Jordan Love Dds,2011-12-11,Grade 4,+18717477806,-
S01391,Wendy Thomas,2010-10-08,Grade 2,+17383384288,-
S01392,Daniel Jordan,2009-03-24,Grade 1,+14273462372,1603
S01393,Holly Mclean,2011-12-26,Grade 3,+19958638830,5368
S01394,Sean Hall,2018-06-14,Grade 5,+16989434247,441
S01395,Ronald Craig,2017-12-04,Grade 4,+19159850783,4607
S01396,Michael Benjamin,2015-11-15,Grade 2,+17229104420,45097
S01397,Rachel Wood,2010-11-27,Grade 1,+15229221959,69111
S01398,William Johnston,2007-12-17,Grade 2,+19538903111,383
S01399,Daniel Flores,2007-02-26,Grade 4,+13263920083,-
S01400,Nicole Carlson,2006-06-13,Grade 3,+18904523534,75769
S01401,Melanie Logan,2010-11-03,Grade 5,+17629182008,-
S01402,Patrick Obrien,2014-11-16,Grade 2,+16269655145,4701
S01403,Joshua Carson,2018-06-12,Grade 4,+14929167712,-
S01404,Joanne Fowler,2009-08-06,Grade 5,+16849702719,975
S01405,Andrew Proctor,2013-06-11,Grade 4,+19577306153,-
S01406,Alyssa Anthony,2017-06-09,Grade 2,+19095433337,2866
S01407,Nathan Alexander,2008-04-16,Grade 2,+12422113753,44986
S01408,Yolanda Parks,2006-07-06,Grade 2,+19168299560,435
S01409,Thomas Smith,2010-04-29,Grade 5,+18353420288,8501
S01410,Donna Payne,2007-10-16,Grade 3,+16374372725,-
S01411,Katherine Torres,2016-12-08,Grade 4,+14573797329,84796
S01412,Robert Garcia,2010-09-04,Grade 1,+17587853847,-
S01413,Carl Adams,2015-11-28,Grade 1,+14033276801,-
S01414,Richard Lee,2010-12-14,Grade 5,+17138866822,-
S01415,Christine Barker,2010-11-22,Grade 5,+19425628245,8355
S01416,Lindsey Davis,2011-06-24,Grade 5,-,-
S01417,Amy Phillips,2015-07-10,Grade 2,+14085686415,-
S01418,Linda Maddox,2010-09-22,Grade 1,+15068143000,-
S01419,Christina Noble,2014-05-06,Grade 4,+15005802967,8358
S01420,Steven Downs,2010-07-14,Grade 5,+14704404461,-
S01421,Deanna Morgan,2013-03-15,Grade 5,+16055255708,-
S01422,Curtis Jones,2010-05-11,Grade 3,+17559437892,7955
S01423,Linda Parker,2018-07-23,Grade 1,+12173849308,634
S01424,William Mcintosh,2018-10-23,Grade 2,+13619359728,2683
S01425,Rachael Kramer,2013-08-29,Grade 4,+18356517558,3398
S01426,Philip Green,2017-05-27,Grade 1,+18028559954,534
S01427,Jason Black,2010-02-22,Grade 3,+16017653489,-
S01428,Katherine Vasquez,2009-02-03,Grade 4,+13037245004,172
S01429,Daniel Harris,2008-09-18,Grade 3,+12985064063,-
S01430,Sharon Pennington,2013-05-11,Grade 2,+14894951249,-
S01431,Jacob Hernandez,2010-07-28,Grade 2,+18942711251,924
S01432,Kaitlin James,2009-04-09,Grade 3,+12169832689,30562
S01433,Christopher Lawrence,2013-04-06,Grade 4,+17029183929,-
S01434,Brittany Rios,2014-01-09,Grade 1,+12824603968,9318
S01435,Kevin Chapman,2009-03-19,Grade 2,+17283688598,-
S01436,Kyle Chase,2016-09-18,Grade 1,+16525820576,-
S01437,Jennifer Jenkins,2009-07-18,Grade 4,+13226655822,-
S01438,Amanda Buchanan,2013-05-11,Grade 4,-,-
S01439,Kathy Mullins,2010-10-21,Grade 4,+12695407302,94583
S01440,Michelle Zavala,2017-05-31,Grade 4,+15696692682,-
S01441,James Graham,2008-11-03,Grade 3,+14306859930,3489
S01442,Pamela Nelson,2007-08-28,Grade 4,+15344929907,9383
S01443,Theresa Green,2016-05-30,Grade 4,+17318474084,-
S01444,Mr. Caleb Vasquez,2018-12-27,Grade 3,+17066544117,826
S01445,Hunter Vasquez,2010-09-10,Grade 2,+17993501979,-
S01446,Derek Rodriguez,2013-05-12,Grade 1,+15254013541,7372
S01447,Tiffany Vazquez,2012-08-02,Grade 3,+19053024210,92227
S01448,Jennifer Ortega,2006-03-14,Grade 4,+18588196962,0170
S01449,Ryan Evans,2006-12-10,Grade 3,+14219712527,6179
S01450,Melissa Thompson,2007-04-26,Grade 3,+18848589554,-
S01451,Rebecca Sanchez,2006-09-22,Grade 1,+14457130430,9903
S01452,Tara Pham,2010-05-24,Grade 5,+17025605648,38522
S01453,Thomas Kemp,2007-12-17,Grade 5,+12263350979,-
S01454,Nancy Brown,2011-07-02,Grade 1,+14732931979,185
S01455,Matthew Johnson,2007-08-09,Grade 1,+15332750343,6900
S01456,Kevin Lucero,2007-02-26,Grade 5,+14927397087,730
S01457,Oscar Garner,2007-12-26,Grade 2,+13817663722,-
S01458,Jonathan Moreno,2010-06-24,Grade 4,+16134690995,90163
S01459,Kenneth Evans,2017-09-01,Grade 3,+18053498613,3529
S01460,Ricky Norton,2009-05-13,Grade 1,+12266923156,546
S01461,Lisa Mccann,2011-01-05,Grade 1,+13175981742,-
S01462,Summer Thomas,2010-06-22,Grade 3,+19467084848,-
S01463,Gerald Phelps,2017-04-07,Grade 2,+12245632784,362
S01464,Tracy Castro,2011-11-30,Grade 1,+19403017878,-
S01465,Tina Wilkerson,2018-08-21,Grade 5,+14287683876,507
S01466,Elizabeth Castillo,2013-07-21,Grade 3,+19394659149,090
S01467,Craig Flowers,2015-03-10,Grade 3,+14646738679,446
S01468,Richard Schaefer,2008-09-05,Grade 3,+16918609565,-
S01469,Kristin Chase,2012-11-28,Grade 4,+18162799580,13886
S01470,Brittney Mccarthy,2011-11-10,Grade 3,+16177173036,-
S01471,Crystal Burgess,2011-04-30,Grade 5,+13029104068,-
S01472,Susan Matthews,2017-05-30,Grade 5,+13927962827,856
S01473,Jonathan Reed,2017-10-22,Grade 4,+12854487030,-
S01474,Karen Lucas,2017-09-03,Grade 1,+17492844677,-
S01475,Garrett Wilcox,2009-04-01,Grade 2,+17384864871,55537
S01476,Stuart Bartlett,2014-05-27,Grade 2,+17409799271,84851
S01477,David Duncan,2010-02-21,Grade 3,+18704839198,04996
S01478,Anthony Park,2018-03-19,Grade 4,+17894620513,-
S01479,Richard Merritt,2013-07-30,Grade 5,+12418732162,73468
S01480,Benjamin Farmer,2018-03-22,Grade 3,+13298821702,14636
S01481,Melissa Lee,2014-09-29,Grade 4,+18364889758,5388
S01482,Tracy Moses,2007-06-24,Grade 3,+14172928590,6446
S01483,Amy Watkins,2011-10-07,Grade 1,+18973999074,2079
S01484,Kathleen Barnett,2016-08-06,Grade 1,+15475628130,6252
S01485,Ashley Watson,2012-12-01,Grade 3,+13956015311,-
S01486,David Walters,2010-11-05,Grade 2,+17547386417,-
S01487,Tammy Young,2009-10-20,Grade 1,+13165293694,347
S01488,Joseph Townsend,2011-04-22,Grade 5,+16718312217,0688
S01489,Felicia Fitzpatrick,2011-04-05,Grade 1,+15045906404,454
S01490,Gabrielle Evans,2013-08-02,Grade 4,+15877406231,-
S01491,Susan Rosario,2011-10-21,Grade 1,+18308059934,6310
S01492,Christopher Robinson,2011-07-14,Grade 1,+18164417756,-
S01493,Laura Powers,2013-05-19,Grade 4,+14473983532,66125
S01494,Lori Olson,2009-07-14,Grade 4,+15495485637,595
S01495,Tyler Guzman,2011-05-14,Grade 3,+19816018924,604
S01496,Carrie Pennington,2011-06-16,Grade 3,+12943975725,2273
S01497,Karen Caldwell,2017-07-24,Grade 4,+14464334880,-
S01498,Sandra Perez,2006-05-11,Grade 4,+18892827408,172
S01499,Tonya Schmidt Dds,2016-03-10,Grade 5,-,-
S01500,Manuel Johnston,2011-11-11,Grade 3,+15086698780,5262
S01501,Michael Terrell,2010-01-10,Grade 5,+14276665679,-
S01502,Richard Duncan,2018-01-31,Grade 2,+15936730190,-
S01503,Cheryl Estrada,2017-11-21,Grade 3,+16269286286,-
S01504,Joseph Ferrell,2008-11-24,Grade 2,+16704180973,848
S01505,Sandra Williamson,2014-11-10,Grade 2,+17526128202,-
S01506,Kenneth Martin,2008-01-16,Grade 3,+19615367891,10377
S01507,Christopher Villanueva,2007-07-08,Grade 1,+19539261988,17657
S01508,Daniel Castro,2009-08-15,Grade 5,+17235824743,1735
S01509,Kelsey Bright,2018-03-11,Grade 5,+19904160201,-
S01510,Ryan Herrera,2016-10-20,Grade 2,+16123280500,-
S01511,Daniel Thomas,2015-06-05,Grade 4,+16902324121,98176
S01512,Tamara Adkins,2013-01-31,Grade 3,+15358796357,707
S01513,Renee Diaz,2017-10-15,Grade 5,+16684104212,331
S01514,Shannon Ellis,2008-06-29,Grade 5,+16828029313,-
S01515,Angela Cole,2007-03-02,Grade 4,+13595351013,-
S01516,Daniel Barrett,2006-08-20,Grade 5,+12275058940,5943
S01517,James Foster,2016-06-21,Grade 5,+12382925335,065
S01518,Cynthia Jones,2007-02-16,Grade 2,+18933972107,-
S01519,Gabrielle Moran,2007-09-15,Grade 2,+19017696112,8355
S01520,Paula Watkins,2016-09-20,Grade 1,+19182241756,-
S01521,Russell Hill,2015-06-20,Grade 4,+13994007183,-
S01522,Shelley Avila,2016-06-22,Grade 1,+13185387283,-
S01523,Nicole Goodwin,2011-01-11,Grade 4,+18982624167,-
S01524,Thomas Smith,2010-02-14,Grade 1,+18687088453,408
S01525,David Webb,2015-01-20,Grade 1,+18585326413,-
S01526,Alexander Stewart,2019-02-20,Grade 3,+18178080964,-
S01527,Michael Sherman,2014-01-07,Grade 5,+15799381000,-
S01528,Mr. Christopher Larsen,2014-03-29,Grade 5,+18653726909,940
S01529,Katherine Hernandez,2008-06-19,Grade 4,+13733824121,-
S01530,Kyle Chapman,2016-11-10,Grade 1,+14983553909,-
S01531,Amanda Hernandez,2009-08-05,Grade 2,+19969310811,582
S01532,Andrew Hughes,2012-09-04,Grade 3,+14213874597,-
S01533,Lisa Kirk,2007-09-04,Grade 3,+12529441712,-
S01534,Kimberly Vega,2006-08-06,Grade 5,+18385558187,-
S01535,Jennifer Scott,2018-03-30,Grade 2,-,-
S01536,Steven Banks,2013-12-13,Grade 3,+12908326778,-
S01537,Julie Johnson,2008-03-15,Grade 4,+18475583008,54422
S01538,William Jones,2009-02-14,Grade 3,+14578680503,3448
S01539,Jacqueline Wright,2007-09-19,Grade 2,+17528212650,0673
S01540,Michael Stanley,2008-09-04,Grade 3,-,-
S01541,Kurt Hale,2016-04-09,Grade 1,+13002619392,5414
S01542,Deborah Benjamin,2011-02-23,Grade 5,+12427914961,-
S01543,Rebecca Meyer,2015-01-08,Grade 5,+18319957956,3254
S01544,Peter Ramirez,2012-03-05,Grade 4,+15883673788,95653
S01545,Charlotte Yoder,2015-06-26,Grade 2,+14474618374,61868
S01546,James Carter,2017-09-21,Grade 1,+18228832942,83227
S01547,Mrs. Megan Diaz Md,2008-10-09,Grade 4,+17289619093,52584
S01548,Amanda Jones,2008-10-16,Grade 1,-,-
S01549,Jamie Chavez,2010-01-11,Grade 5,+16904528021,-
S01550,Caroline Ross,2013-10-30,Grade 1,+15896593971,96851
S01551,Oscar Smith,2013-07-02,Grade 1,+15744690741,-
S01552,Robin Golden,2010-07-18,Grade 3,+13346368282,7136
S01553,Abigail Cook,2016-07-20,Grade 4,+17582196485,920
S01554,Christopher Hurley,2010-09-13,Grade 2,+15454229301,-
S01555,Taylor Reed,2012-05-12,Grade 1,+19632149236,80235
S01556,Joseph Hardy,2017-10-14,Grade 1,+13226086247,624
S01557,John Norton,2013-09-26,Grade 3,+17159441078,956
S01558,Oscar Potts,2012-04-03,Grade 5,+16965274593,-
S01559,David Olson,2016-11-16,Grade 1,+19202937549,09903
S01560,Justin Stevenson,2016-10-29,Grade 2,+13398154367,6310
S01561,Stephanie Harrison,2014-03-22,Grade 2,+18942085834,21866
S01562,Jeanette Burns,2011-08-21,Grade 4,+13042990984,-
S01563,Mark Morales,2009-09-11,Grade 4,+13303174718,1478
S01564,Stefanie Faulkner,2017-02-16,Grade 1,+18683969145,3891
S01565,Christine Howard,2006-10-20,Grade 5,+13215872366,8452
S01566,Jeremiah Lester,2018-11-16,Grade 5,+12885345736,603
S01567,David Collins,2014-06-24,Grade 1,+14206641122,6970
S01568,Elizabeth Cohen,2018-08-02,Grade 5,+15517193985,746
S01569,Scott Prince,2015-10-08,Grade 2,+15716244220,45448
S01570,Susan Mendez,2017-06-28,Grade 1,+12453087000,-
S01571,Lisa Ramos,2018-09-10,Grade 4,+17624151281,888
S01572,Kayla Turner,2016-04-22,Grade 3,+13645293160,626
S01573,John Carter,2013-09-13,Grade 1,+17654920549,-
S01574,Benjamin Berry,2014-05-10,Grade 1,+17997660034,522
S01575,Jill Ho,2011-11-29,Grade 2,+15003605629,-
S01576,Brian Vargas,2012-10-06,Grade 3,+19137481434,2734
S01577,Catherine Dunn,2010-12-18,Grade 1,+14904133379,-
S01578,Karen Dixon,2012-04-08,Grade 1,+12445687997,97383
S01579,Barry Hahn,2017-05-25,Grade 1,+13264054439,-
S01580,Jasmine Hamilton,2009-06-09,Grade 5,+19688579886,-
S01581,Yvette Fields,2015-10-05,Grade 4,+18432984624,-
S01582,Ashley Clark,2016-12-02,Grade 4,+18166828254,1068
S01583,Jessica Gonzalez,2007-06-02,Grade 1,+15338734134,72006
S01584,Maria Perez,2012-05-15,Grade 3,+14727176077,25261
S01585,Elizabeth Wells,2014-02-18,Grade 4,+17879149571,-
S01586,Veronica Adams,2015-07-19,Grade 3,-,-
S01587,Kelsey Edwards,2018-05-01,Grade 3,+14876304335,-
S01588,Tammy Rogers,2009-07-25,Grade 5,+12863837009,-
S01589,Christina Maxwell,2018-10-06,Grade 4,+15746313466,334
S01590,Michelle Herrera,2013-06-29,Grade 5,+18148402687,-
S01591,Pamela Smith,2009-11-10,Grade 4,+15457711133,416
S01592,Ashley Roberts,2016-06-11,Grade 2,+13228874845,44327
S01593,Robert Scott,2008-05-11,Grade 2,+15397393393,5380
S01594,Chloe Gonzalez,2015-07-01,Grade 2,+12202287153,-
S01595,Jaime Johnson,2011-10-31,Grade 5,+19378474810,840
S01596,Ashley Kline,2010-03-26,Grade 5,+19399121111,-
S01597,Bryan Anderson,2019-03-07,Grade 5,+17246482478,-
S01598,Tyler Garcia,2011-05-27,Grade 5,+12039095601,37401
S01599,Mrs. Susan Clark,2014-02-23,Grade 5,+17862125253,-
S01600,Elizabeth Phillips,2008-04-04,Grade 3,+13609679307,6375
S01601,Joan Miller,2019-01-21,Grade 3,+19785860067,-
S01602,Jeffrey Dominguez,2006-04-20,Grade 2,+13296365317,891
S01603,Jeffery Allen,2006-03-19,Grade 5,+14168970642,-
S01604,Anne Aguilar,2008-09-01,Grade 5,+15419340604,576
S01605,Tracy Cunningham,2008-04-01,Grade 3,+19556456828,-
S01606,Nancy Scott,2018-03-29,Grade 1,+18145066952,89656
S01607,Lisa Martinez,2009-05-09,Grade 5,+14144698065,37297
S01608,Isaac Brown,2017-04-24,Grade 5,+15104751421,-
S01609,Sheena Acevedo,2010-10-03,Grade 5,+15823912708,840
S01610,Ricardo Fletcher,2019-03-07,Grade 4,+17287301736,781
S01611,Kelly Young,2019-01-18,Grade 1,+17034374737,59990
S01612,Vicki Smith,2015-08-30,Grade 3,+16787560392,-
S01613,Laura Baker,2009-04-06,Grade 2,+15154986651,-
S01614,Kimberly Vazquez,2006-11-21,Grade 1,+18054809826,796
S01615,Donna Wilson,2013-08-27,Grade 2,+16399404868,29359
S01616,Elaine Porter,2014-03-24,Grade 2,+17816499221,-
S01617,Johnny Murray,2010-02-22,Grade 2,+17174998026,-
S01618,Stephanie Ayers,2010-03-27,Grade 2,-,-
S01619,Richard Fletcher,2015-02-10,Grade 4,+13385933484,-
S01620,Rodney Miller,2015-03-04,Grade 2,+15083952223,-
S01621,Jordan Phillips,2009-04-09,Grade 2,+19006343787,49284
S01622,Madeline Shah,2009-01-30,Grade 1,+13085645174,-
S01623,Calvin Taylor,2018-08-22,Grade 5,+17296631118,9073
S01624,Kevin Thomas,2007-04-14,Grade 2,+16974308136,09697
S01625,Matthew Lane,2006-10-27,Grade 3,+13328588421,8500
S01626,William Valdez,2015-11-01,Grade 1,+14885275657,2984
S01627,Kristen Jacobs,2012-05-02,Grade 5,+12447881362,82125
S01628,Tiffany Rose,2012-05-10,Grade 4,+16419950547,-
S01629,Amanda Wilson,2009-06-10,Grade 5,+16015661006,0464
S01630,Diana Bowers,2016-08-26,Grade 2,+15383065585,204
S01631,Eric Barrett,2008-08-13,Grade 2,+18043375375,220
S01632,Nicole Davis,2008-02-18,Grade 3,-,-
S01633,Stephanie Newman,2007-11-25,Grade 5,+16076901033,93183
S01634,Mrs. Kathy Wilson,2009-03-15,Grade 5,+19469107154,1565
S01635,Melissa Thornton,2019-02-04,Grade 3,+14978877906,8406
S01636,Gregory Scott,2013-11-29,Grade 5,+15847303545,-
S01637,Roger Rodriguez,2015-10-06,Grade 2,+17949612536,21669
S01638,Amanda Perkins,2016-08-05,Grade 5,+18359195427,-
S01639,Stephen Johnson,2008-03-25,Grade 1,+16045259077,936
S01640,Kelly Pierce,2007-12-23,Grade 1,+13463154520,-
S01641,Patrick Welch,2013-08-21,Grade 2,+18227041127,27079
S01642,Paul Mccormick,2017-08-31,Grade 5,+14887835515,024
S01643,Kyle Parker,2017-11-28,Grade 4,+18808907431,617
S01644,Ashley Hernandez,2006-04-18,Grade 3,+14109105428,109
S01645,Robert Howard,2016-02-25,Grade 5,+13237634536,216
S01646,Garrett Smith,2009-03-12,Grade 2,+12144555191,-
S01647,Stephen Orr,2010-05-11,Grade 2,+19244021733,534
S01648,Daniel Howard,2016-02-16,Grade 5,+17229404014,765
S01649,Scott Lopez,2016-05-08,Grade 3,+18412482724,32964
S01650,Paula Knight,2017-05-31,Grade 4,+16295206770,21852
S01651,Troy Lawson,2006-06-04,Grade 4,+16103128064,-
S01652,Michael Reyes,2009-05-31,Grade 4,+19545465577,856
S01653,Kevin Lawson,2008-01-29,Grade 1,+18258629931,78589
S01654,Walter Holland,2018-11-15,Grade 2,-,-
S01655,Ian Payne,2015-10-19,Grade 4,+17949501346,-
S01656,Mr. Dylan Sanchez,2014-09-21,Grade 2,-,-
S01657,Stephanie Bryant,2007-11-23,Grade 1,-,-
S01658,Amy Tucker,2018-07-06,Grade 3,+19733335657,-
S01659,John Hobbs,2015-04-14,Grade 5,+12726682207,-
S01660,Jacob Gomez,2014-05-06,Grade 4,+16355534973,2656
S01661,James Gonzales,2008-09-26,Grade 2,+16959052070,79500
S01662,Jennifer Harvey,2006-12-07,Grade 3,+16243310483,00275
S01663,Keith Sims,2018-08-15,Grade 5,+18657552781,8550
S01664,Jonathan Cruz,2006-07-31,Grade 5,+15433750974,5534
S01665,Joshua White Dds,2014-11-17,Grade 5,+15146250132,-
S01666,Jon Leach,2006-09-03,Grade 1,+12532331629,7742
S01667,Connie Johnson,2011-08-01,Grade 3,+13782904548,02684
S01668,Robert Jones,2013-07-10,Grade 4,+16462886318,-
S01669,Michelle Wheeler,2012-12-27,Grade 1,+18383307399,927
S01670,Mr. Steven Mercer,2017-08-03,Grade 4,+14172887045,-
S01671,John Miranda,2009-08-19,Grade 1,+15674879920,6634
S01672,Alexis Harris,2009-03-24,Grade 4,+14524620230,-
S01673,Carlos Yang,2012-08-20,Grade 3,+12299389250,792
S01674,Robert Hoover,2016-10-06,Grade 2,+13675126967,-
S01675,Richard Guerra,2018-10-14,Grade 3,-,-
S01676,James Cole,2012-05-11,Grade 4,+19166481783,-
S01677,Joshua Nichols,2018-11-05,Grade 2,+18218079024,-
S01678,Eric Garcia,2008-08-14,Grade 3,+14242464419,79027
S01679,Derrick Johnson,2007-09-20,Grade 4,+16383394921,-
S01680,Darrell Garcia,2007-06-16,Grade 4,+13979758616,68044
S01681,Alicia Wallace,2006-05-18,Grade 2,+17608245637,0632
S01682,Kathleen Williams,2011-06-25,Grade 3,+15986499720,-
S01683,Raymond Aguilar,2017-10-05,Grade 5,+14049402838,-
S01684,Christopher Graham Jr.,2015-09-06,Grade 1,+17519560180,-
S01685,Angel Thornton,2006-10-15,Grade 4,+18325810631,9325
S01686,Robert Chapman,2007-02-14,Grade 3,-,-
S01687,Tanya Anderson,2013-09-12,Grade 5,+18584260812,-
S01688,Bradley Holmes,2018-08-02,Grade 4,+15625490320,-
S01689,Tristan Green,2012-04-27,Grade 3,+12049419858,0509
S01690,Joshua James,2012-08-19,Grade 4,+17724647920,32773
S01691,Timothy Mcpherson,2007-12-11,Grade 2,+12299249113,36983
S01692,Kenneth Valencia,2010-12-20,Grade 2,+13163023128,-
S01693,Richard Hernandez,2013-08-16,Grade 1,+19222789578,6685
S01694,Monique Grant,2012-03-06,Grade 3,+16124775554,716
S01695,Paul Howard,2010-05-30,Grade 1,+16515286070,7178
S01696,Heidi Lee,2011-09-17,Grade 4,+13636939683,588
S01697,Kristina Gomez,2011-04-28,Grade 2,+16388843118,-
S01698,Shelley Bryant,2006-05-24,Grade 4,+19303659572,261
S01699,Sheri Wiley,2008-08-10,Grade 4,+17405087752,-
S01700,Stephanie Lee,2013-02-21,Grade 5,+17655922914,5567
S01701,Blake Cook,2010-11-10,Grade 1,+13109964274,-
S01702,Stephanie Johnson,2007-03-28,Grade 1,+12777924920,-
S01703,David Sutton,2011-09-30,Grade 3,-,-
S01704,Chad Archer,2007-08-17,Grade 1,+16316915012,1549
S01705,Philip Smith,2009-06-26,Grade 4,+18584618017,171
S01706,Lori Cook,2009-04-17,Grade 3,+12262466938,-
S01707,Steven Townsend,2012-02-22,Grade 5,+18397923767,18745
S01708,Cheryl Harvey,2017-02-15,Grade 3,+14764538866,4892
S01709,Kimberly Rose,2012-02-19,Grade 4,+16492704212,96757
S01710,Kenneth Miller,2011-04-27,Grade 1,+18606316932,-
S01711,Trevor Pollard,2014-08-26,Grade 5,+16973458166,878
S01712,Mark Chung,2009-02-07,Grade 1,+14514496726,-
S01713,Heidi Foster,2014-02-25,Grade 2,+14677385867,5449
S01714,Erica Olson,2016-10-11,Grade 3,+14118593368,0783
S01715,Rick Allen,2015-08-02,Grade 4,+12228470428,-
S01716,Kathleen Gates,2009-10-31,Grade 4,+18697985306,5773
S01717,Joe York,2010-08-29,Grade 1,+18784703860,6318
S01718,Sarah Smith,2018-02-06,Grade 2,+15508000020,84429
S01719,Cindy Riley,2006-10-07,Grade 1,+19648169718,12081
S01720,Thomas Morgan,2017-04-22,Grade 4,+15459719562,5535
S01721,Michael Roberts,2006-03-22,Grade 4,+14019180717,6960
S01722,Deanna Burgess,2011-06-12,Grade 5,+13693763423,16975
S01723,Tammy Hood,2012-01-29,Grade 3,+14612722217,-
S01724,Luis Lawson,2013-04-16,Grade 4,+14008497070,2556
S01725,Jonathan Wong Jr.,2018-02-11,Grade 2,+13536429578,2955
S01726,Steven Lowe,2018-11-15,Grade 5,+15083338845,1533
S01727,Marisa Ramos,2011-01-03,Grade 5,+18374641634,-
S01728,Anthony Green,2011-04-16,Grade 4,+16974099179,4260
S01729,John Miller,2006-11-07,Grade 2,+17424003419,-
S01730,Rachel Reed,2017-01-24,Grade 5,+17272782307,83837
S01731,David Rivera Md,2016-04-12,Grade 2,+16882299324,636
S01732,Levi Boyd,2014-04-27,Grade 3,+15344525274,18200
S01733,Kenneth Ford,2016-06-19,Grade 4,+17664260762,9756
S01734,Michael Hall,2012-10-28,Grade 5,+12258316227,03730
S01735,Marie Bishop,2008-01-26,Grade 4,+18467972851,606
S01736,Jessica Smith,2011-09-25,Grade 3,+15267645149,895
S01737,Wanda Turner,2009-03-21,Grade 1,+16696864784,-
S01738,Lisa Rodriguez,2015-04-08,Grade 5,+19436945857,5947
S01739,Lindsey Sparks,2012-12-16,Grade 5,+13292972598,70905
S01740,Marilyn White,2015-10-30,Grade 5,+12923384300,9751
S01741,Hannah Hayden,2012-03-03,Grade 3,+14657019932,091
S01742,John Taylor,2012-12-23,Grade 3,+15084380183,32500
S01743,Daniel Mann,2009-03-07,Grade 5,+19629132428,-
S01744,Richard Liu,2017-12-10,Grade 3,+16879324637,763
S01745,Christopher Roach,2013-06-26,Grade 1,+12729124090,1261
S01746,Isaac Carr,2008-11-22,Grade 2,+14136274164,-
S01747,Adam Williams,2012-07-15,Grade 3,+17577018257,557
S01748,Alyssa Bailey,2010-08-01,Grade 3,+12712252915,4350
S01749,Derek Haynes,2007-11-16,Grade 4,+13003104234,545
S01750,Erika Smith,2008-06-12,Grade 2,+18362039257,01331
S01751,Donna Golden,2014-09-06,Grade 1,+14225611889,313
S01752,Kristen Watkins,2017-06-13,Grade 2,+12497165637,521
S01753,Veronica Long,2008-07-16,Grade 5,+19266469999,427
S01754,Daniel Ortiz,2012-01-28,Grade 1,+16466810206,-
S01755,Aaron Johnson,2009-08-08,Grade 5,+12246100344,139
S01756,Nicholas Garcia,2015-09-17,Grade 5,+18084278746,-
S01757,Leslie Dawson,2017-02-06,Grade 3,+18834076210,8869
S01758,Mrs. Rebecca Avila,2017-03-27,Grade 2,+19268731236,-
S01759,Tyrone Richards,2016-06-25,Grade 4,+15374708779,-
S01760,Jacob Brown,2014-12-18,Grade 2,+16452012688,5978
S01761,Jenna Huber,2018-04-05,Grade 4,+19886008364,-
S01762,Thomas Ramos,2018-06-11,Grade 3,+16524287697,352
S01763,Christopher Daniels,2007-08-15,Grade 3,+16947359666,17165
S01764,Felicia Russell,2013-08-06,Grade 3,+14875633362,6283
S01765,Kimberly Carter,2017-04-17,Grade 3,+18438848131,911
S01766,David Love,2015-11-26,Grade 3,+15732061986,70574
S01767,Julie Lowe,2015-12-09,Grade 4,+18507318613,-
S01768,Tracy Davidson,2016-05-13,Grade 4,+17847724204,181
S01769,Carolyn White,2016-08-04,Grade 1,+15593640654,637
S01770,Alan Gutierrez,2010-10-15,Grade 1,+18152642722,-
S01771,Erica Lopez,2007-07-02,Grade 2,+13197740411,-
S01772,Katie Drake,2008-11-13,Grade 2,+17657223971,8547
S01773,Michael Mitchell,2013-09-13,Grade 4,+19955820569,-
S01774,Leah Ingram,2014-11-08,Grade 2,+15482329750,26355
S01775,Dustin Donaldson,2010-04-02,Grade 5,+15952298685,514
S01776,Scott Horn,2010-08-12,Grade 1,+12573063644,6007
S01777,Kristin Freeman,2013-09-21,Grade 5,+17085848533,-
S01778,Deborah Norman,2016-05-19,Grade 1,+14935276028,34984
S01779,Amanda Morgan,2015-01-07,Grade 4,+14469014439,714
S01780,Mary Fox,2010-01-31,Grade 5,+12989896379,-
S01781,Julie Vance,2014-09-26,Grade 1,+13644564764,-
S01782,Debra Mack,2010-11-24,Grade 2,+12782781510,60283
S01783,Patrick Camacho,2008-07-04,Grade 3,+14076276199,0926
S01784,Regina Porter,2017-10-17,Grade 1,+16355878085,7611
S01785,Erin Richard,2012-01-21,Grade 5,+13878007701,06634
S01786,Steven Todd,2013-02-18,Grade 2,+16363389370,2748
S01787,Steven Jones,2012-08-04,Grade 4,+14608834377,9929
S01788,Jason Perez,2011-02-23,Grade 4,+18396762150,-
S01789,Rick Marshall,2018-06-10,Grade 1,+15693220393,-
S01790,Yesenia Kelly,2017-03-07,Grade 2,+12146495762,60119
S01791,Rachel Horton,2009-12-07,Grade 3,+14193210080,-
S01792,Troy Gilmore,2006-11-21,Grade 4,+19828331965,-
S01793,Bailey Morrow,2010-06-18,Grade 4,+17128451386,-
S01794,Ashley Young,2006-03-30,Grade 4,+15264272552,-
S01795,Martin Silva,2006-04-22,Grade 1,+13946482737,-
S01796,Jeanne Spencer,2008-08-15,Grade 2,+15199151378,58210
S01797,Deborah Olsen,2012-01-28,Grade 2,+12258440187,-
S01798,James Clark,2016-12-22,Grade 4,+15232556592,2506
S01799,Joseph Parker,2012-07-08,Grade 2,+15129231714,-
S01800,Robert English,2013-12-15,Grade 3,+16823502794,70915
S01801,Natalie Johnson,2013-03-09,Grade 2,+14438793659,22960
S01802,Kathleen Vazquez,2018-11-01,Grade 3,+18932115468,-
S01803,Stephanie Whitaker,2016-04-19,Grade 4,+18833199203,616
S01804,Mary Watson,2014-04-24,Grade 2,+12969266686,-
S01805,Jacqueline Hess,2010-10-13,Grade 4,+13135607662,-
S01806,Tracy Bryan,2009-07-13,Grade 1,+19243302545,359
S01807,Joshua Johnson,2014-07-18,Grade 1,+12186703200,43714
S01808,Alexander Booth,2017-11-09,Grade 5,+17593392515,-
S01809,Jared Atkinson,2012-03-12,Grade 1,+18554762079,91211
S01810,Brandi Hernandez,2016-11-20,Grade 3,+16738239052,-
S01811,Mr. Travis Carter Md,2018-02-08,Grade 3,+18996156197,65907
S01812,Victoria Morales,2011-10-10,Grade 3,+14263117470,-
S01813,Michael Smith,2007-08-04,Grade 3,+18249200467,-
S01814,Kirsten Sanchez,2014-04-09,Grade 2,+12515047942,9575
S01815,Pamela Jackson,2017-08-26,Grade 5,+16657949327,-
S01816,Christine Watkins,2013-01-03,Grade 3,+14363720839,389
S01817,Alison Reid,2010-08-09,Grade 1,+18239514537,3397
S01818,Lori Davis,2012-05-23,Grade 2,+14048562016,-
S01819,Michael Goodwin,2008-03-02,Grade 5,+14473070154,901
S01820,Jennifer Rodriguez,2015-02-16,Grade 4,+15624199204,4412
S01821,Shannon Hernandez,2008-05-21,Grade 1,+17312895545,-
S01822,Amanda Armstrong,2018-04-25,Grade 5,+19393657799,4495
S01823,Darrell Rivera,2017-10-21,Grade 2,+13692834608,1925
S01824,Michael Wright,2018-11-14,Grade 2,+14984672265,73892
S01825,Shawn Campbell,2006-12-05,Grade 1,+16845105789,-
S01826,Adam Benson,2017-05-17,Grade 3,+18807329831,18349
S01827,Kimberly Parker,2010-02-24,Grade 2,+19432853117,0562
S01828,Diane Burton,2008-12-22,Grade 2,+19897647484,96867
S01829,Mary Johnson,2006-05-06,Grade 5,+13566864022,-
S01830,Cody Brown,2012-01-09,Grade 2,+13002839006,65967
S01831,Jacqueline Gardner,2008-05-14,Grade 4,+13938968563,981
S01832,Amanda Pruitt,2009-07-02,Grade 1,+17872326716,-
S01833,Shannon Anderson,2010-07-23,Grade 2,+19239642441,-
S01834,Bradley Cook,2011-06-02,Grade 1,+18175763287,377
S01835,Jeff Young,2013-04-19,Grade 5,+16666990427,48594
S01836,Richard Mason,2009-04-08,Grade 3,+19464804917,44676
S01837,Angela Daniels,2015-03-04,Grade 2,+18924516367,43610
S01838,William Bond,2008-10-06,Grade 4,+17892558100,901
S01839,Erik Perry,2011-11-22,Grade 4,+14039390541,-
S01840,Sarah Jenkins,2017-12-13,Grade 5,+13596006787,3342
S01841,Jonathan Peters,2014-02-11,Grade 5,+16996852259,07511
S01842,Tammie Watts,2018-12-11,Grade 4,+12843299724,942
S01843,Victoria Reid,2014-05-07,Grade 1,+14635150699,905
S01844,Michael Mcgee,2014-12-22,Grade 5,+18264318127,-
S01845,Erin Beltran,2006-10-05,Grade 2,+17843785762,336
S01846,Cindy Wilson,2011-09-03,Grade 5,+16014489343,-
S01847,Alyssa Gonzalez,2016-06-11,Grade 1,+15182553986,50347
S01848,Cody Blake,2018-08-19,Grade 3,+13353379036,74574
S01849,David Rodriguez,2008-09-13,Grade 2,+12148639419,438
S01850,Michael Briggs,2017-06-16,Grade 1,+15862917952,-
S01851,Kirsten Anderson,2009-01-27,Grade 3,+13115414363,-
S01852,Allen Moore,2009-03-14,Grade 1,+13118479446,-
S01853,Madison Armstrong,2016-07-21,Grade 2,+12173584867,-
S01854,Cheryl Watkins,2011-06-01,Grade 3,+12328052189,-
S01855,John Ford,2013-09-19,Grade 3,+17839355900,-
S01856,Robert Cook,2009-10-12,Grade 2,+13984576919,802
S01857,Mark Foster,2006-04-16,Grade 5,+13277380309,-
S01858,David Garcia,2014-07-31,Grade 5,+19042704254,-
S01859,Michele Greene,2014-09-21,Grade 3,+15602532765,8929
S01860,Kimberly Adams,2007-07-17,Grade 3,+13015691439,-
S01861,Blake Owens,2016-09-17,Grade 3,+15375004478,70079
S01862,Michael Miles,2007-06-12,Grade 5,+14558404458,579
S01863,Nicholas Boone,2018-01-05,Grade 2,+14147808175,-
S01864,Maria Moreno,2014-11-28,Grade 1,+13083337828,727
S01865,Joshua Stout,2010-11-16,Grade 1,+12477712291,7962
S01866,Mr. Oscar Brown,2007-12-11,Grade 3,+15467539728,25587
S01867,Anna Howard,2015-04-18,Grade 5,+16303880300,680
S01868,Christopher Lewis,2019-03-08,Grade 4,+15706205413,282
S01869,Steven Washington,2011-02-28,Grade 3,+15869242164,221
S01870,Timothy Robinson,2011-02-09,Grade 2,+17636098837,12712
S01871,Maria Adams Md,2018-07-25,Grade 2,+14003932197,-
S01872,Jaime Williams,2012-08-30,Grade 5,+14613065313,-
S01873,Brandon Price,2013-02-05,Grade 3,+17038220610,-
S01874,Julie Horne,2015-11-21,Grade 5,+14155291042,-
S01875,Hannah Carlson,2013-09-10,Grade 3,+18613394599,-
S01876,Lisa Moore,2014-05-19,Grade 3,+16075615401,939
S01877,Zoe Faulkner,2010-08-11,Grade 4,+16517846244,2148
S01878,Monica Brown,2013-01-10,Grade 2,+17704567008,043
S01879,Michael Jackson,2010-12-21,Grade 1,-,-
S01880,Emily Knox,2010-05-22,Grade 4,+12963502537,8321
S01881,Mr. Chad Odonnell,2009-10-25,Grade 3,+12504020478,98482
S01882,Desiree Scott,2011-04-08,Grade 1,+17295183663,-
S01883,Laurie Myers,2014-01-27,Grade 2,+16432901190,54341
S01884,Katrina Davis,2008-06-16,Grade 1,+14452450242,893
S01885,Janice Wallace,2013-01-16,Grade 4,+14825471486,-
S01886,Ann Velazquez,2013-04-16,Grade 1,+17897328344,92334
S01887,Kim Williams,2014-06-07,Grade 2,+14489803634,-
S01888,Charles Swanson,2014-10-07,Grade 3,+12466465476,-
S01889,Julie Kelley,2013-12-14,Grade 2,+14306463779,65348
S01890,Kara Davis,2007-01-04,Grade 2,+14988384957,8482
S01891,Bruce Higgins,2013-10-07,Grade 1,+14609831356,-
S01892,Lisa Martin,2018-06-20,Grade 2,+16685894206,62442
S01893,Ronald Gordon,2016-09-16,Grade 2,+12706932316,-
S01894,Michelle Compton,2017-08-19,Grade 2,+17477273907,0942
S01895,Kendra Stokes,2013-09-08,Grade 4,+17026657527,938
S01896,Katie Burton,2008-07-10,Grade 4,+19907033173,84204
S01897,Jennifer Reyes,2013-03-17,Grade 4,+16777821900,1323
S01898,Diane Bryant,2008-09-16,Grade 5,+16507782859,021
S01899,Shawn Woodward,2017-09-20,Grade 3,-,-
S01900,Cristina Barnes,2007-06-30,Grade 5,+15165080814,-
S01901,Blake Hunter,2011-07-01,Grade 1,+12843726881,353
S01902,Brandy Oliver,2017-08-13,Grade 2,+13295635172,-
S01903,John Hill,2006-05-24,Grade 1,+17782583497,759
S01904,Michael Foster,2007-11-18,Grade 4,+16126284310,200
S01905,Emily Andrews,2009-04-11,Grade 2,+16015707002,-
S01906,Anne Patterson,2014-02-11,Grade 2,+15687830545,-
S01907,Heidi King,2013-01-03,Grade 5,+12738702343,84783
S01908,Kristen Rangel,2017-12-28,Grade 5,+18443279684,63345
S01909,Dennis Gilbert,2013-05-31,Grade 3,+16843159923,-
S01910,Robert Castro,2011-02-06,Grade 4,+19613011442,-
S01911,Robert Garcia,2006-04-29,Grade 3,+15037536544,-
S01912,Katherine Horn,2017-04-16,Grade 2,+15264611913,-
S01913,Kristopher Berg,2011-01-02,Grade 3,+17558864823,409
S01914,Jeanette Bridges,2009-08-10,Grade 1,+12859444377,07268
S01915,Keith Vasquez,2006-08-28,Grade 5,+16832865939,-
S01916,Robin Shaw,2008-05-20,Grade 4,+18632985115,0264
S01917,Christina Roberts,2008-04-22,Grade 1,+15053957836,-
S01918,Patricia Scott,2018-04-19,Grade 3,+14433778106,-
S01919,James Gilbert,2015-02-12,Grade 2,+19329829086,1560
S01920,Heather Baker,2011-04-22,Grade 1,+14767858343,-
S01921,Connie Arnold,2017-02-26,Grade 4,+17713804352,-
S01922,Leslie Hampton,2007-08-20,Grade 2,+15607680748,-
S01923,Michael Clark,2007-09-08,Grade 4,+18356682443,6362
S01924,Christine Hernandez,2019-01-27,Grade 1,+15822938070,215
S01925,George Jackson,2008-06-08,Grade 5,+14087244275,970
S01926,Anna Davies,2010-03-19,Grade 5,+16929303186,35501
S01927,Casey Wolf,2006-11-17,Grade 2,+18053895786,16161
S01928,William West,2013-02-05,Grade 1,-,-
S01929,David Smith,2008-01-02,Grade 4,+16796166268,0719
S01930,Kenneth Andrews,2011-10-23,Grade 2,+18925217589,-
S01931,Calvin Graham,2007-12-06,Grade 2,+12018743148,-
S01932,Timothy Smith,2008-12-04,Grade 5,+13368085355,32885
S01933,Monica Chavez,2008-04-29,Grade 4,+16969123853,-
S01934,Clarence Miller,2011-01-10,Grade 2,+18915650529,-
S01935,Alyssa David,2006-12-23,Grade 4,+19715485040,-
S01936,Ashley Walsh,2006-09-28,Grade 2,+15456438793,79525
S01937,Stephanie Villa,2014-01-14,Grade 1,+16404177726,844
S01938,Jay Anderson,2011-08-19,Grade 3,+14199745890,145
S01939,Laurie Henry,2014-11-18,Grade 3,+18638583879,32834
S01940,Ann Bailey,2013-04-28,Grade 5,+18056143905,64461
S01941,Rebecca Carrillo,2006-06-15,Grade 3,+17338725708,-
S01942,Andrew Kim,2014-02-15,Grade 4,+18477117744,372
S01943,Lisa Mason,2009-02-10,Grade 2,+17663918326,-
S01944,Justin Brown,2014-03-27,Grade 3,+17603119417,194
S01945,Gloria Hull,2009-06-30,Grade 5,+17313114204,770
S01946,Christina Caldwell,2018-07-07,Grade 5,+15399228463,525
S01947,Kathleen Aguilar,2009-01-27,Grade 5,+16745109055,452
S01948,Sherry Huff,2014-02-26,Grade 1,+19265232879,-
S01949,Bruce Haley,2016-09-13,Grade 4,+14462833320,1786
S01950,Timothy Malone,2014-02-03,Grade 4,+12567182951,037
S01951,Mark Moody,2011-07-27,Grade 5,+13158462156,-
S01952,Kristin Green,2017-08-25,Grade 5,+13419395189,1739
S01953,Stacy Jones,2014-03-19,Grade 5,+12807485552,-
S01954,Adam Larson,2007-08-27,Grade 5,+14936723330,0605
S01955,Mark Sanders,2017-01-03,Grade 4,+19463054682,-
S01956,Kathy Patterson,2011-09-02,Grade 2,+15967783948,7626
S01957,Kimberly Knight,2011-03-01,Grade 2,+18245562950,-
S01958,Douglas Wilson,2012-10-16,Grade 2,+18703152388,-
S01959,Mark Williams,2010-03-27,Grade 2,+17734325448,5941
S01960,Ashley Durham,2009-09-14,Grade 5,+19509608074,768
S01961,Marie Cole,2016-11-27,Grade 5,+16472982463,719
S01962,Janice Brown,2011-03-12,Grade 1,+12812214821,-
S01963,Victoria Wright,2010-01-12,Grade 3,+12584458955,-
S01964,Jennifer Pham,2007-08-11,Grade 3,+12738208303,114
S01965,James Smith,2011-02-24,Grade 4,+19046424815,8702
S01966,Jamie Davis,2018-10-12,Grade 5,+16908722815,45378
S01967,Matthew Ritter,2007-10-21,Grade 4,+18729053312,2351
S01968,Stephanie Wright,2016-05-25,Grade 5,+16224557850,11937
S01969,Michael Johnson,2007-04-05,Grade 4,+17785836250,6588
S01970,Miranda Parsons,2009-01-23,Grade 4,+14879078924,678
S01971,Tracy Gray,2011-04-24,Grade 4,+12129817608,116
S01972,Tracy Holloway,2018-09-09,Grade 2,+18405741425,325
S01973,Justin Diaz,2016-12-12,Grade 5,+12679274862,-
S01974,Amanda Williams,2012-03-25,Grade 3,+14539782349,-
S01975,Kathryn Baker,2010-07-12,Grade 3,+16144323754,-
S01976,Christina Lane,2011-05-06,Grade 4,+15063177318,9593
S01977,Haley Koch,2010-02-15,Grade 1,+19707044085,91751
S01978,Crystal Newton,2012-07-29,Grade 3,+16837138380,970
S01979,Benjamin Vasquez,2018-12-18,Grade 2,+19902161612,-
S01980,Dawn Freeman,2015-01-26,Grade 2,+16818008554,-
S01981,Brittany Ballard,2013-12-06,Grade 4,+18877864245,-
S01982,Matthew Henson,2017-02-24,Grade 5,+18387076329,2964
S01983,Richard Chambers,2008-06-17,Grade 3,+15679592864,2534
S01984,Albert Townsend,2009-03-21,Grade 4,+15574492480,-
S01985,Robert Hayes,2016-05-31,Grade 4,+18584955685,-
S01986,Rhonda Wallace,2017-06-30,Grade 3,+16309004106,4830
S01987,Virginia Miller,2014-08-23,Grade 2,+19755212484,-
S01988,Matthew Davis,2011-03-29,Grade 2,+19327634030,-
S01989,Allison Edwards,2016-08-02,Grade 3,+19656499928,-
S01990,Ashley Bradley,2018-01-03,Grade 4,+18304374696,290
S01991,Dawn Fitzgerald,2014-03-24,Grade 1,+13448748951,02648
S01992,Joseph Knight,2013-09-06,Grade 5,+18644880639,2377
S01993,Joshua Murray,2012-06-13,Grade 2,+12686857790,20682
S01994,Robert Vazquez,2006-12-04,Grade 1,+13113030138,48011
S01995,Morgan Morgan,2015-01-16,Grade 2,+14579303499,035
S01996,Madison Robinson,2008-10-20,Grade 1,+17925841350,0468
S01997,Mark Sutton,2008-04-25,Grade 2,+19544044447,-
S01998,Jennifer Soto,2010-05-18,Grade 1,+13922540386,298
S01999,Charles Summers,2009-07-05,Grade 2,+15689580554,-
S02000,Zachary Meza,2009-05-10,Grade 3,+18085608267,985
S02001,Brian Moore,2015-08-09,Grade 3,+13986618313,0696
S02002,Sean Mayer,2008-12-20,Grade 2,+19464750899,-
S02003,Ryan Mendez,2010-11-29,Grade 5,+18519916452,442
S02004,Michael Bernard,2009-02-02,Grade 2,+15582062119,607
S02005,Jody Walton,2012-12-01,Grade 5,+12643115606,9128
S02006,Cynthia Rogers,2012-08-28,Grade 2,+14345297117,62592
S02007,Alexander Crosby Phd,2010-01-15,Grade 5,-,-
S02008,Michael Warren,2011-10-31,Grade 4,+14773821082,359
S02009,Larry Park,2013-04-12,Grade 4,+14695162072,92767
S02010,Lisa Nelson,2009-11-03,Grade 3,+16355062150,-
S02011,Logan Johnson,2016-07-26,Grade 5,+14558719917,9434
S02012,Kim Sanchez,2014-06-18,Grade 1,+12424119782,499
S02013,Joseph Stanley,2016-09-13,Grade 4,+16668181474,-
S02014,Chase Murray,2008-02-26,Grade 1,+17975251595,-
S02015,Natalie Lee,2012-08-11,Grade 3,+16977984873,-
S02016,Paul Mayer,2016-09-07,Grade 2,+12683208414,50746
S02017,Juan Schmidt,2018-03-31,Grade 5,+18376327102,-
S02018,Allison Cole,2018-03-31,Grade 1,+14249735248,-
S02019,Savannah Keller,2014-11-03,Grade 1,+19399982344,2786
S02020,Brian Stevens,2017-06-22,Grade 4,+16972209685,6800
S02021,Julia Perkins,2009-02-23,Grade 5,+13833604973,622
S02022,Scott Griffin,2018-07-31,Grade 5,+16976694016,-
S02023,Kenneth Fowler,2009-11-08,Grade 2,+17577518085,-
S02024,Vickie Wallace,2009-11-26,Grade 5,+15199001799,-
S02025,Dillon Boyer,2014-03-16,Grade 2,+17594834016,-
S02026,Jeremiah Kennedy,2006-06-16,Grade 3,-,-
S02027,Kerry Stanton,2017-01-05,Grade 1,+15106676067,-
S02028,Timothy Gomez,2007-04-17,Grade 2,+16325135528,-
S02029,Benjamin Potter,2008-07-02,Grade 2,+18789345815,-
S02030,Terrence Castro,2007-07-17,Grade 1,+14977169086,176
S02031,Brian Soto,2007-06-04,Grade 1,+19693207619,-
S02032,Jerome Lambert,2013-06-18,Grade 1,+15392012285,-
S02033,Timothy Wilson,2010-01-01,Grade 5,-,-
S02034,Kyle Harris,2013-10-02,Grade 3,+13325808757,559
S02035,Leslie Hess,2013-02-15,Grade 2,+12807035368,-
S02036,Shane Ramsey,2019-01-03,Grade 1,+15415732271,858
S02037,Justin Webb,2014-01-04,Grade 2,+13626747177,-
S02038,Mike Sandoval,2014-07-18,Grade 3,+13028543995,9388
S02039,Dawn Scott,2016-10-23,Grade 3,-,-
S02040,James Gardner,2009-08-23,Grade 5,+19873558320,953
S02041,James Martin,2011-02-28,Grade 4,+16074901893,-
S02042,John Lopez,2009-01-12,Grade 1,+13279840119,4203
S02043,Douglas Farrell,2010-01-13,Grade 2,+15279622233,-
S02044,Angela Henry,2012-03-06,Grade 1,+13362143584,1769
S02045,Joseph Garcia,2008-01-18,Grade 2,+17925184636,-
S02046,Linda Melton,2011-12-28,Grade 5,-,-
S02047,Terry Hendricks,2018-10-08,Grade 5,+13483108478,-
S02048,Gabrielle Lynch,2015-08-10,Grade 3,+14903116719,144
S02049,Brandon Berry,2016-02-24,Grade 4,+15844491080,1200
S02050,William Carter,2016-08-15,Grade 3,+14315283903,107
S02051,Ann Sanchez,2012-01-10,Grade 1,+15017052871,90252
S02052,Mathew Estrada,2015-06-26,Grade 1,+15448149223,42753
S02053,Ryan Gonzalez,2007-03-08,Grade 2,+14816790531,14417
S02054,Brady Woods,2013-06-30,Grade 3,+16685264693,-
S02055,Aimee Martinez,2012-10-14,Grade 4,+17929349992,82949
S02056,Lori Bowers,2007-12-12,Grade 4,+19435592388,9806
S02057,Timothy Douglas,2007-12-23,Grade 5,+16967415584,0912
S02058,Cheryl Bradley,2011-08-29,Grade 2,+19456420068,201
S02059,William Walker,2017-03-09,Grade 2,+17165239079,79314
S02060,Seth Brown,2013-10-14,Grade 3,-,-
S02061,Nicole Sanchez,2006-09-18,Grade 3,+12489306213,97612
S02062,Susan Pratt Phd,2015-04-27,Grade 5,+12457913258,73062
S02063,Kimberly Jensen,2008-09-02,Grade 4,+15928226720,-
S02064,Jasmine Sellers,2013-05-08,Grade 1,+15033706739,717
S02065,Michael Ford,2018-10-22,Grade 1,+15998336689,-
S02066,Lauren Reeves,2014-04-13,Grade 3,+14024060959,-
S02067,Erik Schultz,2016-02-16,Grade 2,+19542421510,1309
S02068,John Patel,2009-01-24,Grade 3,+12025343806,-
S02069,Meagan Williams,2008-08-07,Grade 5,+16684666519,-
S02070,William Russell,2015-09-20,Grade 3,+19195752002,74352
S02071,Becky Brown,2014-07-09,Grade 1,+12635330932,69961
S02072,Julie Flores,2009-08-04,Grade 2,+14173424388,-
S02073,Clinton Douglas,2012-06-19,Grade 2,+13698464565,-
S02074,Laura James,2017-01-13,Grade 3,+12105060701,7442
S02075,Brendan Hamilton,2006-06-06,Grade 1,+17826820512,008
S02076,Mary Smith,2013-11-19,Grade 3,+18714586710,069
S02077,Laura Fernandez,2009-04-12,Grade 2,+12767244468,-
S02078,Robert Rodriguez,2012-01-18,Grade 5,+19215215272,-
S02079,Norman Adams,2011-09-14,Grade 5,+17393538664,4832
S02080,Richard Kennedy,2014-07-08,Grade 4,+17304884972,3729
S02081,Dennis Dawson,2007-07-25,Grade 1,+12037257919,37575
S02082,Leah Johnson,2016-09-03,Grade 2,+17055939948,-
S02083,Samuel Costa,2017-07-12,Grade 2,+17554899096,-
S02084,Jodi Costa,2017-07-30,Grade 3,+12037777905,-
S02085,Jessica Padilla,2008-10-24,Grade 1,+17686493826,7569
S02086,Kimberly Scott,2006-06-01,Grade 4,+19393305972,-
S02087,Robert Wood,2014-07-09,Grade 4,+13412008838,-
S02088,Jacqueline Taylor,2017-04-10,Grade 4,+14997840886,74668
S02089,Megan Lopez,2009-02-23,Grade 4,+17016523387,9660
S02090,Jennifer Sloan,2007-04-01,Grade 3,-,-
S02091,Lauren Moore,2013-07-19,Grade 1,+17169381478,-
S02092,Casey Sanchez,2010-05-15,Grade 3,+14264340661,143
S02093,Jeanette Johnson,2010-03-28,Grade 1,+12666237456,605
S02094,Jennifer Conley,2013-05-26,Grade 4,+18599044100,581
S02095,Derrick Williams,2019-02-15,Grade 1,+18325978603,-
S02096,Mary Shepherd,2018-06-16,Grade 4,+18223030316,172
S02097,Sarah Acosta,2008-07-25,Grade 3,+17247018655,-
S02098,Candace Donovan,2012-08-22,Grade 2,+13944081182,099
S02099,Donna Lee,2012-10-19,Grade 2,+19886841209,-
S02100,Stacey Leon,2009-10-19,Grade 2,+15625486213,911
S02101,Shawn Olson,2007-01-27,Grade 5,+19639524600,-
S02102,Kelly Hernandez,2012-06-26,Grade 3,+14409450751,4344
S02103,Jacob Brooks,2008-12-07,Grade 5,+14494520287,127
S02104,Joshua Ewing,2012-06-01,Grade 1,+13689010271,218
S02105,Jacob Garcia,2008-08-10,Grade 1,+12343030951,28460
S02106,Brandy Saunders,2016-01-21,Grade 1,+19958853638,-
S02107,Karen Reyes,2006-03-25,Grade 4,+16645453936,25252
S02108,Gregory Huerta,2012-08-06,Grade 3,+12855591041,80960
S02109,Brian Sosa,2010-03-05,Grade 3,-,-
S02110,Kristie Jimenez,2013-01-08,Grade 3,+18815602450,7383
S02111,Brian Williams,2011-10-26,Grade 3,+16676582220,4620
S02112,Marissa Johnson,2011-01-21,Grade 5,+16355890756,-
S02113,Jacob Hernandez,2017-06-21,Grade 3,+14285557368,-
S02114,Tommy Miller,2013-11-19,Grade 3,+19057144817,-
S02115,Steven Arellano,2017-01-23,Grade 2,+16879398328,-
S02116,Cole Day,2012-12-15,Grade 1,+16067891671,6482
S02117,Bailey Guzman,2016-01-09,Grade 4,-,-
S02118,Jason Scott,2015-10-08,Grade 3,+16886754670,14048
S02119,Dr. Anne Bowen,2008-04-09,Grade 2,+16833880979,-
S02120,Donald Anderson,2008-01-21,Grade 2,+16179021769,15131
S02121,John Reynolds,2013-07-20,Grade 4,-,-
S02122,Steven Anderson,2019-01-19,Grade 5,+17086847122,366
S02123,Charles Johnson,2006-08-21,Grade 5,+14982104925,40585
S02124,John Martinez,2016-02-13,Grade 1,+14827826540,7737
S02125,Robin Coleman,2017-04-05,Grade 4,+18413223113,4760
S02126,Jordan Davis,2007-05-11,Grade 3,+15975958862,172
S02127,Seth Arellano,2011-09-22,Grade 1,-,-
S02128,Jerry Buchanan,2017-06-05,Grade 4,+19356167253,25316
S02129,Charlene Suarez,2009-10-26,Grade 2,+12274991838,-
S02130,Joseph Allison,2011-01-24,Grade 2,+12509282486,477
S02131,Larry Molina,2011-04-20,Grade 3,+15439243450,-
S02132,Kimberly Turner,2009-12-06,Grade 2,+16976153454,0023
S02133,Elizabeth Bowman Md,2011-12-15,Grade 3,+17326985450,-
S02134,Vickie Mclaughlin Dds,2012-04-12,Grade 4,+14059931835,586
S02135,Kevin Powers,2017-12-06,Grade 5,+14673924405,392
S02136,Jane Barnes,2007-11-17,Grade 1,+19857897712,-
S02137,Timothy Ramos,2006-08-02,Grade 4,+18143597504,208
S02138,Marvin Stewart,2018-01-15,Grade 1,+16974975272,-
S02139,Alicia Underwood,2010-09-28,Grade 5,+17594137353,-
S02140,Laurie Taylor,2015-09-05,Grade 2,+16573767243,547
S02141,Joshua Black,2012-01-13,Grade 2,+13389240871,9472
S02142,Dawn Pearson,2013-09-21,Grade 4,+15553761935,17626
S02143,Anita Murphy,2013-04-20,Grade 1,+14205267959,2283
S02144,Dr. Daniel Peck,2011-10-19,Grade 4,+17068613314,97549
S02145,Aaron Jackson,2008-04-03,Grade 2,+17095008340,-
S02146,Curtis Marsh,2009-03-07,Grade 5,+19235379350,7856
S02147,Ricky Davis,2017-05-30,Grade 1,+19002469927,62001
S02148,Julia Huber,2011-06-19,Grade 4,+12404194487,-
S02149,James Davila,2010-12-11,Grade 5,+13134006469,-
S02150,Logan Foster,2013-05-26,Grade 4,+13795214526,5381
S02151,Amy Williamson,2013-11-20,Grade 2,+12119632718,-
S02152,George Clark,2007-04-27,Grade 4,+12629050602,916
S02153,Erika Haley,2015-10-02,Grade 1,+14073526062,90013
S02154,Joseph Dawson,2017-09-20,Grade 4,+17216904548,-
S02155,Katrina Hopkins,2013-03-10,Grade 2,+18385567784,622
S02156,Robert Jones,2008-07-14,Grade 4,+12759708568,-
S02157,Kyle Lee,2014-05-26,Grade 1,+12293454181,42152
S02158,Justin Wood,2007-10-20,Grade 4,+14869029386,-
S02159,Holly Stewart,2015-04-22,Grade 1,+14273341619,5568
S02160,Jennifer Gould,2012-09-24,Grade 3,+16008670953,0268
S02161,Catherine Perez,2015-10-04,Grade 2,+18967585520,29219
S02162,Nathan Moreno,2007-03-01,Grade 4,+13752519906,91195
S02163,Kristen Salinas,2013-04-02,Grade 4,+14168987192,-
S02164,Dennis Becker,2011-08-05,Grade 5,+17002269799,1623
S02165,Gregory Pierce,2015-01-15,Grade 1,+17663152715,-
S02166,Tyler Hayes,2012-09-17,Grade 1,+12216131831,13618
S02167,Michelle Miller Phd,2010-05-25,Grade 5,+15502972037,40405
S02168,Anthony Knox,2009-10-16,Grade 3,+14063021798,807
S02169,Benjamin Smith,2008-05-28,Grade 2,+12477270884,-
S02170,Joseph Roberts,2018-04-12,Grade 3,+18386911002,-
S02171,David Brown,2010-12-09,Grade 3,+15356233041,900
S02172,Raymond Thomas,2018-12-29,Grade 2,+17345659640,-
S02173,Karen Casey,2010-01-23,Grade 4,+17643492253,41480
S02174,Donna King,2015-09-03,Grade 5,+19239160264,-
S02175,Brandon Hernandez,2011-03-25,Grade 4,+13266358118,3186
S02176,Megan Walters,2007-07-08,Grade 4,+19645328354,570
S02177,Casey West,2010-11-14,Grade 2,-,-
S02178,Matthew Hernandez,2015-07-24,Grade 1,+18917038222,5934
S02179,Victor Rodriguez,2008-08-31,Grade 4,+19154294915,471
S02180,Michelle Brock,2017-10-14,Grade 3,+12992795427,-
S02181,Amanda Mendoza,2012-11-21,Grade 4,+12384713130,-
S02182,Robert Carson Jr.,2011-09-23,Grade 2,+16312197561,-
S02183,Jacqueline Ramirez,2019-02-28,Grade 3,+17482096766,850
S02184,Nicole House,2010-05-23,Grade 5,+17658892225,0947
S02185,Krista Smith,2012-10-14,Grade 4,+17177871696,28150
S02186,Emily Lyons,2007-03-20,Grade 2,+17433447235,9343
S02187,Angela Morgan,2008-12-31,Grade 5,+18608001412,-
S02188,Kimberly Fischer,2010-09-08,Grade 4,+17594681184,40767
S02189,James Brewer,2006-05-21,Grade 3,-,-
S02190,Javier Wang,2014-12-13,Grade 5,+15784829724,4752
S02191,Mark Sanchez,2008-03-03,Grade 5,+19346610976,145
S02192,Dylan Guzman,2009-10-03,Grade 1,+15385473575,7814
S02193,Amber Thomas,2008-06-23,Grade 2,+16735296079,294
S02194,Wendy Henson,2013-12-06,Grade 3,+12568756817,-
S02195,Laura Chapman,2014-11-19,Grade 2,+16017061580,-
S02196,Ashley Garrison,2010-10-27,Grade 3,+19032013791,608
S02197,Laura Mitchell,2014-04-11,Grade 1,+16745352038,-
S02198,Anthony Smith,2015-06-30,Grade 3,+17844359664,6535
S02199,Christine Ross,2010-01-02,Grade 4,+16858821164,-
S02200,Joseph Valencia,2018-03-03,Grade 3,+13375010102,984
S02201,Ashley Wiggins,2016-10-28,Grade 4,+17853827070,-
S02202,Laura Cole,2015-01-19,Grade 5,+12786791797,9123
S02203,Jennifer Allen,2013-10-16,Grade 4,+19104411141,13081
S02204,Ashley Christian,2008-09-22,Grade 4,+12312211818,580
S02205,Sylvia Williams,2014-02-04,Grade 1,+14308630016,-
S02206,Kathryn Hopkins,2016-08-24,Grade 3,+16095640262,8756
S02207,Cindy Davis,2013-03-29,Grade 4,-,-
S02208,Darlene Kim,2018-09-18,Grade 2,+12016700292,-
S02209,Cynthia Martinez,2010-04-02,Grade 4,+13125889008,-
S02210,Nicole Morales,2006-11-22,Grade 2,+17388228187,-
S02211,Melanie Rios,2007-03-05,Grade 2,-,-
S02212,Christopher Guerrero,2017-07-06,Grade 3,+12823969105,9711
S02213,Janice Lee,2008-03-27,Grade 1,+14488830442,48878
S02214,Misty Sanchez,2016-10-12,Grade 4,+14796169396,-
S02215,Nathan Montgomery,2013-04-18,Grade 3,+19298821319,9744
S02216,Alexander Hayes,2017-10-20,Grade 1,+19727854077,9604
S02217,Tracey Martin,2013-07-06,Grade 5,+14342783725,-
S02218,Thomas Hernandez,2019-01-31,Grade 4,+16592613655,241
S02219,Jason Gay,2018-11-25,Grade 4,+17038810524,-
S02220,Brian Cook,2010-01-01,Grade 2,+17416665575,04637
S02221,James Fuller,2012-03-29,Grade 3,+13565311175,7269
S02222,Kevin Price,2015-07-21,Grade 1,+12082417430,-
S02223,Samantha Shaw,2007-12-13,Grade 5,+19527553665,010
S02224,Kyle York,2012-09-13,Grade 5,+16034584948,541
S02225,Andrew Fuller,2009-09-22,Grade 3,+13306117261,69029
S02226,Ashley Mitchell,2009-05-31,Grade 1,-,-
S02227,Jeffrey Dalton,2012-04-29,Grade 2,+17752612685,-
S02228,Kyle Scott,2009-07-23,Grade 3,+18477305990,981
S02229,Jackson Collier,2006-08-07,Grade 3,+18562656971,-
S02230,Olivia Thomas,2009-01-28,Grade 3,+15089223594,59324
S02231,Mrs. Jamie Farrell,2011-02-23,Grade 4,+12226018168,187
S02232,Debra Washington,2007-09-20,Grade 3,+14607856267,-
S02233,Alyssa Wong,2016-05-20,Grade 3,+12156040295,-
S02234,Megan Richardson,2009-09-05,Grade 2,+13872162490,-
S02235,Gary Kelly,2013-04-13,Grade 4,+17605679008,645
S02236,Ms. Cassandra Fitzpatrick,2013-10-28,Grade 1,+13936006218,011
S02237,Sonia Thomas,2008-07-20,Grade 2,+13748221773,38740
S02238,Erica Levy,2015-08-30,Grade 3,+14666194223,863
S02239,David Hall,2017-04-17,Grade 2,+18004226244,-
S02240,Tammy Adams,2010-02-05,Grade 5,+15906375629,-
S02241,Lori Stewart,2013-08-18,Grade 3,+19114213142,083
S02242,Bryan Richards,2009-05-03,Grade 2,+17975829257,-
S02243,Jennifer Oconnor,2015-05-15,Grade 3,+18835113052,602
S02244,Mr. Bob Elliott,2009-09-02,Grade 2,+13626669297,2949
S02245,Jennifer Charles,2012-01-26,Grade 3,+15839234518,3862
S02246,Julie Parker,2014-08-26,Grade 2,+18346596356,-
S02247,Gerald Baker,2006-11-24,Grade 2,+13639123573,-
S02248,Denise Warren,2014-09-16,Grade 4,+16857475485,0261
S02249,Thomas Washington,2017-08-31,Grade 5,+18498075342,5887
S02250,Amy Berry,2011-12-21,Grade 1,+18299713717,-
S02251,Mary Murray,2008-05-18,Grade 4,-,-
S02252,Wendy Kramer,2011-06-18,Grade 1,+13039071674,229
S02253,Emma Brown,2007-10-26,Grade 1,+15267098714,8763
S02254,Patricia Gonzalez,2014-06-28,Grade 2,+18582374010,962
S02255,Kyle Moreno,2012-11-11,Grade 4,+18095981785,332
S02256,Diane Brown,2016-03-25,Grade 4,+18278788707,-
S02257,Eric Taylor,2011-07-15,Grade 5,+13306123347,258
S02258,Hannah Garza,2012-02-23,Grade 5,+14272292303,14108
S02259,Anna Skinner,2012-02-09,Grade 5,+14959256476,99477
S02260,Carolyn Delacruz,2017-11-29,Grade 5,+13979147015,74199
S02261,Sabrina Rocha,2010-06-09,Grade 5,+17718509110,7194
S02262,Raymond Williams,2016-06-08,Grade 3,+16379043027,-
S02263,Danielle Brown,2006-03-30,Grade 5,+12368956358,-
S02264,James Barnes,2006-10-20,Grade 2,+16245256157,-
S02265,Nicole Hubbard,2012-01-24,Grade 3,+16015139916,-
S02266,Tracy Jones,2014-06-08,Grade 5,+18627325918,69418
S02267,Hailey Wilson,2018-09-23,Grade 4,+14277986029,592
S02268,Angela Hartman,2010-01-05,Grade 3,+17666742667,-
S02269,Michael Chavez,2013-05-07,Grade 5,+13372355029,-
S02270,Jennifer Jones,2009-12-20,Grade 1,+18407278166,9914
S02271,Makayla Jones,2012-02-04,Grade 1,+19329829333,05753
S02272,Taylor Long,2012-05-22,Grade 5,+12426308909,58023
S02273,Mandy Petersen,2013-02-11,Grade 2,+18965086226,45540
S02274,Laura Hanna,2016-06-23,Grade 1,+12437160891,11855
S02275,Ryan Reynolds,2019-02-22,Grade 2,+12599775715,19675
S02276,Matthew Delacruz,2012-10-10,Grade 1,+19722259351,-
S02277,Kristen Smith,2008-07-04,Grade 3,+19355733305,17797
S02278,Joy Bentley,2015-07-07,Grade 4,+18133202845,03003
S02279,Austin Collins,2006-06-26,Grade 2,+16316003520,841
S02280,Barbara Campbell,2007-03-03,Grade 3,+15646547546,-
S02281,Rodney Mcgee,2013-08-18,Grade 5,+16959063887,689
S02282,Teresa Harmon,2015-07-14,Grade 5,+16289208110,5985
S02283,Scott Smith Phd,2014-08-22,Grade 5,+18989190186,-
S02284,Luis Brown Iii,2008-12-12,Grade 5,+12079595148,912
S02285,Judy Marquez,2010-01-09,Grade 2,+13993688730,-
S02286,Krystal Davis,2014-05-09,Grade 5,-,-
S02287,Jeffrey Greene,2017-04-27,Grade 2,+13009099215,8711
S02288,Sarah Sampson,2008-07-28,Grade 5,+18945028119,13269
S02289,Sandy Davenport,2007-10-06,Grade 3,+16042324079,11162
S02290,Samantha Manning,2010-02-16,Grade 5,+16917340708,789
S02291,Vickie Woodward,2018-09-06,Grade 1,+19064281563,-
S02292,Jason Chandler,2006-09-28,Grade 4,+17608580493,0290
S02293,Daniel Parks,2014-11-05,Grade 4,+13487853774,7881
S02294,Eric Shepherd,2008-09-10,Grade 2,+17039657484,047
S02295,Rachel Todd,2008-10-02,Grade 3,+12346938549,-
S02296,Taylor Diaz,2016-10-20,Grade 5,-,-
S02297,Jerry Richardson,2010-02-24,Grade 5,+13827748285,4794
S02298,Lauren Green,2007-03-05,Grade 5,+19245215885,-
S02299,Gina Ortiz,2007-09-17,Grade 1,+18572301797,-
S02300,Emily Lucas,2019-02-28,Grade 5,+15524052753,018
S02301,Mckenzie Norton,2007-09-07,Grade 3,+18047167594,-
S02302,Pamela Dennis,2016-04-15,Grade 4,+16755942870,4751
S02303,Nathan Taylor,2008-08-27,Grade 4,+17445074952,9115
S02304,John Myers,2006-06-10,Grade 3,+18354178140,-
S02305,Heather Miller,2007-01-21,Grade 4,+14684321544,4543
S02306,Jennifer Martinez,2007-08-27,Grade 4,+14299284349,-
S02307,Katherine Daniels,2016-02-24,Grade 3,+14223933391,37249
S02308,Bethany Andrews,2011-07-28,Grade 2,+18393635458,982
S02309,Nancy Johnson,2016-05-21,Grade 1,+12825932567,-
S02310,Dennis Obrien,2014-02-22,Grade 2,-,-
S02311,Alan Thomas,2017-05-20,Grade 5,+13463310917,-
S02312,Andrew Williams,2011-01-18,Grade 3,+19166117364,96395
S02313,Morgan Dickerson Dvm,2016-10-19,Grade 1,+13215697055,-
S02314,Nicholas Mccullough,2007-06-23,Grade 1,+18546246595,-
S02315,Linda Mcguire,2011-10-26,Grade 2,+16526761668,6473
S02316,Carolyn Day,2018-11-16,Grade 5,+12638539116,40535
S02317,Katherine Ford,2011-10-13,Grade 3,+19809247215,971
S02318,Tracy Hernandez,2007-01-27,Grade 1,+14158557149,7978
S02319,Ralph Jones,2010-05-11,Grade 5,+14159334557,-
S02320,Frances Parker,2013-08-04,Grade 4,+12916593482,-
S02321,James Diaz,2018-11-16,Grade 3,+18946286055,452
S02322,Laurie Brown,2018-01-16,Grade 5,+14903459220,-
S02323,Laurie Dunn,2017-06-15,Grade 4,+14698293459,-
S02324,Lauren Ward,2007-06-10,Grade 5,+12788199753,4344
S02325,Nathan Peterson,2016-02-12,Grade 1,+17596220100,-
S02326,Daniel Davis,2012-04-17,Grade 3,+17083638394,741
S02327,Tiffany Thomas,2011-05-21,Grade 5,+15987948698,8174
S02328,Jennifer Singh,2006-03-11,Grade 5,+19952426479,954
S02329,Emily Gibson,2017-11-05,Grade 2,+15314635222,-
S02330,Luke Mccormick,2012-07-28,Grade 5,+16275470371,538
S02331,John Clark,2014-12-27,Grade 4,+19126705511,13347
S02332,Douglas Roberts,2018-03-23,Grade 4,+15989384450,414
S02333,Patrick Manning,2010-12-02,Grade 3,+14385010738,0053
S02334,Crystal Duncan,2017-01-13,Grade 4,+15912454094,67294
S02335,Angela Hunt,2006-05-08,Grade 4,+16962544049,-
S02336,Brianna Brown,2016-10-13,Grade 5,+17858800641,-
S02337,Tyler Ward,2008-02-04,Grade 3,+19102191620,-
S02338,Austin Martin,2013-07-12,Grade 5,+19378274731,-
S02339,Todd Williams,2017-06-12,Grade 5,+15458006738,08298
S02340,Nicole Lawson,2015-02-18,Grade 3,+13339054518,-
S02341,Justin Williams,2018-09-26,Grade 4,+16282065320,7874
S02342,Amy Davis,2016-12-05,Grade 3,+12019942314,05617
S02343,Mrs. Kerri Anderson Dvm,2012-06-05,Grade 4,+19183085763,043
S02344,Elizabeth Stephenson,2017-03-12,Grade 2,+12253814278,82167
S02345,Erica Johnson,2010-10-22,Grade 4,+15004216508,788
S02346,Lee Smith,2013-08-28,Grade 1,+13073157157,-
S02347,Edward Phillips,2018-06-14,Grade 1,+16592729121,211
S02348,Molly Ramirez,2016-11-19,Grade 3,+18505118411,2233
S02349,Alexandra Daniels,2011-07-08,Grade 2,+14379094210,9329
S02350,Sandra Francis,2014-06-09,Grade 4,+15713429539,96262
S02351,Cheryl Beard,2006-10-22,Grade 4,+18159460645,180
S02352,John Krause,2013-08-29,Grade 2,+13903253663,-
S02353,Robert Savage,2010-03-03,Grade 5,+17833723594,96423
S02354,Andrew Norman,2007-03-18,Grade 5,+14306612904,92868
S02355,Jo Hill,2010-03-12,Grade 2,+12199188291,-
S02356,Matthew Fritz,2008-11-16,Grade 3,+17439235026,-
S02357,Amanda Thomas,2006-05-18,Grade 4,+19488850756,-
S02358,Jennifer Gonzales,2012-08-23,Grade 2,+16332093595,-
S02359,Shelley Wade,2015-05-29,Grade 4,+13674651087,-
S02360,John Johnson,2006-06-09,Grade 4,-,-
S02361,Jennifer Good,2013-04-05,Grade 1,+13423215682,6236
S02362,Michaela Byrd,2015-05-06,Grade 1,+14877283035,3432
S02363,Lisa Henry,2006-06-08,Grade 2,+18747534198,-
S02364,David Rice,2014-06-28,Grade 1,+16945740760,68794
S02365,Mary Hebert,2015-08-24,Grade 5,-,-
S02366,James Rios,2013-05-24,Grade 1,+18777703003,-
S02367,Holly Moran,2016-04-23,Grade 4,+17162419714,6037
S02368,Mark Johnson,2018-08-13,Grade 5,+13263168310,06591
S02369,Melissa Lynch,2017-07-20,Grade 4,+12789945568,43474
S02370,Abigail Robertson,2015-01-19,Grade 5,+18458075927,-
S02371,Anita Wagner,2011-11-24,Grade 2,+14394192789,-
S02372,Jordan Melendez,2008-08-22,Grade 2,+12906258273,-
S02373,David Brown,2008-11-22,Grade 1,+12252332850,96972
S02374,Dr. Tommy Hood Md,2008-07-16,Grade 1,+17728040537,747
S02375,Patricia Fowler,2013-10-25,Grade 1,+14045025572,65853
S02376,Andre Williams,2010-08-18,Grade 4,+18698617807,61129
S02377,Andrew Roberts,2018-06-22,Grade 2,+15913427253,95601
S02378,Bryce Robinson,2009-01-27,Grade 1,+19329186180,7596
S02379,John Williams,2018-05-07,Grade 2,+17678009498,424
S02380,Thomas Beck,2013-11-29,Grade 5,+12023191328,7371
S02381,Todd Castaneda,2017-08-24,Grade 3,+18657640064,737
S02382,Chase Jackson,2016-02-21,Grade 3,+14558685160,-
S02383,Tom Brady,2014-09-17,Grade 2,+18152018925,-
S02384,David Jennings,2014-01-25,Grade 2,+19704280341,-
S02385,Taylor Anderson,2008-07-27,Grade 4,+16155677814,0975
S02386,Vanessa Diaz,2015-10-27,Grade 5,+13149521223,852
S02387,Shelly Turner,2015-04-28,Grade 2,+18929042605,9533
S02388,Christopher Alvarez,2018-08-13,Grade 2,+14846229343,430
S02389,Timothy May,2006-04-04,Grade 5,+17142948250,198
S02390,Derek Rhodes,2007-08-27,Grade 4,+13512484827,-
S02391,Natalie Garcia,2009-02-22,Grade 2,+16983476709,-
S02392,Casey Lester,2012-06-13,Grade 4,+18074092780,442
S02393,Patricia Campbell,2010-05-18,Grade 3,+15246171243,-
S02394,Veronica Henson,2016-02-17,Grade 1,+19925574078,350
S02395,Ronnie Crawford,2012-08-27,Grade 3,+15636023785,-
S02396,Wanda White,2013-08-02,Grade 5,+19675912306,-
S02397,Lucas Lutz,2006-11-03,Grade 2,-,-
S02398,Lisa Gomez,2009-07-26,Grade 4,+17008510144,25871
S02399,Michelle Smith,2010-03-27,Grade 2,+13132199251,-
S02400,Stacey Harmon,2017-04-06,Grade 2,+15085759607,150
S02401,Maria Clarke,2015-09-28,Grade 4,+19089111030,-
S02402,Christopher Beltran Ii,2007-01-11,Grade 5,+14493097896,77299
S02403,Marcus Tyler,2015-09-30,Grade 4,+14658076436,-
S02404,Jacob Avery,2011-05-03,Grade 5,+16036618022,7693
S02405,Tanner Adams,2016-02-05,Grade 5,+17507628500,2522
S02406,Michael Anthony,2018-04-06,Grade 3,+13005160354,6828
S02407,Brandon Palmer,2017-08-09,Grade 4,+12855079214,3366
S02408,Samuel Nolan,2011-04-02,Grade 1,+18212558043,-
S02409,Brian Mack,2006-12-03,Grade 3,+16943997761,861
S02410,Amanda Sutton,2018-03-17,Grade 1,+15584894359,470
S02411,Philip Butler,2008-07-17,Grade 4,+14345059631,6072
S02412,Edward Brooks,2014-01-12,Grade 4,+12323364235,-
S02413,Bruce Baker,2018-01-31,Grade 4,+13439509346,-
S02414,Angela Jarvis,2010-01-13,Grade 2,+16367330614,-
S02415,David Camacho,2016-09-15,Grade 2,+19046751226,-
S02416,Christopher Webster,2011-10-19,Grade 1,+16879502821,-
S02417,Michael Weaver,2011-10-21,Grade 4,+15796071123,779
S02418,Jon Cruz,2018-05-04,Grade 4,+15205298393,073
S02419,Ellen Hall,2006-09-18,Grade 1,+12448199531,-
S02420,Charles Brown,2013-07-12,Grade 2,+17032074543,-
S02421,Jamie Moreno,2015-04-27,Grade 3,+17783058317,20426
S02422,Jacob Simon,2006-09-11,Grade 5,+14778367968,36525
S02423,Daniel Johnson,2010-06-15,Grade 3,+17412318337,4549
S02424,Jennifer Melendez,2018-07-02,Grade 2,+17717901335,-
S02425,Karen Sosa,2013-07-08,Grade 3,+17946471716,78285
S02426,Tony Mcneil,2012-05-12,Grade 5,+18224631808,4694
S02427,Alex Crane,2012-09-02,Grade 2,+19697571872,9896
S02428,Ana Rivera,2018-05-16,Grade 3,+18215746848,49726
S02429,Cheryl Garcia,2008-12-13,Grade 4,+14745909082,14130
S02430,Erin Edwards,2015-10-28,Grade 3,+15775416467,07811
S02431,Anna Farmer,2017-05-04,Grade 4,+16497324431,-
S02432,Amber Mullins,2014-12-22,Grade 1,+12933085211,-
S02433,Kelly Ayala Phd,2009-06-07,Grade 5,+16619655806,5888
S02434,Karen Harrington,2008-03-03,Grade 3,+15643040570,6788
S02435,Stephen King,2010-10-03,Grade 1,+15975751933,-
S02436,Christina Reyes,2012-10-17,Grade 1,+14697286723,1402
S02437,Danny Smith,2015-08-30,Grade 1,+18068694118,981
S02438,Stacey Coffey,2017-12-17,Grade 3,+12322507079,277
S02439,Eric Juarez,2015-12-30,Grade 5,+15545467229,32768
S02440,Johnathan Valenzuela,2018-08-17,Grade 4,+18694607296,111
S02441,Vanessa Christian,2016-07-03,Grade 1,+13324617583,646
S02442,Terry Williams,2011-11-22,Grade 3,+18454179121,-
S02443,Cindy Fisher,2010-08-07,Grade 3,+12898916464,-
S02444,Amy Berger,2017-04-26,Grade 2,+15159246624,100
S02445,Dana Mckinney,2016-05-28,Grade 4,+19623761733,-
S02446,Ashley Simmons,2010-03-15,Grade 3,+17258339642,-
S02447,John Wiggins Dds,2018-07-24,Grade 5,+19103800104,1354
S02448,Philip Decker,2011-11-15,Grade 1,+19946802771,-
S02449,Vincent Meyer,2010-11-03,Grade 2,+19606966884,7061
S02450,John Rivera,2015-09-19,Grade 5,+14709158724,7490
S02451,Jimmy Wood,2006-10-09,Grade 2,+16703836777,-
S02452,Dana Jackson,2012-09-22,Grade 2,+17422100162,-
S02453,Molly Gibson,2013-10-11,Grade 1,+14112861265,0588
S02454,John Hernandez,2013-02-21,Grade 3,+12809403022,766
S02455,Kyle Bryant,2018-02-26,Grade 5,+13767258649,61014
S02456,Alyssa Larson,2016-09-24,Grade 1,+16456374623,1296
S02457,Theresa Meza,2008-01-29,Grade 5,+16165988816,-
S02458,Lauren Martin,2019-01-24,Grade 4,+18228157650,5980
S02459,Kenneth Blackwell,2016-01-12,Grade 3,+13679849956,47997
S02460,Jennifer Mitchell,2012-07-13,Grade 2,+16736171027,-
S02461,Mr. Stephen Kelley,2016-11-27,Grade 3,+17702194959,-
S02462,Jennifer Gonzalez,2014-07-16,Grade 4,+13878448962,-
S02463,Kenneth Diaz,2008-08-21,Grade 2,+19065453619,-
S02464,Sheryl Allen,2006-11-06,Grade 3,+19487915778,57584
S02465,Benjamin Long,2016-03-24,Grade 4,+17852826913,51960
S02466,Gary Martinez,2018-08-01,Grade 3,+19707085824,13743
S02467,Christopher Williams,2008-01-08,Grade 5,+12826206842,-
S02468,Toni Carr,2006-08-12,Grade 5,+16756372565,-
S02469,Adam Smith,2017-05-16,Grade 5,+12547916820,53810
S02470,Mr. Thomas Foley Dds,2018-07-28,Grade 1,+18382783787,23371
S02471,Michelle Jackson,2015-07-09,Grade 1,+19033179636,32013
S02472,Kristen Williams,2007-07-16,Grade 4,+17136115867,8322
S02473,Stephen Morales,2008-02-16,Grade 1,+17444771664,-
S02474,Laura Collier,2007-01-21,Grade 4,+15695030378,380
S02475,Sharon Mclaughlin,2016-10-09,Grade 5,+17785748554,-
S02476,Thomas Roberson,2015-09-11,Grade 1,+16783119823,6252
S02477,Robin Jimenez,2008-12-31,Grade 5,+19248399193,361
S02478,Kathryn Hill,2018-06-13,Grade 3,+14805010402,8947
S02479,Stacy Williams,2006-11-20,Grade 4,+18286566472,-
S02480,Sandra Murray,2015-08-28,Grade 3,+12366774457,873
S02481,Nathaniel Campos,2016-04-22,Grade 5,+19708308314,8324
S02482,Robert Hunter,2007-02-25,Grade 4,+19897221499,97588
S02483,Julie Gregory,2012-08-26,Grade 3,+12154950487,-
S02484,Amanda Simmons,2016-07-02,Grade 5,+18295573643,988
S02485,Erin Lewis,2015-10-29,Grade 3,+13088391393,8902
S02486,Elizabeth Reyes,2016-04-13,Grade 3,+14304445157,75644
S02487,Samantha Peterson,2017-11-22,Grade 5,+14105413848,-
S02488,Morgan Kelly,2009-07-05,Grade 5,+18898916470,-
S02489,Calvin Garcia,2017-08-14,Grade 1,+12765661777,445
S02490,Tina Johnson,2011-05-24,Grade 2,+12513713853,-
S02491,Christina Sutton,2018-12-06,Grade 3,+19556350094,-
S02492,Scott Elliott,2014-10-09,Grade 5,+13526112051,61422
S02493,Ralph Smith,2012-05-09,Grade 4,+12027285365,7845
S02494,Adrian Craig,2011-05-07,Grade 2,+12599775498,987
S02495,David Fox,2017-04-20,Grade 1,+12022095343,5481
S02496,Jeffrey King,2014-07-27,Grade 4,+13714212791,72056
S02497,Sherry Flowers,2016-07-22,Grade 2,+13784082017,-
S02498,Alec Abbott,2009-05-08,Grade 5,+19525579674,52437
S02499,Lisa Hood,2015-11-14,Grade 2,+14619361532,56893
S02500,Linda Perez,2009-08-22,Grade 3,+16138163145,53653
S02501,Julia Choi,2009-03-23,Grade 5,+17287838582,8078
S02502,Ryan Ward,2006-12-24,Grade 5,+12583370530,17593
S02503,Isabella Robinson,2006-08-25,Grade 3,+18183041417,-
S02504,Paul Williams,2012-09-27,Grade 2,+19139788291,223
S02505,Sean Rodriguez,2018-08-03,Grade 5,+14428303823,73119
S02506,Jesse Mcmillan,2017-07-12,Grade 1,+14145786846,-
S02507,Daniel Brown,2015-03-17,Grade 1,+15456222909,-
S02508,Thomas Johnston,2014-08-30,Grade 1,+16727508316,-
S02509,Jennifer Stephens,2014-08-09,Grade 4,+19434270737,632
S02510,Christine King,2009-12-07,Grade 3,+12837008461,76846
S02511,Shannon Mcdaniel,2012-02-25,Grade 3,+14326581542,0396
S02512,David Jones,2018-11-29,Grade 5,+17333025611,8602
S02513,Tiffany Fletcher,2013-08-03,Grade 1,+19322279193,6432
S02514,Jeffrey Noble,2017-06-03,Grade 4,+18489335278,846
S02515,Barbara Davis,2015-04-09,Grade 1,+18349963058,1776
S02516,Cathy Villarreal,2018-09-09,Grade 2,+17337728789,048
S02517,Samuel Shannon,2017-07-14,Grade 3,+13155105855,-
S02518,Elizabeth Boone,2018-04-21,Grade 2,+14124585341,-
S02519,Shelia Washington,2010-01-24,Grade 4,+19095064673,-
S02520,Lisa Patterson,2012-12-06,Grade 4,+18122224436,-
S02521,Jodi Shaw,2009-05-01,Grade 5,+14466576049,9999
S02522,Gregory Harris,2015-11-14,Grade 4,+19182512608,51419
S02523,Kelly Foster,2014-05-29,Grade 1,+19715515995,36395
S02524,Patrick Wall,2008-07-07,Grade 5,+14344980541,0091
S02525,Todd Stout,2012-09-30,Grade 3,+13904185424,67337
S02526,Harold Cain,2011-09-18,Grade 1,+13856833662,127
S02527,Maureen Thompson Md,2011-09-29,Grade 4,+18068299265,874
S02528,Logan Lopez,2006-10-19,Grade 2,+16022559184,-
S02529,James Robertson,2009-12-15,Grade 3,+14056699874,9524
S02530,Keith Frank,2018-12-09,Grade 2,-,-
S02531,Brandi Casey,2009-08-04,Grade 3,+15799912635,06165
S02532,Mark Nguyen,2009-09-25,Grade 4,+18723116504,-
S02533,Melissa Peterson,2010-07-12,Grade 1,+16263989312,-
S02534,Nicholas Haynes,2014-05-14,Grade 1,+19443284246,-
S02535,Denise Thompson,2010-03-10,Grade 2,+12189674389,528
S02536,Kimberly Meyer,2016-06-25,Grade 3,+18254794553,-
S02537,Phillip Hall,2010-01-06,Grade 4,+18055440227,99076
S02538,Marcia Hood,2017-12-11,Grade 1,+14424375369,4224
S02539,Jeffrey Alexander,2013-06-23,Grade 3,+15218865276,-
S02540,David Ramirez,2008-07-21,Grade 4,+15345848923,-
S02541,Scott Phillips,2007-12-31,Grade 1,+12926896008,-
S02542,Aaron Shields,2013-01-31,Grade 1,+18263582825,26836
S02543,Kimberly Steele,2017-02-25,Grade 4,+16197805389,794
S02544,Katherine Alexander,2009-03-06,Grade 5,+12188904573,662
S02545,Christopher Hammond,2019-02-17,Grade 5,+14173978129,-
S02546,Amber Mejia,2011-06-17,Grade 4,+18085701087,0586
S02547,Lisa Klein,2007-04-11,Grade 1,+15043754940,-
S02548,Brittany Webster,2018-11-10,Grade 3,+19175372884,-
S02549,Matthew Bryant,2007-02-27,Grade 5,+19967060500,6120
S02550,Matthew Brown,2007-06-26,Grade 5,+12485011606,2335
S02551,Andrew Jacobs,2008-06-10,Grade 3,+13007809055,11110
S02552,Brian Taylor,2011-11-12,Grade 3,+18597805846,582
S02553,Chad Singh,2014-05-30,Grade 1,+18847048410,143
S02554,Ryan Lyons,2016-10-24,Grade 4,+18373718414,-
S02555,Cynthia Anderson,2007-03-06,Grade 4,+17276838470,4749
S02556,Christopher Todd,2008-01-19,Grade 4,+16119582548,6959
S02557,Amy Hoffman,2011-06-26,Grade 4,+18765608216,-
S02558,Jaime Barker,2009-08-03,Grade 2,+17556888980,-
S02559,Matthew Mccarty,2006-06-21,Grade 1,+15619916275,3160
S02560,Alexandria Mclaughlin,2018-11-29,Grade 5,+19484904461,622
S02561,Rachel Hernandez,2014-07-08,Grade 2,+15018953639,49231
S02562,Cheryl Moss,2015-05-27,Grade 3,+14269931425,-
S02563,Eric Schultz,2018-03-10,Grade 5,+18316986089,47481
S02564,Valerie Mendoza,2013-07-17,Grade 1,+16169957596,-
S02565,Scott Norris,2014-09-19,Grade 1,+18948501989,-
S02566,Mason Rosario,2012-07-29,Grade 4,-,-
S02567,Daniel Cunningham,2013-04-09,Grade 4,+15254657586,-
S02568,Jaclyn Arnold,2006-03-30,Grade 5,+19588574287,031
S02569,Jeremy Williams,2006-04-02,Grade 2,+17607452677,-
S02570,Molly Henry,2014-02-03,Grade 1,+19779933225,-
S02571,Melissa Mack,2018-05-04,Grade 2,+12715650039,6580
S02572,Jeff Burke,2017-02-07,Grade 2,+15264166461,240
S02573,Cynthia Bailey,2015-06-25,Grade 3,+14297038731,544
S02574,Cindy Edwards,2010-10-14,Grade 1,-,-
S02575,Brittany Davis,2014-01-20,Grade 5,+19553634087,425
S02576,Julie Lee,2015-09-19,Grade 5,+17189449356,252
S02577,Aaron Alexander,2011-04-06,Grade 4,-,-
S02578,Troy Anderson,2008-01-03,Grade 3,+12888830827,192
S02579,Kathy Cooper,2012-05-22,Grade 1,+19254923900,-
S02580,Kaitlyn Bullock,2015-04-19,Grade 1,+12887778535,-
S02581,Amanda Rosales,2009-09-13,Grade 1,+14229795411,278
S02582,Brian Horton,2007-02-01,Grade 1,+19588972375,38308
S02583,Rachael Neal,2015-11-24,Grade 3,+12868256272,-
S02584,Vincent Cole,2007-11-13,Grade 4,-,-
S02585,Erin Pena,2011-03-01,Grade 4,+19425998773,-
S02586,Mr. Brandon Sloan,2011-11-24,Grade 1,+17208589570,-
S02587,Timothy Day,2006-07-20,Grade 2,+14068314285,92909
S02588,Kenneth Goodwin,2016-06-27,Grade 2,+14397502289,-
S02589,William Copeland,2012-12-23,Grade 2,+14618684709,-
S02590,Jennifer Gomez,2008-01-19,Grade 5,+12724535709,-
S02591,Ryan Mccarthy,2006-12-27,Grade 1,+15246837804,246
S02592,Michelle Kelly,2011-10-27,Grade 1,+15198808365,51563
S02593,Marissa Gardner,2012-09-27,Grade 1,+12024955970,-
S02594,Katherine Nelson,2009-01-01,Grade 1,+12003374406,-
S02595,Thomas Luna,2017-07-07,Grade 5,+18373650348,4568
S02596,Scott Baxter,2006-04-30,Grade 3,-,-
S02597,Robert Lopez,2015-09-11,Grade 1,+14607363624,-
S02598,Charles Gomez,2008-10-24,Grade 5,+16284204674,5441
S02599,Jennifer Taylor,2012-04-19,Grade 5,+17407067647,698
S02600,Sara Lee,2015-07-04,Grade 4,+17623572520,-
S02601,Amanda Black,2015-12-05,Grade 5,+17992826078,-
S02602,Steve Walker,2015-11-02,Grade 3,+16388664685,-
S02603,Kenneth Ferrell,2014-06-29,Grade 1,+15032027670,3877
S02604,Kimberly Underwood,2017-08-13,Grade 1,+18308212013,-
S02605,Alexis Moreno,2014-02-09,Grade 5,+15558033696,-
S02606,Greg Hamilton,2015-07-28,Grade 2,+15273502366,59434
S02607,Brian Nguyen,2006-06-09,Grade 5,+13153899485,-
S02608,Brenda Martin,2018-04-05,Grade 2,+15489387010,7913
S02609,Jennifer Haas,2015-07-16,Grade 4,+18994957669,-
S02610,Tyler Ross,2017-06-15,Grade 3,+13119833476,0404
S02611,Daniel Garcia,2008-06-11,Grade 5,+12254103865,585
S02612,Timothy Weeks,2010-12-25,Grade 5,+19969527756,380
S02613,Jacqueline Woodard,2016-02-21,Grade 5,+18217001428,879
S02614,Kimberly Smith,2007-11-15,Grade 4,+18926964618,5320
S02615,Alexander Anderson,2012-05-29,Grade 1,+17432685100,-
S02616,Alec Dudley,2017-04-26,Grade 5,+19408144370,26905
S02617,Karen Winters,2009-03-04,Grade 4,+14752982110,42307
S02618,Denise Robinson,2013-11-10,Grade 1,+19342547427,5203
S02619,Andrew Crawford,2013-11-19,Grade 5,+18066232304,2085
S02620,Patrick Hernandez,2008-10-06,Grade 2,+14007503332,-
S02621,Jacqueline Dillon,2016-10-09,Grade 4,+15614097999,3397
S02622,Erin Smith,2007-07-13,Grade 5,-,-
S02623,David Bennett,2013-05-10,Grade 1,+12037739427,6419
S02624,Ashley Weber,2014-07-22,Grade 3,+13873107244,-
S02625,Natalie Bryant,2011-12-13,Grade 3,+15492281572,-
S02626,Brianna Alvarez,2015-07-26,Grade 4,+18768695479,-
S02627,Dennis Brown,2016-02-23,Grade 2,+14406538050,408
S02628,Lori Phillips,2014-09-15,Grade 5,+15265189844,863
S02629,Sandra Frost,2015-08-24,Grade 5,+19464172137,-
S02630,Jamie Hamilton,2018-04-19,Grade 3,+13589585280,276
S02631,Edward Smith,2007-08-19,Grade 4,+12018571948,-
S02632,Joseph Roman Dds,2007-02-28,Grade 3,+18086498517,-
S02633,Thomas Beck,2018-12-29,Grade 1,+19513849964,-
S02634,Thomas Green,2007-10-27,Grade 3,+18127666510,414
S02635,Debra Phillips,2007-08-22,Grade 5,+13985092442,2030
S02636,Barry Bradshaw,2008-12-30,Grade 5,+13626811151,023
S02637,Erika Johnson,2007-05-28,Grade 2,+16369028861,-
S02638,Brian Chaney,2008-08-22,Grade 3,+17866440662,3422
S02639,Dawn Gonzalez,2017-02-17,Grade 1,+12508544162,-
S02640,Jack Wilkinson,2009-02-02,Grade 3,+19084349406,-
S02641,Elizabeth Mendoza,2011-01-26,Grade 3,+17958578698,-
S02642,Megan Thompson,2017-07-11,Grade 2,+15017443932,29487
S02643,David Sanchez,2010-05-24,Grade 3,-,-
S02644,Natasha Gibson,2010-05-27,Grade 5,+18345065271,08785
S02645,Kenneth Warner,2006-06-30,Grade 3,+14002942615,-
S02646,Dr. Garrett Pierce,2016-11-03,Grade 1,+19159292031,1070
S02647,Andrea Bradley,2016-07-13,Grade 4,+12262960620,-
S02648,Laura Valenzuela,2016-09-10,Grade 4,+16983170250,-
S02649,Richard Flynn,2017-06-11,Grade 4,+18865126596,58420
S02650,Louis Robinson,2009-04-09,Grade 2,+12579228815,7509
S02651,Emily Blankenship,2013-06-17,Grade 4,+13076969229,269
S02652,Alex Jackson,2017-01-07,Grade 2,+12204031116,-
S02653,Mr. Justin Schwartz Iii,2006-09-19,Grade 1,+17967604677,51312
S02654,Gina Anderson,2014-09-29,Grade 3,+19096273501,-
S02655,Michael Mclaughlin,2013-11-19,Grade 4,+15878640016,-
S02656,James Harris,2006-08-04,Grade 3,+12837819610,-
S02657,Larry Anderson,2007-08-16,Grade 3,+12645726771,092
S02658,Wanda Williams,2009-03-24,Grade 5,+15767897802,-
S02659,Edward Contreras,2018-09-17,Grade 2,+13563318594,-
S02660,Kristen Ferguson,2014-08-13,Grade 2,+13486386901,-
S02661,Chase Garrett,2016-02-23,Grade 5,+18539875599,5336
S02662,Shawn Moore,2017-02-28,Grade 3,+18607971488,95441
S02663,Jessica Reed,2015-09-09,Grade 5,+12445111625,87978
S02664,Diana Martinez,2016-12-19,Grade 4,+13267766505,-
S02665,Shawn Jackson,2014-09-17,Grade 3,+14739595991,3453
S02666,Ronnie Boyd,2013-08-29,Grade 2,+16304006659,-
S02667,Allison Smith,2007-05-10,Grade 4,+17408958162,720
S02668,Ryan Wyatt,2007-12-04,Grade 1,+16047306755,-
S02669,Brandon Johnston,2006-10-18,Grade 4,+14574703180,8362
S02670,Kevin Zamora,2014-08-14,Grade 5,+13155006786,961
S02671,Claire Martin,2009-06-01,Grade 4,+16223956971,844
S02672,William Pratt,2008-05-07,Grade 4,+17544828511,-
S02673,Jonathan Tyler,2017-10-15,Grade 4,+18252734803,-
S02674,Amanda Santana,2016-05-05,Grade 3,+17389713211,-
S02675,Ronald Le,2014-07-15,Grade 1,+12859389579,71055
S02676,John Brooks,2018-04-19,Grade 4,+15588606882,809
S02677,Autumn Robinson,2012-08-13,Grade 2,+12012709739,-
S02678,John Henderson,2012-05-08,Grade 1,+12568881398,-
S02679,Gregory Jones,2017-04-26,Grade 2,+16567964630,-
S02680,Natasha Morton,2015-11-02,Grade 2,+15169455294,-
S02681,Katrina Oneal,2012-07-30,Grade 2,+17078845287,373
S02682,Sara Nelson,2010-01-08,Grade 4,+15466357119,-
S02683,Lisa Saunders,2009-10-20,Grade 4,+12386526438,-
S02684,Matthew Parker,2008-05-27,Grade 5,+17063370659,0606
S02685,Timothy Anderson,2018-08-23,Grade 2,+12042519602,895
S02686,Kelly Cowan,2018-08-06,Grade 1,+12204133914,-
S02687,Madison Sims,2011-08-05,Grade 1,+13266979929,75471
S02688,Rachel Gates,2019-03-06,Grade 3,+14768409053,-
S02689,Glen Kim,2006-12-05,Grade 2,+12867864720,-
S02690,Rebecca Jones,2013-02-21,Grade 1,+16988869935,30235
S02691,Edward Gomez,2008-04-29,Grade 4,-,-
S02692,Mathew Deleon,2007-01-08,Grade 4,+12345162785,6281
S02693,Thomas Brown,2014-04-12,Grade 1,+13584495186,0647
S02694,Heather Sanders,2008-09-25,Grade 2,+16498314016,343
S02695,Renee Fox Dvm,2008-07-30,Grade 5,+12327628391,34095
S02696,Sandra Wagner,2016-02-03,Grade 3,-,-
S02697,Jennifer Payne,2017-01-02,Grade 5,+16196251041,-
S02698,Cory Davenport,2008-04-30,Grade 2,+17087377643,-
S02699,Jennifer Little Md,2011-12-26,Grade 1,+16772194068,3639
S02700,Emma Alvarez,2012-04-10,Grade 5,+13602180994,-
S02701,Alyssa Graham,2008-08-14,Grade 1,+12284640381,-
S02702,Fred Mcclure,2010-03-20,Grade 1,+14232611315,-
S02703,Kathryn Hawkins,2012-06-14,Grade 5,+15906852087,-
S02704,Dr. Jonathan Duncan,2012-08-07,Grade 5,+19037533981,7539
S02705,Kim Bennett,2012-09-10,Grade 3,+15209042863,-
S02706,Matthew Smith,2013-06-04,Grade 5,+14037420344,4159
S02707,Dana French,2011-03-16,Grade 1,+19959799813,-
S02708,Kelly Warren,2018-01-18,Grade 1,-,-
S02709,Jennifer Fischer,2010-04-11,Grade 4,+16954433149,-
S02710,Colton Nelson,2014-11-04,Grade 2,+18559339272,-
S02711,Joshua Wise,2009-10-25,Grade 5,+19323556113,-
S02712,Todd Davis,2013-09-06,Grade 4,+15069209897,2473
S02713,Patrick Robinson,2018-05-20,Grade 2,+17417825621,6110
S02714,Richard Nelson,2007-07-31,Grade 4,+16067276613,-
S02715,Sherry Edwards,2006-09-11,Grade 4,+15845131109,18237
S02716,Tiffany Erickson,2016-11-24,Grade 2,-,-
S02717,Cassandra Beard,2014-08-08,Grade 1,+17909869102,4418
S02718,Benjamin Lewis,2006-09-09,Grade 5,+13442419577,858
S02719,Steve Myers,2011-12-12,Grade 3,+15374311016,63474
S02720,Taylor Russo,2007-08-31,Grade 4,+12372384153,-
S02721,Lindsey Reynolds,2006-12-07,Grade 3,+18035524593,7035
S02722,Sara Buck,2008-04-30,Grade 1,+12373937390,02095
S02723,John Flores,2010-12-14,Grade 5,+12582516317,-
S02724,Caleb Little,2008-06-01,Grade 4,+16512072344,0720
S02725,Christina Floyd,2016-11-17,Grade 2,+16825191992,395
S02726,Omar Williams,2017-11-02,Grade 4,+15773016101,988
S02727,Angela Rodriguez,2007-07-22,Grade 1,+16892876603,2900
S02728,Alexis Barnes,2018-04-13,Grade 1,+12882549441,8919
S02729,Sean Rodriguez,2010-06-12,Grade 2,+17424282514,-
S02730,Heather Lee,2017-06-26,Grade 3,+16646511355,328
S02731,Jenny Martinez,2012-08-13,Grade 5,+16678697217,-
S02732,Stephanie Ramos,2007-10-11,Grade 5,+14877882629,527
S02733,Jeremy James,2017-04-01,Grade 1,+16112227454,-
S02734,Daniel Lewis,2012-09-28,Grade 5,-,-
S02735,Kristin Gonzales,2007-08-13,Grade 5,+18849509437,-
S02736,Megan Gray,2008-03-28,Grade 5,+13504977418,4212
S02737,Todd Berry Dvm,2009-09-05,Grade 3,+16567521117,88742
S02738,Jennifer Andrade,2007-05-03,Grade 3,+15104624615,-
S02739,Juan Tate,2007-11-13,Grade 5,+12116526733,-
S02740,Melanie Johnson,2008-01-01,Grade 1,+17429325811,-
S02741,Andrew Hernandez,2016-06-29,Grade 3,+14187104912,160
S02742,Robert Miller,2006-09-07,Grade 2,+16726788853,5794
S02743,Allen Alvarado,2015-03-28,Grade 2,+16397168203,0801
S02744,Dave Baldwin,2012-12-11,Grade 5,+12352817804,-
S02745,Jennifer Kelly,2017-01-15,Grade 5,+17566679744,-
S02746,Jeremy Butler,2009-02-12,Grade 5,+19207449952,-
S02747,Aaron Hoffman,2006-04-11,Grade 1,+16295505156,535
S02748,Dr. Steven Daniels,2018-01-19,Grade 4,+16076133003,-
S02749,Anthony Boone,2015-09-18,Grade 2,+18966652445,-
S02750,Taylor Mullins,2018-09-19,Grade 2,+15774936250,7356
S02751,Danielle Moore,2015-01-14,Grade 4,+13283327462,-
S02752,Margaret Hall,2006-10-17,Grade 5,+17182976512,59516
S02753,Gary Macias,2014-06-25,Grade 2,+12857112715,186
S02754,Candace Taylor,2017-11-16,Grade 5,+12129871241,-
S02755,Brenda Valencia,2013-04-12,Grade 5,+12047146168,-
S02756,David Fischer,2011-10-31,Grade 2,+18223718957,95015
S02757,Veronica Davis,2014-02-22,Grade 5,+15727186940,-
S02758,Janice Lewis,2017-03-27,Grade 4,+13603553929,-
S02759,Michelle Shea,2018-10-16,Grade 5,+18048061000,638
S02760,Felicia Green,2013-12-26,Grade 5,+14906961698,0875
S02761,Julie Howell,2018-12-03,Grade 1,+18464418862,06269
S02762,James Lee,2013-11-07,Grade 5,+15885018399,-
S02763,Mrs. Lindsay Thomas,2008-03-09,Grade 4,+17149472672,-
S02764,Christopher Roberts,2018-12-02,Grade 4,+13492085180,3093
S02765,Laura Cannon,2015-04-04,Grade 4,+14376403836,-
S02766,Marisa Adams,2017-09-30,Grade 3,+17923287736,8489
S02767,Terry Elliott,2017-12-28,Grade 4,+17435469031,179
S02768,Cynthia Davis,2010-10-08,Grade 5,+13416057896,069
S02769,Brandon Walker,2014-03-13,Grade 4,+17039727879,-
S02770,Clinton Pennington,2017-02-07,Grade 4,+14973361271,016
S02771,David Jensen Dds,2016-02-03,Grade 4,+12874990702,3799
S02772,Jesus King,2014-11-01,Grade 5,+15945547237,2934
S02773,Brett Henderson,2012-11-04,Grade 5,+16604351999,54592
S02774,Kenneth Miller,2015-05-22,Grade 1,+14542077619,-
S02775,Scott Marshall,2017-02-02,Grade 2,+19623804529,0819
S02776,Latasha Stokes,2014-03-15,Grade 1,+18094650532,532
S02777,Paul Mcmillan,2015-07-14,Grade 2,+18645618186,-
S02778,Bobby Garrett,2012-10-17,Grade 4,+12753148889,870
S02779,Robert Huffman,2012-09-20,Grade 5,+15394865009,7911
S02780,Hannah Cameron,2011-08-02,Grade 4,+13927988397,49814
S02781,Sarah Hoover Md,2015-02-12,Grade 4,+14438533210,81865
S02782,John Lara,2012-01-24,Grade 1,+18137934733,460
S02783,Karen Jones Md,2012-08-29,Grade 3,-,-
S02784,Daniel Robinson,2012-10-16,Grade 3,+17152452017,-
S02785,Anne Brown,2006-04-30,Grade 5,+13308499450,-
S02786,Christina Li,2018-07-17,Grade 5,+19868962452,35444
S02787,Mr. Maxwell Hernandez,2013-04-17,Grade 2,+18466920411,4222
S02788,Daniel Jensen,2018-11-10,Grade 2,+17063849040,876
S02789,Peter Adams,2017-12-12,Grade 2,+14877940029,-
S02790,Susan Black,2016-10-02,Grade 1,+12684024632,-
S02791,Leslie Good,2009-08-24,Grade 4,+19718766302,-
S02792,Jacob Hoffman,2011-12-06,Grade 3,+18855611974,93573
S02793,Brandon Hansen,2008-05-21,Grade 2,+15194333257,5136
S02794,Barbara Smith,2010-10-24,Grade 4,+14195069598,0822
S02795,James Cox,2018-06-16,Grade 3,+17607589137,5392
S02796,Daniel Lucas,2016-02-24,Grade 1,-,-
S02797,Heather Burnett,2017-01-26,Grade 1,+18453089424,80522
S02798,Hailey Duke,2006-11-21,Grade 4,+14113190964,-
S02799,Shawn Taylor,2007-07-25,Grade 4,+13483761306,606
S02800,Michael Perez,2013-05-12,Grade 4,+13054800656,874
S02801,Bobby Bell,2017-02-03,Grade 2,-,-
S02802,Laura Hawkins,2015-01-08,Grade 5,+14943243040,59960
S02803,Tara Ho,2011-01-22,Grade 1,+13525296508,611
S02804,Ashley Hoffman,2012-10-19,Grade 5,+19648552703,-
S02805,David Fuller,2017-11-29,Grade 3,+17668423246,952
S02806,Robin Morgan,2011-10-28,Grade 5,+15317079160,44823
S02807,Mary Lawrence,2009-02-05,Grade 1,+12048572678,85252
S02808,Michele Nichols,2016-07-18,Grade 2,+16939981514,-
S02809,Kaitlyn Porter,2006-10-14,Grade 2,+14489914101,-
S02810,Laura Campos,2009-07-07,Grade 2,+13135728193,17088
S02811,Brittany Henry,2015-08-31,Grade 4,+17463895177,06909
S02812,Kelly Owens,2017-11-09,Grade 3,-,-
S02813,James Hernandez,2011-12-22,Grade 1,+18936263835,-
S02814,David Strickland,2011-03-18,Grade 3,+15659970304,6767
S02815,Jeremy Martinez,2016-05-29,Grade 2,+15937475375,5663
S02816,Sandra Riley,2008-07-05,Grade 1,+13283972838,-
S02817,Patrick Huff,2006-12-07,Grade 3,+12236739296,-
S02818,Brooke Hernandez,2017-03-27,Grade 3,+13256150304,29319
S02819,Kelsey Wilson,2019-03-03,Grade 5,+16406909772,30935
S02820,Stacey Abbott,2015-03-14,Grade 3,+16923074966,34692
S02821,Brandon Barker,2009-04-30,Grade 1,+17542382634,-
S02822,Austin Lee,2019-01-21,Grade 5,+18592561838,04021
S02823,Jennifer Calhoun,2009-10-07,Grade 5,+17588279720,-
S02824,Stephen Lee,2007-08-02,Grade 2,+19652701512,499
S02825,Sean Stewart,2018-03-24,Grade 5,+13107395749,90371
S02826,Jonathan Mcclure,2014-02-02,Grade 3,+14276981913,8561
S02827,Gregory Adkins,2016-03-11,Grade 4,+18076800457,68248
S02828,Erin Neal,2007-12-28,Grade 4,+14362587074,-
S02829,Nathan Austin,2014-04-07,Grade 3,+16762687060,-
S02830,Alan Garcia,2012-04-30,Grade 3,+15748165326,-
S02831,Jessica Hartman,2011-12-12,Grade 5,+13898027198,-
S02832,Andrew Smith,2017-11-27,Grade 1,+17253564799,-
S02833,Elizabeth Martinez,2011-10-07,Grade 1,+17176345887,08485
S02834,Shannon Meyers,2015-04-20,Grade 4,+14147091427,20339
S02835,Ronald Scott,2007-05-21,Grade 1,+19802098673,-
S02836,Chad Jenkins,2010-01-05,Grade 4,+13704429929,-
S02837,Marc Rocha,2018-08-27,Grade 2,+18839063692,-
S02838,Julie Smith,2018-03-12,Grade 4,+15528985163,132
S02839,Sara Hartman,2009-05-28,Grade 2,+13087784791,-
S02840,Ricky Ross,2010-11-08,Grade 1,+13016337936,-
S02841,Carla Johnston Dvm,2016-12-24,Grade 4,+13073133740,783
S02842,Patrick Reyes,2016-04-12,Grade 3,+17857905960,80011
S02843,Thomas Carroll,2014-07-04,Grade 1,+15548340923,725
S02844,Olivia Tran,2014-02-20,Grade 2,+14612115889,6034
S02845,Debra Mccullough,2006-07-03,Grade 4,+19353514779,522
S02846,Sergio Jordan,2015-06-28,Grade 3,+17475447795,36227
S02847,Brittany Nolan,2016-11-06,Grade 5,+12457828373,39420
S02848,Austin George,2015-09-21,Grade 1,+13064001422,-
S02849,Cody Hudson,2016-05-13,Grade 5,+15134762422,28657
S02850,Thomas Davis,2017-08-29,Grade 1,+16973100937,41218
S02851,Brenda James,2010-06-17,Grade 5,+19388561231,-
S02852,Grace Bond,2013-09-13,Grade 3,+14755728440,5687
S02853,Natalie Thompson,2012-07-16,Grade 3,+12656845821,3543
S02854,Lisa Wells,2007-01-17,Grade 5,+12597579709,42668
S02855,Mark Fuller,2017-01-04,Grade 1,+12526484146,-
S02856,Matthew Wells,2011-01-04,Grade 4,+15509381659,-
S02857,Susan Walker,2015-11-02,Grade 2,+17244372059,-
S02858,Valerie Sutton,2010-06-12,Grade 3,+15835378707,-
S02859,Stephen Hernandez,2018-05-17,Grade 3,+19855081761,75529
S02860,Emily Mccarthy,2012-02-11,Grade 1,+17375745563,-
S02861,Cassidy Mitchell,2015-09-27,Grade 1,+12884186793,94674
S02862,Sean Holmes,2018-08-04,Grade 3,+16917990879,-
S02863,James Johnson,2006-04-23,Grade 4,+19277636411,983
S02864,Amanda Rivas,2009-03-30,Grade 5,+15844105470,-
S02865,Dr. Christopher Rose,2011-01-19,Grade 5,+17542892504,88668
S02866,Crystal Rodriguez,2008-08-28,Grade 3,+19599040325,8931
S02867,Vincent Mathis,2012-09-13,Grade 1,+15536068059,50653
S02868,Samantha Ramos,2010-07-25,Grade 4,+12264115644,5631
S02869,David Williams,2007-05-22,Grade 3,+16178468362,72571
S02870,Jessica Barnes,2016-03-20,Grade 2,+17237504047,-
S02871,Terry Smith,2018-05-04,Grade 5,+13365760905,919
S02872,Stephen Cook,2008-09-24,Grade 4,-,-
S02873,Kristin Burnett,2012-08-07,Grade 5,+13048541274,-
S02874,Joseph Olson,2006-12-07,Grade 3,+19506368187,-
S02875,Maria Thomas,2018-03-05,Grade 3,+19086659908,72680
S02876,John Henry,2010-10-15,Grade 5,+13719409959,-
S02877,Jane Shaffer,2008-10-13,Grade 3,+18326906814,4289
S02878,William Nguyen,2011-02-15,Grade 4,+16162574823,4479
S02879,Luke Gonzalez,2016-06-14,Grade 3,+18163887158,53266
S02880,William Hansen Jr.,2014-06-17,Grade 1,+14438757007,95083
S02881,Daniel Thomas,2016-05-13,Grade 4,+14882277493,872
S02882,Amanda Moran Md,2017-11-28,Grade 2,+16394172764,-
S02883,Derek Quinn,2007-10-18,Grade 2,+16216639767,8727
S02884,Sandra Elliott,2015-07-11,Grade 4,+13539218581,-
S02885,Emma Hall,2010-03-15,Grade 5,+19233041801,-
S02886,Kim Meadows,2010-02-01,Grade 4,+14098620512,19670
S02887,Joseph Young,2011-01-03,Grade 3,+18756883355,3468
S02888,Elijah Andrews,2006-10-13,Grade 3,+19455793913,-
S02889,Michelle Foster,2016-05-20,Grade 2,+15855069229,-
S02890,Dr. Samuel Hayes,2009-09-02,Grade 2,+16225729623,330
S02891,Todd Cole,2012-08-26,Grade 2,+17368775603,771
S02892,Molly Reyes,2010-09-06,Grade 3,+12817037685,1450
S02893,Gary Ramirez,2006-12-04,Grade 4,+18945122972,97878
S02894,Chad Hunter,2011-02-18,Grade 4,+18385425949,219
S02895,Denise Thompson,2017-08-11,Grade 1,+13012105091,2412
S02896,Jill Bates,2012-11-22,Grade 3,+14493960471,2422
S02897,Laura Potter,2018-08-28,Grade 5,+16076840259,-
S02898,Kurt Hodge,2018-03-12,Grade 5,+15049906560,-
S02899,Anthony Sanchez,2008-02-25,Grade 2,+12162960112,-
S02900,Lauren Kline,2009-06-06,Grade 4,+18643251372,8743
S02901,Thomas Foster,2009-10-26,Grade 4,+19048548479,-
S02902,Sara Johnson,2017-05-30,Grade 4,+12244910485,12392
S02903,Sara Hill,2009-01-04,Grade 5,+15075120589,-
S02904,William Riley,2018-01-06,Grade 4,+15022046877,07853
S02905,Henry Nelson,2014-05-29,Grade 1,+16192531492,884
S02906,Rachel Wood,2017-03-11,Grade 3,+14302355053,25835
S02907,Dominique Noble,2011-10-16,Grade 1,+16673145000,35138
S02908,Jacob Scott,2012-06-02,Grade 3,+19326271239,-
S02909,Nicole Mueller,2015-01-10,Grade 3,+17212502651,0624
S02910,Michael Curry,2013-06-21,Grade 3,+16697335091,6859
S02911,Richard Grant,2006-11-28,Grade 4,+19883684148,9589
S02912,Daniel Pope,2017-03-20,Grade 2,-,-
S02913,Emma Price,2016-09-30,Grade 5,+18468261327,26128
S02914,Roger Spencer,2014-04-28,Grade 3,+18722307770,405
S02915,Kevin Martin,2018-08-19,Grade 4,+16836928528,-
S02916,Patrick Silva,2016-12-10,Grade 4,+17053059841,-
S02917,Matthew Santiago,2012-01-11,Grade 5,+14898554774,4881
S02918,Jonathan Simmons,2012-09-26,Grade 3,+13098565677,11514
S02919,Claudia Ross,2009-09-01,Grade 4,+18755298798,38378
S02920,James Gallegos,2014-03-28,Grade 4,+17798741329,-
S02921,Ronald Hughes,2012-02-15,Grade 1,+19376826799,-
S02922,Anna Wang,2017-11-19,Grade 1,+17234113355,352
S02923,Bianca Villarreal,2015-07-27,Grade 2,+15217019663,600
S02924,Julie Williams,2017-02-04,Grade 2,+19632588469,3487
S02925,Rebecca Bowen,2014-09-05,Grade 4,+15124662621,13133
S02926,Jennifer Wood,2016-04-07,Grade 5,+12319564553,-
S02927,Ann Smith,2006-03-21,Grade 2,+12997189195,-
S02928,Megan Ellison,2013-07-25,Grade 5,+13425029160,61806
S02929,Thomas Morton,2006-03-29,Grade 2,+13646122592,-
S02930,John Hall,2006-10-17,Grade 5,+19413044990,92569
S02931,Theresa Copeland,2008-01-20,Grade 2,+18347941301,-
S02932,Brian Hill,2007-10-30,Grade 4,+16273578421,2936
S02933,Matthew Reynolds,2011-05-29,Grade 5,+15667050826,444
S02934,Patrick Carter,2015-05-02,Grade 1,+17536571076,-
S02935,Lisa Johnson,2011-03-19,Grade 5,-,-
S02936,Michael Holmes,2016-04-25,Grade 2,+19986506759,-
S02937,Caleb Smith,2010-10-07,Grade 4,+12412790522,-
S02938,Zachary Harrison,2008-09-07,Grade 1,+14096257692,-
S02939,Emily Brown,2013-10-03,Grade 5,+14153047672,-
S02940,Luke Richardson,2012-02-07,Grade 3,+16448363990,7834
S02941,David Beck,2007-03-26,Grade 2,+12392002570,500
S02942,Laura Bell,2007-12-12,Grade 1,+12965937861,-
S02943,Michael Carey,2017-04-28,Grade 3,+18907748502,675
S02944,Christopher Owens Iii,2008-01-26,Grade 3,+13579806944,2609
S02945,Mariah Garcia,2016-01-13,Grade 2,+19998234969,493
S02946,Annette Singleton,2013-01-25,Grade 3,+14997767702,2653
S02947,Taylor Juarez,2011-04-30,Grade 4,+19743809999,892
S02948,Jessica Montoya,2007-04-25,Grade 1,+17508305162,94598
S02949,Crystal Walker,2016-07-15,Grade 5,+16773877609,2797
S02950,Teresa Thompson,2016-02-29,Grade 5,+15775272895,117
S02951,Kelly Brown,2013-06-24,Grade 3,+12085560874,-
S02952,Donald Jones,2017-01-28,Grade 4,+14664743246,-
S02953,Andrew Williams,2017-06-19,Grade 2,+12867416012,2227
S02954,Thomas Anderson,2007-02-01,Grade 1,+16333030161,6776
S02955,Michelle Green,2008-04-03,Grade 4,+19186786194,968
S02956,Linda Flores,2015-12-24,Grade 1,+16196470746,-
S02957,Destiny Walker,2008-03-06,Grade 4,+13238607322,564
S02958,Jason Perry,2015-08-06,Grade 5,+18362220175,514
S02959,Alexander Stein,2013-08-20,Grade 3,+19014402927,36604
S02960,Chelsea Chandler,2016-07-20,Grade 4,+17697426786,-
S02961,Vincent White,2013-08-20,Grade 1,+12577971793,23651
S02962,Jacob Schmidt,2007-07-23,Grade 3,+19879421909,-
S02963,Anna Ward,2008-07-03,Grade 1,+17589013133,-
S02964,Karl Gates,2012-04-18,Grade 1,+16495169668,-
S02965,Peter Howell,2018-09-01,Grade 5,+14598598682,3389
S02966,Debra Warner,2017-07-19,Grade 3,+13567531113,-
S02967,Catherine Williams,2012-04-06,Grade 5,+15382370786,442
S02968,Alexander Flores,2010-06-02,Grade 5,+15725979178,21551
S02969,Susan Adams,2015-03-12,Grade 1,+13764359366,185
S02970,Jennifer Munoz,2006-05-10,Grade 1,+12585907843,090
S02971,Benjamin Norton,2011-02-24,Grade 3,+14856315044,4316
S02972,Rachel King,2016-03-23,Grade 5,-,-
S02973,Chelsea Tucker,2010-08-14,Grade 1,+19057032031,19352
S02974,Kevin Nelson,2019-01-22,Grade 2,+14627680073,15577
S02975,Gary Lara,2012-05-02,Grade 3,+14629325581,283
S02976,Jennifer Huffman,2008-06-30,Grade 1,+13773900155,4283
S02977,Kylie Key,2018-05-04,Grade 3,+15649881716,-
S02978,Grant Freeman,2016-10-16,Grade 4,+19292918835,-
S02979,Robin Johnson,2019-01-26,Grade 4,+16318567477,-
S02980,James Anderson,2010-11-21,Grade 1,+17672199134,927
S02981,Joyce Myers,2008-03-31,Grade 2,+15614342929,-
S02982,Victoria Hahn,2015-10-17,Grade 5,+19092223441,72763
S02983,Adam Griffin,2008-12-01,Grade 5,+15084439604,-
S02984,Michele Anderson,2016-08-17,Grade 3,+19416479107,9066
S02985,Jenny Morris,2010-12-23,Grade 3,+12766505159,-
S02986,Sheila Sullivan,2008-12-02,Grade 5,+19735414015,1007
S02987,Clifford Case,2014-09-21,Grade 2,+13778825227,-
S02988,Tasha Velez,2014-12-22,Grade 2,-,-
S02989,Michelle Avery,2015-08-06,Grade 3,+19068047753,-
S02990,Samuel Herrera,2017-05-10,Grade 5,+18179625512,98032
S02991,Christopher Rodriguez Phd,2013-02-28,Grade 3,+17294523393,84923
S02992,Jeremy Young,2009-08-03,Grade 2,+18257717972,-
S02993,Tina Cordova,2012-03-15,Grade 2,+13829002864,507
S02994,Jessica Ross,2009-09-10,Grade 4,+15036026754,18940
S02995,Spencer Cooper,2015-11-12,Grade 4,+14028424255,-
S02996,Steven Wilson,2013-08-19,Grade 2,+12726518718,-
S02997,Mr. Michael Dennis,2014-11-27,Grade 3,+19499832396,-
S02998,Jason Nichols,2009-12-01,Grade 2,+12624272857,263
S02999,Grant Foster,2017-02-21,Grade 4,+19104215060,405
S03000,John Davis,2014-04-29,Grade 4,+18873891496,531
S03001,Kimberly Meyers,2010-04-30,Grade 5,+12925528353,70981
S03002,Kathryn Williams,2009-07-04,Grade 4,+12944284507,-
S03003,Jamie Anderson,2017-05-21,Grade 5,+19943472206,146
S03004,Lori Johnson,2009-02-16,Grade 5,+19489863421,-
S03005,Wendy Thompson,2017-06-12,Grade 3,+19332516375,1521
S03006,Kenneth Wilson,2017-03-08,Grade 3,-,-
S03007,Edgar Burton Jr.,2010-07-20,Grade 4,+15275107600,4217
S03008,George Williamson,2009-06-17,Grade 1,+13816774646,-
S03009,Theresa Fischer,2009-09-10,Grade 4,+18919285146,888
S03010,Vanessa Moran,2006-04-03,Grade 5,+13182014937,700
S03011,Christopher Stanley,2013-12-11,Grade 3,+16905314266,2796
S03012,Jeffrey Irwin,2008-07-26,Grade 1,+17713216647,522
S03013,Leonard Bird,2010-03-20,Grade 1,+19397664784,46601
S03014,Seth Villa,2010-03-28,Grade 4,+14053276278,-
S03015,David Glover,2018-08-03,Grade 4,+14574418238,45132
S03016,Dana Moore,2016-11-08,Grade 2,+13413067502,-
S03017,Ronald Williams,2012-03-07,Grade 5,+16899224255,-
S03018,Victoria Alexander Phd,2006-07-20,Grade 2,+14772945721,-
S03019,David Weeks,2015-04-04,Grade 1,+17318108951,2022
S03020,Andrew Zamora,2018-10-13,Grade 3,-,-
S03021,Kayla Wilson,2016-12-07,Grade 5,-,-
S03022,Jamie Miller,2006-08-18,Grade 1,+13652672846,505
S03023,Brandon Russell,2015-05-25,Grade 5,-,-
S03024,Danielle Ramirez,2006-04-03,Grade 2,+15462820002,75062
S03025,Donna Morris,2008-08-06,Grade 1,+19309783292,-
S03026,Jerome Wallace,2013-03-01,Grade 1,+12959583663,63886
S03027,Anthony Thompson,2019-01-29,Grade 5,+12254344131,-
S03028,Kathleen Mcdonald,2011-05-18,Grade 5,+13102024952,-
S03029,Robert Mccoy,2011-03-23,Grade 4,-,-
S03030,Tracy Morris,2011-04-14,Grade 3,+15395467117,-
S03031,Elizabeth Miller,2016-05-09,Grade 1,+18912111016,-
S03032,Stephanie Lin,2014-11-06,Grade 5,+12509380301,48545
S03033,Julia Klein,2014-12-14,Grade 3,+15063869835,61867
S03034,Michael Avila,2012-10-02,Grade 1,+13742881127,-
S03035,Michelle Stone,2017-10-10,Grade 2,+14416171291,-
S03036,Kelly Johnson,2012-11-14,Grade 1,+17155675115,4379
S03037,Calvin Morgan,2008-12-16,Grade 4,+18985313607,-
S03038,Scott Lucas,2018-07-24,Grade 1,+15315319388,435
S03039,Michael Jones,2015-08-19,Grade 1,+12458938237,-
S03040,Ronald Brown,2014-10-05,Grade 2,+12814965208,79178
S03041,Leslie Odonnell,2009-12-30,Grade 3,+15883315141,75175
S03042,Mindy Thompson,2014-05-17,Grade 4,+16024121166,73692
S03043,Scott Brewer,2008-09-24,Grade 5,+13607708522,4365
S03044,Jackie Owens,2018-07-12,Grade 2,+18989126448,0658
S03045,Eric Downs,2006-11-17,Grade 5,+14658646065,-
S03046,Rebecca Carlson,2006-12-19,Grade 4,+15465375353,03363
S03047,Jason Hill,2016-11-14,Grade 1,+13656682886,-
S03048,Kathy Hernandez,2018-11-17,Grade 1,+18815513647,4336
S03049,Sarah Gonzales,2008-12-07,Grade 5,+14156996810,-
S03050,Kim Hill,2017-04-22,Grade 3,+16736061977,-
S03051,Frances Hernandez,2013-08-31,Grade 5,+14648024571,992
S03052,Bradley Jacobs,2009-10-04,Grade 5,+14815910685,70970
S03053,Thomas Harmon,2019-01-10,Grade 5,+18189996340,2045
S03054,Brenda Jones,2013-03-03,Grade 1,+16767150859,-
S03055,Tara Buchanan,2006-10-23,Grade 4,+19622683303,1805
S03056,Brad Jacobs,2013-02-20,Grade 5,+17793323659,-
S03057,Sarah Hodge,2007-04-07,Grade 4,-,-
S03058,Julia Morales,2015-12-12,Grade 2,-,-
S03059,Kelly Taylor,2006-03-22,Grade 5,+19214657916,25931
S03060,Toni Williams,2009-11-11,Grade 1,+12677386416,3145
S03061,Heidi Cooley,2008-04-10,Grade 4,+16058148688,-
S03062,Audrey Jones,2009-05-23,Grade 5,+16345934093,359
S03063,Thomas Bean,2017-01-27,Grade 1,-,-
S03064,Bryan Pineda,2012-02-18,Grade 2,+19547161625,739
S03065,Joseph Campbell,2009-10-24,Grade 1,+17947455687,44430
S03066,Valerie Fowler,2016-09-16,Grade 5,+13938121875,713
S03067,Haley Hansen,2009-07-02,Grade 2,+12794173312,45794
S03068,Rebecca Brock,2008-04-11,Grade 1,+14393017859,-
S03069,Michael Lewis,2015-08-01,Grade 4,+13692690328,-
S03070,Nicholas Carpenter,2007-02-19,Grade 2,+19477517772,5568
S03071,Jacob Gardner,2008-07-23,Grade 5,+17346336100,91182
S03072,Linda Kerr,2011-10-22,Grade 1,+15904598334,552
S03073,Kathy Anderson,2006-08-19,Grade 2,+16073755297,-
S03074,Madison Garcia,2018-09-02,Grade 5,+14017125867,8184
S03075,Paul Morris,2010-10-18,Grade 3,+12103395141,-
S03076,Jackson Flores,2015-05-15,Grade 4,+13054918018,130
S03077,Glenn Andrews,2012-06-02,Grade 5,+13684186519,5607
S03078,Amber Lang,2014-05-14,Grade 2,+18642062116,52022
S03079,Samuel Hardy,2014-07-18,Grade 1,+14353677585,-
S03080,Corey Hernandez,2008-11-18,Grade 4,+15562948328,-
S03081,Andrew Miller,2007-11-04,Grade 4,+19926544602,-
S03082,Jamie Bauer,2009-12-22,Grade 4,+15136437165,-
S03083,John Montes,2010-01-02,Grade 3,+18335204870,04959
S03084,Shawn Smith,2012-05-15,Grade 4,+15376848026,04638
S03085,Lisa Molina,2012-05-23,Grade 5,+14294025458,-
S03086,Gregory Taylor,2013-08-05,Grade 3,-,-
S03087,Jill King,2011-12-05,Grade 4,+16236083935,127
S03088,Mary Bird,2016-07-17,Grade 3,+14859465978,51683
S03089,Jonathon Price,2008-03-22,Grade 1,+13309880335,079
S03090,Richard Wiley,2007-05-03,Grade 5,+14913783422,-
S03091,Chad Robinson,2009-04-11,Grade 3,+19029935925,-
S03092,Rick Mcdonald,2018-05-06,Grade 4,+17616032888,505
S03093,Gail Martinez,2009-11-09,Grade 3,+17366352728,41836
S03094,Stephen Brown,2013-12-07,Grade 4,+14807796568,-
S03095,Cristian Campbell,2011-03-05,Grade 2,+18574704178,88706
S03096,Diana Baird,2010-08-06,Grade 1,+12449934875,-
S03097,Jennifer Mitchell,2018-12-02,Grade 4,+13375313488,32302
S03098,Jessica Thompson,2018-06-24,Grade 4,+13184229585,8423
S03099,Mark White,2014-06-01,Grade 4,+17678372294,18708
S03100,Jose Vincent,2006-08-13,Grade 2,+19013637513,815
S03101,Melissa Smith,2006-06-11,Grade 5,+18598696237,1483
S03102,Sandra Ford,2014-08-02,Grade 4,+18918695678,26744
S03103,Andrew Foster,2017-06-13,Grade 3,+16492105384,-
S03104,Charles Jones,2015-12-20,Grade 1,+13704479280,-
S03105,Randy Lewis,2014-01-29,Grade 5,+15667964307,-
S03106,Deborah Patton,2017-04-08,Grade 3,+12629767903,-
S03107,Rachel Barker,2018-09-09,Grade 5,+16287144665,945
S03108,Kelly Smith,2018-03-17,Grade 5,+14852073046,-
S03109,Michael Hendricks,2012-12-31,Grade 1,+17087638854,-
S03110,Julie Hill,2010-03-14,Grade 5,+15069580834,-
S03111,Sydney Leblanc,2013-06-19,Grade 1,+16614836190,904
S03112,Kaylee Moore,2017-05-04,Grade 4,+15699031957,-
S03113,Cheryl Ramirez,2011-08-12,Grade 3,+17599716498,-
S03114,Mikayla Carter,2006-12-24,Grade 3,+17878512253,56416
S03115,Ross Lynn,2016-02-25,Grade 2,+15918012528,-
S03116,Kara Taylor,2008-10-09,Grade 5,+18502225146,-
S03117,Joann Jordan,2017-02-12,Grade 3,+17872769637,929
S03118,Lauren Webster,2011-09-13,Grade 3,+17537193065,2742
S03119,Danielle Allen,2018-11-11,Grade 3,+15547061218,495
S03120,Sarah Browning,2009-03-17,Grade 5,+18515449965,-
S03121,Aaron Elliott,2018-10-17,Grade 4,+19804807311,866
S03122,Katherine Gutierrez,2009-10-11,Grade 3,+12629239402,280
S03123,Robin Snyder,2012-04-27,Grade 1,+18068667875,04297
S03124,Roberta Sanchez,2007-08-11,Grade 4,+15228802300,-
S03125,Tyler Valencia,2011-10-14,Grade 1,+12082524640,-
S03126,Joe Dunn,2010-05-23,Grade 3,+12102289676,9840
S03127,Tyler Floyd,2013-02-25,Grade 5,+13912352595,45595
S03128,Allison Villanueva,2017-05-10,Grade 4,+19512686492,63809
S03129,Erica Watson,2008-11-01,Grade 2,+19405990450,-
S03130,Julie Mills,2012-01-18,Grade 4,+18034345306,861
S03131,Manuel Smith,2018-04-09,Grade 2,+16127790430,3496
S03132,Kayla Garza,2014-03-24,Grade 1,-,-
S03133,Gabriel Brown,2017-03-12,Grade 5,+19815714787,85308
S03134,Marissa Howe,2014-12-03,Grade 1,+17498775632,-
S03135,Ryan Santos,2012-08-22,Grade 1,+19766417205,391
S03136,Deanna Delacruz,2015-11-23,Grade 5,+17618108215,457
S03137,Elizabeth Young,2010-05-07,Grade 1,+15332094762,-
S03138,Michael Navarro,2008-04-04,Grade 5,+14968545040,78853
S03139,Tiffany Burns,2014-07-11,Grade 4,+14068039198,168
S03140,Brian Daniels,2013-04-19,Grade 2,+17196235298,-
S03141,Lori Murphy,2008-06-21,Grade 2,+15217179568,00531
S03142,Susan Gonzalez,2017-12-21,Grade 2,+15184577554,4477
S03143,Bethany West,2018-09-06,Grade 1,+18929902223,668
S03144,Courtney Alexander,2009-11-13,Grade 1,+18535249140,-
S03145,Mark Lewis,2016-12-22,Grade 1,+15212264132,45626
S03146,Manuel Blake,2014-02-02,Grade 3,+17765583207,-
S03147,Brian Thornton,2013-07-21,Grade 1,+15525833372,3982
S03148,Amber Taylor,2018-05-15,Grade 3,+18497346457,122
S03149,Dennis Hampton,2009-12-02,Grade 3,-,-
S03150,Tina Cooley,2019-02-04,Grade 4,+12662429838,38961
S03151,Sally Yang,2009-11-09,Grade 1,+14644606970,70317
S03152,Jacqueline Mills,2014-04-07,Grade 1,+16576083628,-
S03153,Cynthia Martin,2018-07-03,Grade 2,+17772773423,487
S03154,Tracy Clark,2013-04-24,Grade 5,+13824656942,-
S03155,Michelle Hansen,2014-02-22,Grade 2,+13555803379,578
S03156,Nathaniel Torres Dds,2009-06-07,Grade 1,+15463929861,8300
S03157,Anthony Greer,2013-06-03,Grade 1,+18779074209,90231
S03158,Joanna Morales,2007-03-16,Grade 4,+17544299796,069
S03159,Jenna Matthews,2013-03-06,Grade 5,+13505396681,63821
S03160,Steven Smith,2007-09-08,Grade 2,+19723269002,41301
S03161,Joshua Wright,2017-03-28,Grade 4,+16643961040,-
S03162,Angela Medina,2011-01-30,Grade 5,+13937659554,390
S03163,David Richardson,2014-01-19,Grade 3,+14342211026,7386
S03164,Wendy Horne,2006-05-29,Grade 3,+17817279014,-
S03165,George Brown,2009-01-14,Grade 5,+17594451952,51442
S03166,Stacie Campbell,2012-11-29,Grade 2,+12643888485,346
S03167,Jonathan Waters,2013-07-30,Grade 5,+12245064424,569
S03168,Derek Bailey,2014-02-17,Grade 1,+17635674594,596
S03169,Amanda Aguilar,2012-02-29,Grade 2,+19516641832,40036
S03170,Gabriel Mcgrath,2017-04-22,Grade 3,+13073076892,989
S03171,Jason Fowler,2014-12-19,Grade 1,+14067975992,-
S03172,Dr. Jack Gonzalez,2019-02-24,Grade 3,+18662640770,-
S03173,Jamie Vaughn,2008-12-25,Grade 2,+12428479108,2180
S03174,Danny Johnson,2006-04-19,Grade 4,+13913506508,-
S03175,Angela Harris,2012-06-01,Grade 5,+17569612358,06168
S03176,Ronald Boyd Dds,2012-06-17,Grade 2,+18912234398,68827
S03177,Tammy Austin,2016-01-21,Grade 3,+13557065466,-
S03178,Jeffrey Velazquez,2006-05-24,Grade 3,+16829454718,1101
S03179,Matthew Cox,2006-04-26,Grade 5,+18754738274,807
S03180,Andrew Myers,2015-01-18,Grade 2,+18016642966,-
S03181,Joseph Greene,2012-01-09,Grade 4,+19529894805,-
S03182,John Henderson,2012-12-22,Grade 2,+15249703077,-
S03183,Raymond Mitchell,2010-11-21,Grade 2,+19186949923,52881
S03184,Blake Hill,2014-08-01,Grade 3,+16207952997,7726
S03185,Eric Logan,2010-04-07,Grade 5,+12254068321,847
S03186,Jamie Gray,2013-11-18,Grade 4,+18622827441,33545
S03187,Michael James,2009-05-20,Grade 1,+17767825318,-
S03188,Adam Williams,2015-12-15,Grade 1,+16406271589,81690
S03189,Elizabeth Chang,2007-08-06,Grade 3,+18072684752,27707
S03190,Kimberly Clark,2018-08-20,Grade 2,+18512107911,133
S03191,Deborah Hill,2009-03-29,Grade 4,-,-
S03192,Phillip Mccall,2008-07-24,Grade 3,+15282742670,-
S03193,Alfred Flowers,2008-01-26,Grade 4,+17352083345,197
S03194,Katherine Gutierrez,2007-10-26,Grade 2,+15758956307,6810
S03195,Matthew Graves,2015-03-31,Grade 3,+15968785720,1739
S03196,George Vazquez,2018-07-27,Grade 4,+12865159612,3584
S03197,Joshua Jenkins,2013-05-13,Grade 2,+19327808146,-
S03198,Daniel Sawyer,2011-01-25,Grade 3,+14366611072,065
S03199,Christopher Baker,2008-08-18,Grade 5,+16167245127,-
S03200,Doris Jones,2011-10-11,Grade 1,+12807148469,337
S03201,John Lyons,2016-07-22,Grade 1,+12977852435,00056
S03202,David Blankenship,2008-01-11,Grade 2,+13729129806,6152
S03203,Nathan Garner,2019-01-28,Grade 1,+19876033253,236
S03204,Andrew Buchanan,2008-09-27,Grade 2,+12173351685,412
S03205,Joseph Peters,2015-09-14,Grade 3,+13075458705,90999
S03206,Daniel Reynolds,2017-06-16,Grade 1,+14835964392,-
S03207,Robert Williamson,2016-07-12,Grade 3,+16596319325,-
S03208,Justin Becker,2016-12-31,Grade 4,+19673755750,96988
S03209,Jasmine Brady,2011-09-09,Grade 4,+14705187909,-
S03210,Holly Poole,2015-02-18,Grade 2,+18554323184,386
S03211,Debbie Hodge,2011-11-19,Grade 2,+19214020316,-
S03212,Tiffany Hall,2011-02-18,Grade 4,+19006610923,223
S03213,Aaron Lara,2011-02-01,Grade 5,+13117498273,-
S03214,Douglas Williams,2009-01-29,Grade 5,+13572879832,73476
S03215,Dr. Julie Davis,2008-10-02,Grade 1,+17537401061,558
S03216,Robert Phillips,2009-09-24,Grade 1,+18224446109,-
S03217,Diane Nichols,2010-02-26,Grade 4,+15953264729,2776
S03218,Mr. Alexander Rosario,2016-04-06,Grade 4,+15628146359,466
S03219,Kim Miles,2014-05-30,Grade 1,+13664388611,-
S03220,Steve Henderson,2013-08-06,Grade 5,+16614093076,393
S03221,Jamie Hester,2014-04-19,Grade 4,+19893130721,7408
S03222,Tracy Hobbs,2007-10-30,Grade 2,+16053116110,669
S03223,Julia Garrett,2014-04-10,Grade 2,+18869840658,-
S03224,Gregory Evans,2013-05-18,Grade 4,+19138046774,277
S03225,Lauren Rhodes,2018-04-03,Grade 1,+13857323267,060
S03226,Jack Johnson,2012-11-23,Grade 5,-,-
S03227,Kathy Chaney,2017-03-17,Grade 1,+14614629169,-
S03228,Mary Carter,2012-08-30,Grade 4,+14952408174,4171
S03229,Kathryn Gonzalez,2015-02-04,Grade 1,+16276281621,151
S03230,Zachary Moore,2012-07-30,Grade 4,+19429816724,782
S03231,Teresa Harrell,2017-03-05,Grade 5,+14398209832,-
S03232,Adriana Silva,2014-11-18,Grade 5,+15144806040,0827
S03233,Whitney Lopez,2011-12-03,Grade 4,+19673845292,526
S03234,Janice Mcgee,2016-11-25,Grade 2,+18177614307,-
S03235,Dana Brooks,2006-07-22,Grade 3,-,-
S03236,Gabriel Frye,2013-04-05,Grade 3,+17346483455,-
S03237,Zachary Tanner,2009-08-12,Grade 3,+17767330340,63822
S03238,Michelle Osborne,2012-05-13,Grade 3,+17167555260,-
S03239,Joseph James,2008-03-14,Grade 2,+19512025847,-
S03240,Chelsey Short,2009-01-19,Grade 2,+15684726654,-
S03241,Tiffany Brown,2008-08-23,Grade 5,+12327723194,-
S03242,Mary Andrews,2012-11-21,Grade 5,+16688975341,-
S03243,Jason West,2015-01-03,Grade 4,-,-
S03244,Terri Willis,2014-07-13,Grade 1,+17374482991,-
S03245,Jason Jenkins,2008-01-19,Grade 1,+19567483361,587
S03246,Pamela Schmidt,2013-11-21,Grade 3,+13644124883,-
S03247,Tammie Hopkins,2017-09-26,Grade 3,+18916117901,40872
S03248,Susan Griffith,2011-06-10,Grade 5,+13738859938,-
S03249,Daniel Rush,2007-04-24,Grade 2,+17916071763,26548
S03250,Ashley Olsen,2014-11-19,Grade 1,+13089824095,737
S03251,Anna Maldonado,2006-12-20,Grade 2,+16805835402,-
S03252,Jennifer Garner,2015-04-06,Grade 3,+12176382344,-
S03253,Denise Wagner,2012-07-24,Grade 2,+13987078461,110
S03254,Andrew Bailey,2009-06-25,Grade 1,+12744115643,-
S03255,Janet Mitchell,2016-12-19,Grade 5,+15298672255,021
S03256,Brittany Peterson,2006-09-13,Grade 2,+16227441397,2449
S03257,Lindsey Lee,2017-03-21,Grade 2,+18612256271,037
S03258,Nicholas Young,2015-02-02,Grade 1,+16109772531,-
S03259,Cynthia Walker,2015-05-30,Grade 4,+18698229828,7473
S03260,Bryan Butler,2012-02-10,Grade 4,+14532599544,096
S03261,Robert Sullivan,2014-05-29,Grade 4,+12154440021,-
S03262,Janice Jones,2014-06-17,Grade 5,+14883775281,853
S03263,Amy Andrade,2007-06-23,Grade 1,+18203324839,3692
S03264,Robert Scott,2008-03-28,Grade 5,+14337736848,-
S03265,Andrew Lopez,2015-11-26,Grade 1,+18775388529,57554
S03266,Stephen Wilson,2006-12-28,Grade 1,+12208688849,997
S03267,Monica Smith,2017-06-25,Grade 1,+18829631789,4286
S03268,Erica Zuniga,2015-01-16,Grade 4,+19852736680,-
S03269,Ashley May,2008-12-17,Grade 1,+19122684261,-
S03270,Rebecca Weaver,2007-10-28,Grade 1,+18589850795,-
S03271,Miguel Wade,2007-02-05,Grade 4,+12876455884,-
S03272,Ashley Johnson,2011-07-06,Grade 2,+16855757769,-
S03273,Terry Matthews,2007-06-06,Grade 2,-,-
S03274,Caitlin Thompson,2018-01-21,Grade 3,+15822658025,5802
S03275,Holly Dennis,2018-07-17,Grade 2,+16417796448,-
S03276,Dustin Wells,2018-06-28,Grade 4,+13142205809,-
S03277,Ana Wong,2011-09-07,Grade 3,+19402122331,-
S03278,Alex Chen,2015-01-08,Grade 1,+14903014745,129
S03279,Amy Hodges,2006-12-15,Grade 4,+12958090722,050
S03280,Laura Rodriguez,2013-05-12,Grade 4,-,-
S03281,Matthew Conner,2008-02-29,Grade 4,+17375751927,570
S03282,Roberta Mills,2009-02-13,Grade 3,+16796677158,4252
S03283,Edward Jacobson,2006-12-21,Grade 5,+15986901783,688
S03284,Michelle Wright,2018-11-30,Grade 4,+12367370709,-
S03285,Mrs. Emily Evans,2018-02-18,Grade 5,+16627013163,653
S03286,Natalie Kennedy,2010-01-27,Grade 4,+12928180442,-
S03287,Julia Jones,2006-05-28,Grade 4,+17506696975,-
S03288,Michelle Kelley,2012-03-13,Grade 5,+13785424499,-
S03289,Mr. Alejandro Gross Jr.,2012-04-07,Grade 3,+17162727684,-
S03290,Laurie Miller,2016-09-03,Grade 4,+15378965990,49409
S03291,James Brown,2007-04-21,Grade 2,-,-
S03292,Richard Quinn,2009-10-03,Grade 2,+17795919274,62474
S03293,Karina Higgins,2014-09-19,Grade 4,+15325152948,55225
S03294,Jonathan Horne,2009-01-31,Grade 5,+17465113152,13995
S03295,Matthew Burns,2006-06-18,Grade 4,+14112769055,-
S03296,Alicia Guzman,2014-07-17,Grade 4,+15852054965,173
S03297,Kevin Kennedy,2016-03-26,Grade 5,+12822425745,-
S03298,Judy Sullivan,2008-04-01,Grade 5,+18762022383,93622
S03299,Samantha Hunt,2015-11-13,Grade 5,+13464087108,-
S03300,Ryan Coleman,2012-09-24,Grade 4,+13573825956,-
S03301,Ruth White,2013-03-18,Grade 1,+18508539028,-
S03302,Carrie Patterson,2015-01-28,Grade 5,+12318791456,8119
S03303,Daniel Mills,2006-09-28,Grade 1,+15984078084,-
S03304,Jamie Patton,2008-01-24,Grade 5,+18636413253,449
S03305,Gregory Schneider,2017-06-23,Grade 3,+12999684240,-
S03306,Desiree Morales,2014-06-04,Grade 2,+18278093725,-
S03307,Shawn Bowers,2018-01-19,Grade 2,+19366183093,31510
S03308,Allen West,2016-04-14,Grade 2,+16555558067,-
S03309,Wendy Fowler,2010-12-31,Grade 1,+12695445422,603
S03310,Sherry Taylor,2008-04-29,Grade 4,+18133815142,-
S03311,Nicole Hampton,2012-02-16,Grade 4,+15215472667,4550
S03312,Devin Cameron,2008-03-27,Grade 5,+12718751940,-
S03313,Laura Perez,2014-12-17,Grade 5,+16966575748,30164
S03314,Mary Hodges,2008-03-28,Grade 4,+19159328278,392
S03315,Peggy Brown,2013-06-21,Grade 2,+16862858254,-
S03316,Jonathan Lambert,2015-05-02,Grade 2,+16254405923,244
S03317,Richard Rowe,2013-08-11,Grade 2,+19692894138,4037
S03318,Sarah Ford,2010-03-05,Grade 4,+13792074337,-
S03319,Christine Bernard,2012-03-03,Grade 3,+17615161468,-
S03320,Jessica Curtis,2015-09-29,Grade 4,+18393899775,954
S03321,Rebekah Cobb,2017-08-10,Grade 2,+13069044287,98119
S03322,Gregg Clements,2012-06-26,Grade 5,+14227918325,5318
S03323,Mark Barnett,2011-07-16,Grade 4,+18703026780,16716
S03324,James Cruz,2006-06-12,Grade 3,+13496085484,61359
S03325,Kimberly Martinez,2012-01-02,Grade 3,+13409333577,9734
S03326,Brittany Baker,2012-10-29,Grade 1,+12008314670,-
S03327,Patricia Fernandez,2009-12-05,Grade 4,+12135967908,-
S03328,Thomas Savage,2007-07-03,Grade 3,+17168530122,-
S03329,Cindy Fisher,2016-05-21,Grade 1,+16909892297,-
S03330,Tanner Webb,2012-07-31,Grade 1,+19187835090,-
S03331,Andrea Yates,2009-11-11,Grade 2,+17095276447,-
S03332,Robert Faulkner,2016-10-22,Grade 1,+18798716105,83491
S03333,Jeffrey Randolph,2014-08-04,Grade 1,+17082062337,52984
S03334,Randy Schultz,2008-06-02,Grade 3,+12006978386,4493
S03335,Sarah Flores,2016-08-30,Grade 5,+16504100674,-
S03336,Dustin Ward,2013-02-21,Grade 1,-,-
S03337,Kristen Torres,2008-06-09,Grade 3,+14209032576,-
S03338,James Alexander,2017-08-04,Grade 4,+19919797547,97535
S03339,Tara Grimes,2014-12-20,Grade 1,+13998587684,07871
S03340,Kimberly Shields,2014-02-28,Grade 3,+14227841983,-
S03341,Mr. Christopher Carpenter,2008-08-09,Grade 2,+12532109318,924
S03342,Mary Hammond,2014-02-14,Grade 5,+12222602398,506
S03343,Jason Rose,2010-04-22,Grade 5,+15252001084,0437
S03344,Erica Watson,2015-11-17,Grade 1,-,-
S03345,Angela Navarro,2009-01-31,Grade 4,+15713608760,0850
S03346,Erica Johnson,2010-09-24,Grade 2,+15958124862,-
S03347,Mark Bray,2017-05-03,Grade 1,+12183882914,-
S03348,Sara Wells,2015-04-18,Grade 2,+13845218597,-
S03349,Daniel Clark,2013-02-18,Grade 1,+16574934940,3307
S03350,Dana Garcia,2010-11-08,Grade 1,+16036773051,9429
S03351,James Burch,2015-09-15,Grade 3,+18797395976,9749
S03352,Nicole Garcia,2014-09-06,Grade 1,+12947944313,69141
S03353,George Todd,2016-11-15,Grade 2,+19294921257,710
S03354,Jessica Morrison,2006-08-24,Grade 3,+19538411765,240
S03355,Mark Doyle,2016-05-29,Grade 1,+16493779895,-
S03356,Dana Atkinson,2015-12-31,Grade 1,+19024317248,-
S03357,Darin Lewis,2006-11-19,Grade 5,+18585242246,922
S03358,Mark Roach,2014-02-16,Grade 5,+18777377937,030
S03359,Lindsey Martinez,2015-06-05,Grade 3,+17269168599,1335
S03360,Corey Santos,2010-10-20,Grade 4,+19936629512,29800
S03361,Ernest Moore,2011-08-09,Grade 1,+12782798177,-
S03362,Robert Martin,2019-01-09,Grade 5,+14108193908,-
S03363,Colleen Mcpherson,2015-03-12,Grade 1,+19349086145,-
S03364,Michael Cardenas,2017-10-30,Grade 4,+16216335193,884
S03365,Jessica Sanders,2014-05-18,Grade 4,+19423210700,1448
S03366,Robert Buchanan,2006-12-14,Grade 1,+17247349082,-
S03367,Chelsea Gaines,2007-03-12,Grade 2,+19884366147,-
S03368,Angela May,2006-06-16,Grade 1,+16699423208,-
S03369,Christine Glover,2015-07-02,Grade 5,+18167593544,24410
S03370,Rachel Bell,2016-03-27,Grade 3,+16239094004,19044
S03371,Ashley Edwards,2006-04-20,Grade 1,+19478294172,-
S03372,Michele Johnson,2013-03-17,Grade 1,+18403777087,-
S03373,Jeanette Morgan,2018-10-18,Grade 4,+15694087709,55080
S03374,William Meyer,2010-06-08,Grade 3,+13494883484,-
S03375,Mrs. Stephanie Ramirez,2011-06-02,Grade 1,+12774319576,-
S03376,Amanda Simpson,2006-11-18,Grade 5,+16778586223,462
S03377,Shane Landry,2012-04-21,Grade 5,+17796542004,-
S03378,Nicholas Snyder,2015-02-26,Grade 5,+19632928185,174
S03379,Jordan Klein,2012-07-30,Grade 4,+15338878810,539
S03380,Carolyn Garcia,2008-11-22,Grade 5,+15914878569,379
S03381,Karen Kennedy,2013-03-11,Grade 3,+17175534996,-
S03382,Kimberly Fields,2016-05-30,Grade 5,+13894955601,532
S03383,Holly Calderon,2018-03-12,Grade 4,+19663964242,-
S03384,Shane Collins,2013-12-19,Grade 1,+13675334135,00703
S03385,Christopher Jones,2009-06-26,Grade 3,+15294903871,0817
S03386,Michael Skinner,2016-03-22,Grade 5,+18817930332,-
S03387,Andrew Clark,2008-01-17,Grade 2,+19173103916,521
S03388,Scott Hancock,2018-02-16,Grade 4,+19893534120,94539
S03389,Kathleen Jackson,2012-09-04,Grade 2,+16878061222,-
S03390,Nicole Richardson,2013-11-09,Grade 3,+18685223410,14065
S03391,Amanda Holmes,2007-09-09,Grade 1,+14332632038,4706
S03392,James Reyes,2007-11-07,Grade 4,+18153572072,-
S03393,Haley Peters,2006-06-13,Grade 2,+16034818695,-
S03394,Casey Smith,2014-12-08,Grade 1,+17496241036,98803
S03395,Candice Roberts,2013-05-29,Grade 2,+12005474702,78558
S03396,Renee Mason,2014-08-14,Grade 4,+16435864568,9946
S03397,Danielle Thornton,2006-07-24,Grade 2,+14348955299,33457
S03398,Dana Campbell,2010-08-31,Grade 4,+16335324869,486
S03399,Brian Lynn,2014-01-25,Grade 3,+16606126357,-
S03400,Sean Cohen,2014-06-26,Grade 5,+13923453313,54946
S03401,Jeremy Phillips,2007-03-23,Grade 4,+14915376873,969
S03402,Ashley Ramirez,2009-10-07,Grade 4,+17329682845,5589
S03403,Mitchell Norris,2006-09-28,Grade 3,+15593966453,-
S03404,Stephanie Cannon,2009-01-16,Grade 3,+12207435045,-
S03405,Lee Hill,2012-05-04,Grade 1,+16033266102,-
S03406,Cynthia Krueger,2014-01-31,Grade 4,+12997380095,1945
S03407,Kevin Johnson,2010-07-30,Grade 2,+16833400867,556
S03408,Michelle Holmes,2015-05-18,Grade 2,+18795522881,17885
S03409,Eric Johns,2011-06-10,Grade 1,+17392200572,961
S03410,Crystal Mccarty,2018-01-13,Grade 1,+16407066128,961
S03411,Jose Stewart,2010-05-27,Grade 4,+19528656827,1840
S03412,Robert Jacobson,2008-05-26,Grade 5,+12534378678,69687
S03413,Laura Burke,2016-08-26,Grade 2,+12343148498,707
S03414,Alexandria Love,2006-11-23,Grade 4,+12034864349,68425
S03415,Lucas Wood,2014-04-04,Grade 3,+15116307144,951
S03416,Julia Zimmerman,2010-03-09,Grade 4,+18128159413,376
S03417,Jeffrey Spencer,2015-02-17,Grade 1,+14039856349,-
S03418,Julie Ochoa,2016-11-17,Grade 2,+15044796621,6173
S03419,Jesse Petty,2015-11-17,Grade 1,+12578238528,-
S03420,Joshua Fernandez,2006-11-13,Grade 5,+15243805484,-
S03421,Alexandria Andrews,2010-07-13,Grade 1,+12424325564,-
S03422,Autumn Martinez,2012-01-13,Grade 1,+15852917106,226
S03423,Raymond Myers,2010-11-28,Grade 2,+16784631314,-
S03424,Cheryl Morales,2014-12-15,Grade 1,+16388026193,-
S03425,Austin Ramos,2017-07-03,Grade 3,+18157121663,93620
S03426,Benjamin Maldonado,2008-05-12,Grade 1,+14114274634,8310
S03427,Robert Lawrence,2019-01-02,Grade 2,+12785930030,6606
S03428,David Taylor,2013-04-11,Grade 2,+13532289841,529
S03429,Nicole Dyer,2017-09-17,Grade 3,+12235043902,-
S03430,Sandra Freeman,2007-05-14,Grade 2,+16427619770,-
S03431,Sean Wood,2015-04-16,Grade 1,+18804180204,0504
S03432,Megan Morrison,2016-07-30,Grade 5,+16232841967,-
S03433,Victoria Garza,2006-09-20,Grade 5,+13596143973,-
S03434,Priscilla Rodriguez,2006-10-20,Grade 1,+12086702086,19467
S03435,Brian Diaz,2016-12-29,Grade 4,+12212247242,7565
S03436,Raymond Russell,2006-08-21,Grade 2,+19237355865,-
S03437,Lindsey Weber,2008-01-03,Grade 4,+16859705262,-
S03438,Brenda Simpson,2009-12-23,Grade 5,+12952041417,-
S03439,Lucas Daniels,2012-02-28,Grade 4,+12484039970,49584
S03440,Bobby Mooney,2013-03-04,Grade 3,+14069953987,7147
S03441,Nicholas Taylor,2014-10-06,Grade 4,+17612385645,244
S03442,Nicholas Flores,2006-11-02,Grade 5,+14662218046,-
S03443,Karen Patton,2010-06-18,Grade 1,+14288537078,-
S03444,Andrea Wright,2012-12-24,Grade 4,+12104427441,-
S03445,Jesus Phillips,2008-10-14,Grade 1,+14103065254,-
S03446,Katherine Smith,2013-08-07,Grade 1,+18546427493,-
S03447,Daniel Lopez,2014-11-12,Grade 4,+12099690879,7881
S03448,Joan Jensen,2014-09-18,Grade 2,+19587629597,-
S03449,Megan Gibson,2010-06-20,Grade 1,+13758853779,38017
S03450,Mark Myers,2018-04-19,Grade 4,+12418976405,02222
S03451,Antonio Brown,2015-09-20,Grade 2,+12748922645,-
S03452,Amanda Hubbard,2013-01-17,Grade 5,-,-
S03453,Michael Weiss,2016-12-20,Grade 1,+15569092903,-
S03454,Sean Dean,2013-05-11,Grade 3,+17469044901,730
S03455,Timothy Woodard,2017-03-18,Grade 4,+18357483888,33053
S03456,Chelsea Brown,2017-10-14,Grade 1,+19662226712,-
S03457,Jonathan Washington,2012-03-15,Grade 5,+15808572175,-
S03458,Garrett Kim,2017-04-26,Grade 5,+16725254287,64920
S03459,Andrew Ewing,2018-07-30,Grade 5,+15874815758,268
S03460,Emily Marsh,2018-05-22,Grade 3,+12577106434,54688
S03461,Pam Miller,2015-02-09,Grade 2,+19125320339,-
S03462,Steven Berger,2011-02-25,Grade 4,+12923961920,58967
S03463,Joseph Bradshaw,2014-04-25,Grade 2,+13222485521,6995
S03464,Lindsey Parker,2014-06-02,Grade 3,+17719647776,-
S03465,Jason Reese,2015-08-31,Grade 5,+17166278031,7107
S03466,Keith Allen,2011-11-28,Grade 4,+12573331763,-
S03467,Alyssa Oliver,2012-03-11,Grade 5,+13915255542,5239
S03468,Brandon Gomez,2018-11-23,Grade 2,+15012517299,295
S03469,Renee Perez,2018-06-14,Grade 3,+13896271739,-
S03470,Phillip Torres,2010-05-11,Grade 3,+17257203757,-
S03471,Justin Elliott,2015-12-15,Grade 4,+19776497518,-
S03472,Noah Wilson,2011-07-11,Grade 2,+17007966698,013
S03473,Scott Simmons,2010-07-13,Grade 5,+17627739995,77448
S03474,Michelle Glenn,2010-11-25,Grade 1,+19937277767,7766
S03475,Justin Alexander,2014-06-06,Grade 3,+14607447281,-
S03476,Natalie Tran,2013-12-09,Grade 3,+18594796590,-
S03477,Jacob Waters,2012-12-17,Grade 3,+13452561750,1669
S03478,Gail Weeks,2017-03-27,Grade 5,+14507521790,19911
S03479,Richard Park,2008-10-27,Grade 4,-,-
S03480,Kevin Montgomery,2017-12-08,Grade 4,+19167991315,-
S03481,David Khan,2012-10-14,Grade 2,+14159181021,7368
S03482,Ryan Mccoy,2009-07-15,Grade 5,+12402441607,9843
S03483,Melissa Garza,2014-10-17,Grade 4,+14295080189,010
S03484,Kenneth Gallegos,2017-12-29,Grade 1,+18486534445,12803
S03485,Sophia Deleon,2016-09-07,Grade 4,+19494671477,225
S03486,Marcus Johnston,2010-10-19,Grade 1,-,-
S03487,Robert Lowery,2012-05-12,Grade 5,+19929008083,656
S03488,Jaime Burke,2018-02-13,Grade 1,+18328972683,-
S03489,Norman Payne,2015-01-30,Grade 5,+12766800801,864
S03490,Jeffrey Gomez,2015-05-16,Grade 3,+16082335806,4456
S03491,Danielle Torres,2010-08-03,Grade 5,+18179959449,09983
S03492,Robert Ramos,2016-10-17,Grade 5,+15682691077,9743
S03493,Meghan Martinez,2009-09-20,Grade 2,+13785269463,7093
S03494,Jeffrey Robinson,2016-04-01,Grade 5,+17933138188,561
S03495,Justin Jarvis,2008-07-11,Grade 3,+12759934201,-
S03496,Anna Becker,2016-04-18,Grade 5,+14649252503,85898
S03497,Roberta Bush,2012-12-20,Grade 3,+17977665422,-
S03498,Brenda Gonzalez,2008-07-01,Grade 4,+14932669079,-
S03499,Michael Wu,2013-04-17,Grade 2,+14848031147,19181
S03500,Rhonda Klein,2016-07-07,Grade 2,+17738975594,-
S03501,Jeremy Gonzalez,2013-01-16,Grade 3,+13514126006,20568
S03502,Elaine Smith,2007-04-01,Grade 2,+15453964465,19942
S03503,Rebecca Watson,2013-12-21,Grade 2,+14139949635,-
S03504,Christopher Thompson,2018-11-08,Grade 1,+13535049891,-
S03505,Amanda Cervantes,2017-06-18,Grade 5,+16927715060,354
S03506,Ashley Fischer,2012-12-11,Grade 3,+15252541820,413
S03507,Cynthia David,2006-12-30,Grade 1,+16509445627,7880
S03508,Mark Galloway,2007-05-02,Grade 2,+12907497541,51837
S03509,Stephen Pierce,2016-05-22,Grade 1,+17092322641,435
S03510,Adriana Butler,2016-07-30,Grade 4,+15368663036,6922
S03511,Karen Vaughan,2013-10-29,Grade 1,+19852972945,-
S03512,Christopher Brown,2015-06-25,Grade 5,-,-
S03513,David Thompson,2008-07-27,Grade 2,+19928248678,041
S03514,Brandon White,2014-08-26,Grade 1,+12889291878,4026
S03515,Hannah Lewis,2018-07-22,Grade 5,+17228545204,9428
S03516,Gary Rodriguez,2007-01-08,Grade 3,+17844567467,-
S03517,Amber Brooks,2016-09-22,Grade 1,+14565029655,08087
S03518,Christopher Good,2010-10-12,Grade 4,+16929875830,-
S03519,Kevin Solis,2006-12-15,Grade 4,+15909434577,-
S03520,Spencer Baker,2007-07-22,Grade 1,+18002150143,6265
S03521,Martin Taylor,2018-03-26,Grade 1,+14744606135,-
S03522,David Willis,2011-06-14,Grade 3,+19216490878,95230
S03523,Jesse Perry,2015-05-16,Grade 3,+14857654748,-
S03524,Sergio Klein,2007-02-18,Grade 5,+16687798601,-
S03525,Jessica Butler,2009-01-26,Grade 1,+12508071851,6649
S03526,James Smith,2010-07-11,Grade 4,+14839575181,5094
S03527,Robert Morgan,2015-11-25,Grade 5,+17876731810,41785
S03528,Jeffrey Whitehead,2011-01-28,Grade 5,-,-
S03529,Frank Carter,2008-12-23,Grade 5,+16178371561,15008
S03530,Rebecca Christian,2011-09-06,Grade 2,+19192266577,-
S03531,Miranda Myers,2016-09-19,Grade 1,+14112416669,-
S03532,Susan Rivas,2018-02-06,Grade 3,+12737871650,-
S03533,Ashley Williams,2016-02-01,Grade 1,+14837973792,947
S03534,Seth Rosales,2012-03-12,Grade 5,+14326926513,2708
S03535,Jennifer Webb,2007-05-04,Grade 5,+17023398602,-
S03536,Robert Clarke,2011-08-01,Grade 1,+18545827926,-
S03537,Gregory James,2018-12-23,Grade 3,+12152472441,7487
S03538,Tiffany David,2008-04-15,Grade 5,+14602220379,-
S03539,Micheal Brown,2018-09-04,Grade 5,+13405430432,297
S03540,Miss Felicia Bryant,2017-09-17,Grade 2,+18812497831,6789
S03541,Dennis Rojas,2009-09-24,Grade 2,+12249403145,6988
S03542,Scott Valenzuela,2013-08-07,Grade 4,+17829802473,16179
S03543,Kelly Williams,2015-03-28,Grade 2,+18083427269,09854
S03544,Kirk Pugh,2014-02-16,Grade 4,+16777651861,20643
S03545,Samantha Cortez,2008-01-23,Grade 5,+18312231846,13305
S03546,Jessica Jones,2012-10-09,Grade 1,+14313184921,6772
S03547,Patricia Nelson,2014-08-15,Grade 4,+19906456346,396
S03548,Brittney Kim,2007-11-12,Grade 1,+13113494069,-
S03549,Alexander Gibson,2013-12-27,Grade 3,+14885245194,394
S03550,Jesse Munoz,2019-03-02,Grade 2,+18837368694,335
S03551,Samantha Ross,2008-12-05,Grade 1,+17254236549,040
S03552,James Anthony,2018-02-16,Grade 3,+18027512211,073
S03553,Nathan Boone,2017-12-26,Grade 4,+13105944464,1060
S03554,Jeffrey Kaufman,2010-05-02,Grade 3,+16775629818,288
S03555,Joshua White,2008-05-19,Grade 3,+14259530930,-
S03556,Tina Navarro,2011-10-19,Grade 4,+15752152670,-
S03557,Devin Wagner,2007-09-10,Grade 4,+14705310635,-
S03558,Michael Torres,2010-06-28,Grade 1,+15299559552,-
S03559,Rebecca Atkinson,2016-07-09,Grade 1,+15253240539,0547
S03560,John Stephenson,2014-07-06,Grade 1,+14003347027,-
S03561,Rebecca Archer,2014-01-30,Grade 3,+15507127155,-
S03562,Mark Pineda,2010-07-29,Grade 2,+15474019837,-
S03563,Sarah Arellano,2013-10-02,Grade 2,+17087957001,520
S03564,Dana Garcia,2008-03-25,Grade 2,+13412542456,775
S03565,Benjamin Kelly,2011-08-05,Grade 2,+13896185099,3250
S03566,Evelyn Thomas,2009-05-20,Grade 4,+19603661025,269
S03567,Melanie Owens,2015-02-05,Grade 4,+14702381400,-
S03568,Jessica White,2012-04-01,Grade 3,+16545329934,345
S03569,Alexa Flynn,2009-02-08,Grade 3,+19546683641,-
S03570,Crystal Alexander,2012-10-28,Grade 4,+19555676834,67780
S03571,Erika Jones,2012-12-10,Grade 5,+15486250313,2470
S03572,Kristen Greer,2013-03-15,Grade 5,+13323601538,-
S03573,Darrell Stone,2008-04-24,Grade 4,+18792000927,423
S03574,Brandon Ayers,2013-03-11,Grade 3,-,-
S03575,David Adams,2015-04-06,Grade 3,+18564553822,07743
S03576,Belinda Ruiz,2014-08-21,Grade 3,+15346190279,2703
S03577,Jennifer Murphy,2016-03-18,Grade 3,+13805330651,77128
S03578,Anthony Palmer,2012-07-01,Grade 5,+19038461966,2309
S03579,Jeremy Greene,2015-01-24,Grade 3,+19872663725,0830
S03580,Joseph Lee,2011-09-23,Grade 3,+17907317184,-
S03581,William Kemp,2010-12-16,Grade 1,+18459580953,-
S03582,Devin Hampton,2011-03-17,Grade 2,+13532286552,45161
S03583,Sarah Gonzalez,2009-02-27,Grade 5,+13902765667,-
S03584,Jennifer Young,2016-05-14,Grade 5,+19316668723,44191
S03585,Dana Huang,2013-07-20,Grade 4,+13264376643,4489
S03586,Emily Terry,2010-01-11,Grade 2,+15857988028,-
S03587,Mark Bailey,2013-09-28,Grade 5,+17663664032,04611
S03588,Andrea Johnson,2016-03-31,Grade 3,+14949383880,-
S03589,Ryan Wheeler,2012-07-29,Grade 5,+19865771952,884
S03590,Jared Castro,2018-03-11,Grade 4,+14443572637,74113
S03591,Jessica Turner,2006-01-09,Grade 4,+13092631166,-
S03592,Patrick Adams,2012-06-30,Grade 2,+13936997942,-
S03593,Christina Mcmillan,2007-06-16,Grade 5,+16018597083,5282
S03594,Sandra Riggs,2015-04-17,Grade 1,+19233893815,-
S03595,Cynthia Serrano,2009-01-07,Grade 2,+18184779128,-
S03596,Brian Woods,2017-10-06,Grade 3,+17104737751,-
S03597,Ian Barr,2013-10-27,Grade 3,+15366866734,-
S03598,Jennifer Sullivan,2017-11-24,Grade 2,+17315483633,-
S03599,Tammy Smith,2008-08-29,Grade 5,-,-
S03600,Maria Fischer,2008-06-03,Grade 2,+12779633529,-
S03601,Nicholas Saunders,2011-05-31,Grade 3,+12433750104,721
S03602,Carol Hampton,2018-01-26,Grade 5,+13303512830,-
S03603,William Thomas,2019-01-27,Grade 4,+16208884978,62620
S03604,Jennifer Bailey,2014-01-01,Grade 2,+19836891335,-
S03605,Tricia Valentine,2015-07-09,Grade 2,+17745330851,55447
S03606,Michael Peters,2012-11-11,Grade 4,+19239310326,-
S03607,Andrew Raymond,2009-04-06,Grade 2,+19946238790,182
S03608,Ashley Moore,2016-03-12,Grade 3,+18503544316,-
S03609,Andrea Smith,2006-10-13,Grade 1,-,-
S03610,Jenny Simpson,2010-05-21,Grade 3,+16914482754,1151
S03611,Edwin Moses,2018-06-10,Grade 4,+16656806826,950
S03612,Michael Green,2010-05-14,Grade 1,+12543150540,-
S03613,Gregory Lee,2015-01-14,Grade 3,+17545314622,2472
S03614,Annette Mcdonald,2008-04-18,Grade 5,+16346322433,-
S03615,Kevin Hansen,2012-06-16,Grade 4,+17416483813,7224
S03616,Kevin Romero,2016-09-28,Grade 1,-,-
S03617,Jessica Harper,2007-12-20,Grade 2,+16493058137,-
S03618,Laura Rodriguez,2009-08-07,Grade 5,+12457924828,72939
S03619,Peter Williams,2009-03-29,Grade 1,+19033758437,-
S03620,Jocelyn Hickman Dds,2012-02-11,Grade 3,+15602018646,2632
S03621,Nancy Casey,2014-09-25,Grade 5,+18023264420,5656
S03622,Kenneth Flynn,2017-09-23,Grade 2,+14663895377,052
S03623,Jeremy Allen,2006-05-18,Grade 3,+12429956564,69893
S03624,Jesse Bailey,2012-08-13,Grade 3,+13935941466,-
S03625,Matthew Martinez,2007-06-30,Grade 5,+18606660159,341
S03626,Michael Moyer,2013-02-26,Grade 1,+19906120394,084
S03627,William Mccarthy,2016-12-06,Grade 2,+19515825266,57633
S03628,Katie Sharp,2007-06-09,Grade 4,+19897839465,04719
S03629,Mr. Jacob Salazar Dds,2006-05-03,Grade 3,+17292417874,-
S03630,Michelle Lopez,2015-10-19,Grade 5,+13794504987,-
S03631,Steven Williams,2008-03-27,Grade 2,+14344487044,9000
S03632,Kelly Choi,2014-01-14,Grade 2,+17279685705,-
S03633,Susan Ray,2010-02-25,Grade 1,-,-
S03634,Kerry Mathews,2015-02-07,Grade 5,+14094275129,-
S03635,Barbara Johnson,2014-01-19,Grade 4,+12843328069,-
S03636,Sarah Smith,2017-09-23,Grade 2,+15434867632,20750
S03637,Logan Thomas,2012-11-26,Grade 4,+16653598277,1889
S03638,Robert Walters,2007-04-12,Grade 4,+18146515664,-
S03639,Keith Weaver,2008-08-12,Grade 1,+16508627682,27136
S03640,Gregory Weaver,2011-05-23,Grade 3,+13879127175,9070
S03641,Donna Johnson,2013-06-20,Grade 2,+12395349959,6478
S03642,Sandra Logan,2014-07-15,Grade 2,+13077547829,01776
S03643,Dr. Sarah Mata,2012-08-09,Grade 1,+18727737232,55480
S03644,Justin Robinson,2009-09-15,Grade 3,-,-
S03645,John Wilson,2012-12-08,Grade 3,+16382347567,355
S03646,Robert Jordan,2009-02-20,Grade 2,+13487556188,-
S03647,Michelle Johnson,2016-12-16,Grade 5,+19889038792,-
S03648,Sandra Rivera,2018-06-14,Grade 1,+16167504760,612
S03649,Jay Yang,2008-06-22,Grade 3,+13815498800,-
S03650,Michael Garza,2013-10-18,Grade 1,+17438265397,14551
S03651,Gabrielle Carrillo,2013-12-06,Grade 1,+19856186203,-
S03652,Jo Poole,2018-12-29,Grade 1,+16712384083,-
S03653,Laura Sanchez,2011-04-11,Grade 3,+13826954234,01588
S03654,Anne Banks,2008-04-19,Grade 2,+13736691159,-
S03655,Brandon Brown,2008-08-19,Grade 4,+12214593173,-
S03656,Gabrielle Williams,2007-02-21,Grade 5,+17237715258,8543
S03657,Kari Murphy,2011-05-24,Grade 5,+15897046840,-
S03658,Yolanda Rojas,2015-05-01,Grade 2,+13082903408,5981
S03659,Patrick Horton,2017-07-13,Grade 5,+15272546011,9314
S03660,Jessica Nguyen,2012-01-20,Grade 5,+19574538933,-
S03661,Travis Sanchez,2009-06-17,Grade 1,+17808422157,-
S03662,Katherine Mcdonald,2017-07-25,Grade 2,+19859452781,-
S03663,Brett Brown,2016-06-03,Grade 5,+12869236539,450
S03664,Jaime Munoz,2017-01-28,Grade 2,+18108488895,-
S03665,Mark Fuller,2011-01-01,Grade 3,+14968000648,88702
S03666,Renee Kerr,2006-06-15,Grade 1,+14647905687,-
S03667,Jeffrey Mann,2009-03-22,Grade 2,+18769600185,2966
S03668,James Owens,2010-10-02,Grade 5,+15809901264,74111
S03669,Maria Baker,2010-06-25,Grade 5,-,-
S03670,Micheal Lewis,2012-02-15,Grade 2,+15799666697,91419
S03671,Tanner Lowe,2017-04-02,Grade 2,+12455428945,3433
S03672,Michael Sweeney,2016-08-27,Grade 3,+18565686100,715
S03673,Kevin Hayes,2006-10-05,Grade 3,+17596459834,-
S03674,Anna Hudson,2014-03-28,Grade 3,+13493179886,2629
S03675,Antonio Hale,2011-12-13,Grade 3,+12186478953,-
S03676,Meagan Ortiz,2017-01-01,Grade 5,+18805633912,164
S03677,Michael Guerrero,2012-01-31,Grade 3,+13972888525,-
S03678,Joshua Oconnor,2007-04-03,Grade 5,+18479656241,8047
S03679,Brent Wilson,2016-08-24,Grade 5,+19655580497,-
S03680,Amanda Mays,2008-06-17,Grade 3,+16329839580,7255
S03681,Tyler Boone,2014-06-01,Grade 5,+18614665963,-
S03682,Patricia Odom,2011-09-25,Grade 2,+16367056157,2536
S03683,Tina Wilson,2006-03-24,Grade 2,+17484148299,927
S03684,Paul Cain,2009-08-20,Grade 4,+13286247929,9579
S03685,Chelsea Lee,2006-08-17,Grade 4,+19167645130,43626
S03686,Matthew Sanchez,2007-10-22,Grade 4,+15886765200,46512
S03687,Rhonda Phillips,2018-03-13,Grade 5,-,-
S03688,Michael Page,2010-08-05,Grade 1,+16042611527,71245
S03689,Adam Morris,2010-02-13,Grade 5,+16058522845,840
S03690,Tracy Glenn,2015-09-12,Grade 1,-,-
S03691,Calvin Wright,2011-01-02,Grade 5,+19395953721,-
S03692,Lorraine Rodriguez,2011-06-04,Grade 4,+18424253249,3532
S03693,Roger Henderson,2010-06-23,Grade 5,+15654475065,48474
S03694,Mark Elliott,2018-05-05,Grade 1,+19327603239,817
S03695,Matthew Lowery,2017-08-11,Grade 3,+18159761317,-
S03696,Jeremiah Smith,2011-06-05,Grade 2,+14888927580,-
S03697,Cole Short,2010-01-10,Grade 3,+14686838413,788
S03698,Ashley Livingston,2008-01-22,Grade 1,+19057033269,52246
S03699,Tracey Lopez,2018-04-29,Grade 4,+19837950389,-
S03700,Michael Wood,2016-04-21,Grade 1,+13293222080,-
S03701,Wendy Walters,2007-02-15,Grade 2,+16796943490,50717
S03702,Jacqueline Wiley,2009-06-28,Grade 5,+19972336502,2896
S03703,Michelle Lowery,2007-05-01,Grade 4,+15589635339,915
S03704,Victoria Rasmussen,2017-12-18,Grade 3,+13175258903,33944
S03705,Christina Patton,2011-09-28,Grade 2,+14899143014,-
S03706,Maria Hendrix,2015-11-11,Grade 2,+16792166204,-
S03707,Roy Brown,2017-04-04,Grade 2,+18877135811,869
S03708,Jordan Rowland,2017-01-23,Grade 1,+12866846793,-
S03709,Douglas Brown,2012-12-13,Grade 4,+15982591938,-
S03710,Anthony Herman,2017-04-05,Grade 1,+18262775864,8313
S03711,Andrew Kennedy,2017-09-06,Grade 3,+17033016431,36777
S03712,Dana Morris,2016-01-04,Grade 3,+12079252493,-
S03713,Jean Moore,2016-12-02,Grade 5,+14598703715,42532
S03714,Jennifer Gibson,2006-07-15,Grade 2,+13758123868,-
S03715,Gary Myers,2011-01-24,Grade 4,+12634281279,315
S03716,Jasmine Jackson,2006-10-27,Grade 1,+19823751337,6880
S03717,Joanna Hensley,2012-10-31,Grade 4,+19795172367,-
S03718,Donald House,2007-04-08,Grade 5,+19079099578,21864
S03719,Mark Ramirez,2018-01-17,Grade 2,+19645540810,73372
S03720,Anna King Md,2012-11-06,Grade 1,+18166718861,9288
S03721,Christine Jordan,2014-11-02,Grade 2,+17366280916,-
S03722,Danielle Warren,2018-01-24,Grade 4,+16289648608,-
S03723,Roberto Wise,2012-03-14,Grade 5,+12999388764,43867
S03724,Vincent Peterson,2008-09-29,Grade 1,+13958498486,4432
S03725,Shannon Collins,2017-11-16,Grade 5,+12827007854,7779
S03726,Alison Walker,2014-01-10,Grade 5,+16927129267,-
S03727,Raymond Webster,2018-12-16,Grade 2,+17652519757,449
S03728,Richard Reyes,2007-12-21,Grade 5,+19585203803,04998
S03729,Chad Phillips,2010-06-07,Grade 1,+15426868731,-
S03730,Denise Thompson,2014-04-21,Grade 2,+16266587581,-
S03731,Mr. Benjamin Brooks,2007-09-22,Grade 3,+19034996746,95716
S03732,Kimberly Gonzalez,2017-05-18,Grade 3,+13438876654,970
S03733,Tyler Palmer,2013-04-09,Grade 5,+18808665960,7072
S03734,Joshua Gallagher,2011-05-02,Grade 3,+12843181900,-
S03735,Amber Gordon,2017-12-08,Grade 1,+16278900337,176
S03736,Shelly Franco,2007-04-16,Grade 4,+19339411051,71477
S03737,Laura Leonard,2013-02-09,Grade 5,+14075710956,505
S03738,Debra Haynes,2014-12-27,Grade 1,+13937656677,92325
S03739,James Collins,2007-08-22,Grade 3,+16153813762,3536
S03740,Christopher Moon,2011-12-05,Grade 5,+17792986530,-
S03741,Andrew Hanson,2015-11-05,Grade 4,+14966977086,337
S03742,Michael Garcia,2014-08-25,Grade 1,+16644298148,139
S03743,Renee Thornton,2011-12-16,Grade 1,-,-
S03744,Daniel Ruiz,2007-10-23,Grade 5,+12369007728,-
S03745,Alexandra Clark,2018-10-14,Grade 1,+17993741214,-
S03746,Valerie Johnson,2015-02-03,Grade 3,-,-
S03747,Shane Lee,2012-04-22,Grade 2,+17723039822,577
S03748,Christie Jackson,2011-11-01,Grade 3,+14063098614,808
S03749,Yvonne Barber,2014-10-21,Grade 2,+15146602379,5772
S03750,Renee Fields,2017-03-12,Grade 4,+18012967727,096
S03751,Joseph Smith,2012-02-23,Grade 5,+19274926948,-
S03752,Michael York,2008-04-01,Grade 1,+15829686404,622
S03753,Dr. Kristina Baldwin,2009-11-23,Grade 5,+12942106535,-
S03754,Mr. Jeremy Wall,2014-09-23,Grade 3,+16332244999,91184
S03755,David Sanchez,2015-12-25,Grade 5,-,-
S03756,Shane Willis,2015-12-16,Grade 3,+18018325148,16205
S03757,Stephanie Butler,2017-01-15,Grade 2,+15605463561,125
S03758,Cory West,2019-01-20,Grade 3,+16473317039,7233
S03759,Angela Roy,2018-08-17,Grade 4,+15089149981,2968
S03760,Natalie Miller,2017-09-26,Grade 3,+12344010572,-
S03761,Rhonda Cain,2007-06-26,Grade 4,+17004077518,-
S03762,Deborah Watkins,2012-03-30,Grade 1,+19557896212,-
S03763,Laura Robertson Dds,2018-01-18,Grade 4,+12034280211,-
S03764,Terry Camacho,2018-01-26,Grade 1,+14672010358,-
S03765,Carolyn Nunez,2015-01-22,Grade 1,+18883019748,-
S03766,Chris Lee,2008-05-18,Grade 5,+16234826586,50099
S03767,Melissa Carrillo,2016-08-23,Grade 3,+17882790581,-
S03768,Vicki Arroyo,2009-06-26,Grade 5,+15285043105,1993
S03769,Eric Lawson,2012-04-18,Grade 1,+13455396998,25364
S03770,Kyle Freeman,2016-09-11,Grade 3,+14053719294,-
S03771,Tracy Richards,2010-03-16,Grade 3,+12596313926,86387
S03772,Kimberly Johnson,2009-01-01,Grade 4,+14017678058,-
S03773,John Nelson,2013-02-18,Grade 5,+12542692413,508
S03774,Angela Lopez,2016-11-06,Grade 3,+13469358514,863
S03775,Bryan James,2013-09-05,Grade 2,+13909074730,-
S03776,Lori Morris,2013-11-03,Grade 2,+19547112036,7131
S03777,Shawn Horne,2006-12-30,Grade 2,+12595514865,1400
S03778,David Brady,2019-03-07,Grade 5,+15759908235,-
S03779,Robert Golden,2012-07-08,Grade 1,+15174591990,76689
S03780,Johnny Cummings,2013-08-24,Grade 5,-,-
S03781,Nicole Elliott,2006-09-24,Grade 5,+19352183641,62505
S03782,Mrs. Sheri Lindsey,2011-01-05,Grade 3,+12223644093,94133
S03783,Kimberly Raymond,2008-10-01,Grade 3,+18894961773,093
S03784,Robin Simmons,2013-11-16,Grade 5,+13674091148,-
S03785,Daniel Snyder,2013-08-09,Grade 3,+12165818377,-
S03786,Bryan Larson,2016-07-23,Grade 5,+13003547739,-
S03787,Jessica Carter,2007-01-28,Grade 5,+13397710403,-
S03788,Justin Williams,2008-08-16,Grade 2,+14062500253,1661
S03789,Eugene Mcfarland,2016-06-20,Grade 3,+15495283874,3684
S03790,Amy Allen,2006-12-12,Grade 4,+15832494437,-
S03791,John Galvan,2016-12-06,Grade 1,+15859286427,34995
S03792,Derek Cooper,2010-04-06,Grade 4,+12342029663,954
S03793,Eric Elliott,2018-03-28,Grade 5,+15907430838,-
S03794,Fred Little,2010-10-09,Grade 4,+12134210552,-
S03795,Gary Gibson,2007-07-28,Grade 3,+13159349654,672
S03796,Kelly Morales,2014-11-14,Grade 5,+12803808257,25082
S03797,Steven White,2009-02-10,Grade 2,+12145799441,-
S03798,Crystal Nguyen,2014-05-12,Grade 4,+13313697313,614
S03799,Lindsey Ward,2008-05-18,Grade 5,+15557296310,39317
S03800,Monica Doyle,2012-05-21,Grade 3,+15373049987,-
S03801,Catherine Cole,2008-09-16,Grade 2,+13969269046,-
S03802,Zachary Mitchell,2013-06-16,Grade 4,+13772178614,244
S03803,Scott Gray,2016-06-22,Grade 5,+18214262119,-
S03804,Kyle Bowen,2010-08-13,Grade 3,+13665606996,-
S03805,Zachary Richard,2013-12-23,Grade 2,+16152611188,2928
S03806,Amanda Cooke,2008-02-26,Grade 3,+19825133172,56886
S03807,Zachary Moore,2015-07-25,Grade 4,+17792597734,-
S03808,Kristi Blackburn,2017-12-24,Grade 5,+18836582125,-
S03809,Cheryl Bradley,2012-12-20,Grade 3,+14058789170,146
S03810,Nicole Ayala,2013-06-15,Grade 4,+18592023578,-
S03811,Stephen Cruz,2010-06-15,Grade 5,+19453820864,-
S03812,John Melendez,2017-12-21,Grade 3,+13605996740,-
S03813,Lawrence Johnson,2013-07-07,Grade 1,+12583404221,470
S03814,Andres Haas Phd,2010-02-19,Grade 4,+18862737779,60761
S03815,Katie Gonzalez,2015-03-28,Grade 4,+13164341899,3719
S03816,Douglas Price,2019-01-11,Grade 2,+14479556203,-
S03817,Gregg Black,2012-03-15,Grade 3,+14727973731,044
S03818,Bobby Ochoa,2013-05-02,Grade 4,+12215121654,0807
S03819,Stephanie Brown,2010-05-05,Grade 3,+12312408870,596
S03820,Alyssa Bennett,2007-09-05,Grade 5,+12013426545,190
S03821,Andrew Campbell,2011-08-28,Grade 2,+18332455276,782
S03822,Margaret Patel,2012-12-20,Grade 1,+14169445581,-
S03823,Michael Cuevas,2009-05-12,Grade 5,-,-
S03824,David Martinez,2013-08-14,Grade 5,+15765591921,753
S03825,Michael Meyers,2018-10-04,Grade 3,+19638418254,-
S03826,Darin Miles,2012-01-31,Grade 4,+19194834009,846
S03827,Heidi White,2009-01-25,Grade 5,+15139729681,-
S03828,Daniel Gibson,2019-01-15,Grade 4,+18789446612,-
S03829,Jennifer Brown,2015-09-12,Grade 1,+16437030916,716
S03830,Diane Douglas,2007-11-06,Grade 2,+18323752953,-
S03831,Christopher Rodriguez,2010-04-20,Grade 4,+19437216347,6540
S03832,Cheryl Snow,2013-05-22,Grade 3,+14414714027,-
S03833,Michael Mullins,2014-06-24,Grade 1,+13233047777,-
S03834,Dennis Williamson,2015-05-30,Grade 5,+18842331960,553
S03835,Kristin Jackson,2013-11-29,Grade 5,+15037807917,5386
S03836,Natalie Hayes,2017-04-25,Grade 5,+15943424923,-
S03837,Jennifer Martinez,2018-02-12,Grade 3,+18677440178,046
S03838,Joseph Suarez,2008-07-24,Grade 1,+19082539907,13490
S03839,Joshua Martinez,2014-01-27,Grade 4,+13142178966,1019
S03840,Gabriel Espinoza,2009-06-02,Grade 2,+15705794519,9408
S03841,Douglas Stewart,2014-04-12,Grade 2,+12014168014,-
S03842,Linda Ellis,2007-02-06,Grade 2,+17946180346,9464
S03843,Ryan Stevens,2010-09-16,Grade 1,+15516172593,-
S03844,David Thompson Jr.,2006-03-11,Grade 5,+18725644523,62787
S03845,Jennifer Johnson,2016-02-04,Grade 3,+16777933723,-
S03846,Elizabeth Dunn,2012-12-19,Grade 1,-,-
S03847,Amanda Leblanc,2017-07-22,Grade 1,+17452908693,-
S03848,Robert Tapia,2010-11-09,Grade 3,+12537914627,-
S03849,Mr. James Clarke,2009-05-24,Grade 3,+17457987547,460
S03850,Monica Wilson,2012-07-17,Grade 1,+16203791323,361
S03851,Candice Goodwin,2013-01-15,Grade 3,+12516082972,4530
S03852,Douglas Richardson,2011-07-15,Grade 2,+17328651221,595
S03853,Anthony Edwards,2009-02-05,Grade 2,+12037860272,-
S03854,Nancy Watson,2008-09-23,Grade 4,+19786640730,899
S03855,Michelle Smith,2008-05-20,Grade 5,+17362884521,21298
S03856,Whitney Hughes,2011-10-24,Grade 5,+16066985919,1043
S03857,David Crawford,2018-07-05,Grade 4,+13822716808,401
S03858,Marie Davis,2012-05-25,Grade 3,+14745617558,7235
S03859,Samantha Terry,2017-07-15,Grade 5,+12815657799,-
S03860,Darrell Rivera,2011-05-02,Grade 1,+16237568190,13220
S03861,Tyrone Gentry,2009-04-12,Grade 1,+18706775740,850
S03862,Tyler Moore,2006-12-05,Grade 2,+19636080433,95107
S03863,Melissa Brown,2012-05-01,Grade 1,+12883301076,-
S03864,Angela Shaw,2013-05-31,Grade 1,+16688887064,-
S03865,Danielle Williams,2016-06-19,Grade 1,+12338005658,420
S03866,Ivan Gibson,2008-12-11,Grade 1,+12746053733,-
S03867,April Hendrix,2008-01-19,Grade 5,+16865841297,7940
S03868,Autumn Santiago,2015-10-28,Grade 1,+15302908543,80716
S03869,Cynthia Phillips,2018-11-14,Grade 4,+17329370385,127
S03870,Angela Dougherty Dvm,2018-12-19,Grade 4,+15526959724,9210
S03871,Thomas Hunter,2018-01-20,Grade 4,+14016288470,-
S03872,William Johnson,2014-08-03,Grade 3,-,-
S03873,Eric Collier,2011-05-19,Grade 1,+12235257773,1045
S03874,Danielle Adkins,2008-07-30,Grade 2,+13004041734,-
S03875,Brandon Ross,2009-09-09,Grade 1,+18359728590,4090
S03876,Sharon Rivers,2014-10-26,Grade 3,+16184364719,788
S03877,Paul Leblanc,2013-05-03,Grade 2,+12993414001,-
S03878,Kelli Graham,2011-04-26,Grade 4,+12185063074,51952
S03879,Teresa Burke,2009-02-13,Grade 1,+19798890566,289
S03880,Jennifer Bradley,2016-11-25,Grade 2,-,-
S03881,Michael Richards,2014-04-26,Grade 2,+15779034552,-
S03882,Michael Montgomery,2013-02-10,Grade 2,+14896584527,2904
S03883,Terry Stevens,2007-10-12,Grade 3,+14737430016,21718
S03884,Cassie Sanchez,2011-07-14,Grade 1,+14519062147,-
S03885,Clayton Johnson,2011-04-18,Grade 2,+13256692055,366
S03886,Troy Keith,2015-08-13,Grade 2,+12158672591,-
S03887,Justin Mitchell,2006-07-11,Grade 3,+16248470014,-
S03888,Ashley Gonzalez,2011-12-05,Grade 3,+16017055785,2829
S03889,Danielle Bennett,2011-06-05,Grade 1,+17375384461,087
S03890,Anthony Garza,2016-01-17,Grade 3,+14579588571,26683
S03891,Elizabeth Heath,2008-02-12,Grade 1,+18658537007,-
S03892,Jessica Walker,2013-02-03,Grade 5,+14166586738,-
S03893,Natasha Shields,2008-05-30,Grade 4,+14535084086,70750
S03894,Mary Ingram,2014-11-19,Grade 4,+18709551890,7168
S03895,Jonathan Russell,2017-11-23,Grade 5,+14465994714,-
S03896,Jennifer Perez,2018-02-28,Grade 1,+16053453564,-
S03897,Chloe Gibbs,2014-03-18,Grade 5,-,-
S03898,Ricky Parsons,2013-06-22,Grade 4,+16364411480,665
S03899,Valerie Miller,2006-10-02,Grade 3,+19877676425,-
S03900,Rachel Wyatt,2017-02-18,Grade 5,+17912443154,-
S03901,Amy Perez,2011-12-25,Grade 5,+19986004631,-
S03902,Renee Duncan,2008-08-16,Grade 5,+13859112046,-
S03903,Bailey Campbell,2006-05-01,Grade 1,+16732966507,58783
S03904,Christian Conway,2007-08-06,Grade 2,+17939868170,-
S03905,Jesus Foster,2012-12-02,Grade 1,+19997410411,2971
S03906,Brandy Walter,2009-05-23,Grade 5,+14974265803,-
S03907,Marissa Schwartz,2016-08-17,Grade 2,+14648746153,-
S03908,Amanda Gonzalez,2011-01-21,Grade 4,+14467918147,30152
S03909,Timothy Benson,2018-08-12,Grade 4,+16239780830,-
S03910,Danielle Ross,2006-08-09,Grade 3,+15243878283,-
S03911,Valerie Gregory,2017-04-19,Grade 4,+16847853798,5698
S03912,Calvin Elliott,2010-02-07,Grade 2,+12345346284,65060
S03913,Breanna Cook,2009-11-07,Grade 4,+12168218396,02457
S03914,Barbara Garcia,2016-11-15,Grade 1,+13487142056,5825
S03915,Jesse Watson,2009-05-08,Grade 2,+19589377643,7356
S03916,Charles Miller,2011-06-18,Grade 4,+19746021507,7350
S03917,Tammy Hunt,2015-10-11,Grade 5,+18258754934,8667
S03918,Thomas Hayes,2010-08-15,Grade 5,+12959073020,1948
S03919,Edward Fox,2006-12-10,Grade 1,+13947650187,1360
S03920,Timothy Humphrey,2016-03-10,Grade 4,+19203565493,-
S03921,Michael Doyle,2014-10-21,Grade 2,+12793614487,856
S03922,Melissa Bailey,2010-10-09,Grade 1,+18197439879,-
S03923,Victoria Cruz,2012-03-21,Grade 4,+14244713917,180
S03924,Troy Lambert,2010-08-22,Grade 3,+12407386232,215
S03925,David Haas,2016-12-26,Grade 1,+12862835789,4518
S03926,Joanna Marquez,2008-02-05,Grade 5,+12669990279,110
S03927,Rhonda Pearson Md,2011-07-26,Grade 4,+17518020888,-
S03928,Clayton Harris,2018-02-22,Grade 4,+17789602154,-
S03929,Jeffrey White,2018-03-18,Grade 2,+16739040075,2906
S03930,Robert Walter,2017-04-21,Grade 2,+19335811619,396
S03931,Antonio Thompson,2012-11-27,Grade 3,+17063136889,22188
S03932,Colleen James,2013-07-01,Grade 1,+18677474439,-
S03933,Richard Ochoa,2015-10-03,Grade 3,-,-
S03934,Donna Austin,2009-09-06,Grade 4,-,-
S03935,Nancy Cruz,2016-03-14,Grade 3,+19557775605,1717
S03936,Lindsey Gonzalez,2018-06-06,Grade 2,+18017032247,199
S03937,Heather Barrera,2012-10-23,Grade 5,+17887276905,-
S03938,William Patel,2010-11-06,Grade 5,+12229021353,93871
S03939,Kenneth Henson,2018-02-14,Grade 5,+12566257638,449
S03940,Christine Strickland,2007-10-30,Grade 4,+12283633719,179
S03941,Kenneth Fleming,2011-06-19,Grade 2,+18002275593,64267
S03942,Patrick Jackson,2006-05-08,Grade 4,+12759058344,06503
S03943,April Branch,2013-12-21,Grade 2,+14903153842,680
S03944,Theodore Cunningham,2014-02-25,Grade 5,+19094944050,931
S03945,Cynthia Hawkins,2019-02-19,Grade 4,+12019139786,9094
S03946,Rachel Daniels,2014-04-30,Grade 1,+19644378910,628
S03947,Laura Martinez,2018-06-11,Grade 1,+12136648413,53710
S03948,Diana Oneal,2008-08-08,Grade 1,+17953892630,-
S03949,Emily Washington,2010-08-08,Grade 5,+12475259607,54879
S03950,Jeff Mitchell,2008-01-23,Grade 2,-,-
S03951,Kayla Rice,2013-09-01,Grade 1,+16818711270,0895
S03952,Gina Roberts,2016-12-05,Grade 1,+14858917941,53283
S03953,Kathy Smith,2011-04-27,Grade 4,+17908585059,2669
S03954,Mark Gonzalez,2012-11-01,Grade 5,+15837610489,-
S03955,Darren Ochoa,2008-11-12,Grade 5,+14615331031,03629
S03956,Jacob Bell,2011-06-29,Grade 2,+17428744152,5720
S03957,Joshua Mueller,2010-08-23,Grade 2,+19519848974,-
S03958,Brandon Ferguson,2008-12-20,Grade 2,+16472128682,-
S03959,Miranda Barker,2007-12-30,Grade 3,+18199771728,26451
S03960,Donald Flores,2007-08-06,Grade 5,+14332807719,0109
S03961,Eric Thompson,2012-08-07,Grade 5,+12095670307,0095
S03962,Crystal Andrews,2008-12-14,Grade 5,+17608796757,09753
S03963,Christina Garcia,2009-04-24,Grade 4,+15482251514,-
S03964,Joshua Williams,2017-02-26,Grade 2,+16606266722,5411
S03965,Tiffany Walker,2008-12-03,Grade 2,+14113340301,-
S03966,Keith Santos Md,2012-06-16,Grade 2,+14625562029,-
S03967,Antonio Cherry,2011-08-31,Grade 1,+14518000470,52296
S03968,Lisa Wilcox,2014-03-16,Grade 3,+14966261976,9653
S03969,Shelly Olsen,2012-10-26,Grade 1,+13752570148,638
S03970,John Bennett,2012-08-03,Grade 2,+18308013134,-
S03971,Rebecca Green,2017-07-23,Grade 5,-,-
S03972,Carol Roberts,2012-10-01,Grade 2,+13213925581,-
S03973,Mrs. Sandra Hutchinson,2010-01-23,Grade 4,+17749045667,38632
S03974,Francis White,2015-12-12,Grade 4,+19625553431,1608
S03975,Darlene Mcclain,2007-11-22,Grade 1,-,-
S03976,Mark Clark,2017-04-25,Grade 1,+14795838210,8028
S03977,Erica Parsons,2009-10-11,Grade 5,+15412862740,903
S03978,Beth Wood,2018-07-05,Grade 3,+18953758914,-
S03979,John Griffin,2006-07-31,Grade 3,+14199238024,78878
S03980,Michael Nixon,2009-12-22,Grade 1,+17647708333,-
S03981,Mr. Kenneth Nelson Phd,2014-01-10,Grade 5,+17782584091,86560
S03982,Breanna Campbell,2008-12-30,Grade 5,+19738158353,8474
S03983,Daniel Martin,2012-07-04,Grade 5,+18729994423,-
S03984,Christian Mendoza,2007-02-07,Grade 2,+18397102763,9204
S03985,Mrs. Michelle Williams,2006-05-09,Grade 4,+17272703165,7367
S03986,Jacqueline Valdez,2008-01-28,Grade 3,-,-
S03987,Anthony Gonzalez,2013-09-11,Grade 3,+12752520285,857
S03988,Michael Stone,2013-08-07,Grade 2,+18214471773,453
S03989,Jill Fisher,2018-12-11,Grade 5,+15902788336,-
S03990,Peter Page,2018-03-08,Grade 5,+15946075321,6452
S03991,Derek Henderson,2016-07-09,Grade 4,+17997290795,-
S03992,Tara Cortez Md,2017-08-01,Grade 5,+17993951682,889
S03993,Ryan Hardy,2015-04-08,Grade 4,+16696515177,-
S03994,Andrea Miller,2014-03-28,Grade 1,+18512366738,0466
S03995,Nathan Ramirez,2014-04-12,Grade 4,+18956894842,-
S03996,Steven Chavez,2013-08-10,Grade 4,+15473863691,-
S03997,Kenneth Woods,2008-05-22,Grade 4,+18973901930,83962
S03998,Matthew Anderson,2010-03-10,Grade 3,+18963141324,-
S03999,Tammy Yang,2011-07-09,Grade 4,+14873802603,-
S04000,Margaret Garcia,2018-01-27,Grade 4,+13044322156,18451
S04001,Michael Hurst,2015-06-20,Grade 3,+18176320056,-
S04002,Marcus Moore,2018-12-12,Grade 2,+15478685059,-
S04003,Justin Baird Ii,2012-08-26,Grade 4,+12536917516,0859
S04004,Kurt Woods,2017-11-22,Grade 5,-,-
S04005,Walter Cunningham,2010-11-25,Grade 1,+16478985505,368
S04006,Ryan Lawrence,2015-01-23,Grade 4,+16143664892,-
S04007,Megan Flores,2009-05-01,Grade 3,+16152300834,-
S04008,John Fisher,2017-03-26,Grade 2,+18193172333,-
S04009,Crystal Mccullough,2008-04-23,Grade 5,+14145269062,18527
S04010,Melanie Webb,2012-07-03,Grade 2,+13849405354,-
S04011,Catherine Boyd,2014-03-24,Grade 5,+19885593057,-
S04012,Christian Trujillo,2014-03-25,Grade 1,+14087623749,410
S04013,Kelly Garza,2008-07-10,Grade 1,+19998000250,6941
S04014,Richard Robinson,2010-12-30,Grade 4,+12854890350,509
S04015,Jessica Edwards,2017-05-07,Grade 4,+17942999598,557
S04016,Steven Austin,2015-03-04,Grade 5,-,-
S04017,Tina Gutierrez,2018-10-13,Grade 2,+12353682817,-
S04018,Laura Johnson,2008-10-21,Grade 3,+19562114942,-
S04019,Crystal Lynn,2007-08-15,Grade 1,+16644387381,-
S04020,Daniel Wright,2010-03-17,Grade 4,+15754735182,2506
S04021,Curtis Henderson,2015-03-28,Grade 1,+16995613766,14927
S04022,Amanda James,2012-04-08,Grade 3,+13117573198,196
S04023,Mrs. Abigail Gallagher,2016-03-18,Grade 4,+14767208166,1908
S04024,Angela Peterson,2011-05-02,Grade 3,+16034230999,-
S04025,Christina Griffith,2016-06-23,Grade 3,+19687477890,69403
S04026,Jacqueline Herrera,2014-08-05,Grade 3,+15558696984,97432
S04027,Joseph Kemp,2009-12-30,Grade 2,+14795192205,049
S04028,Kristina Goodwin,2015-04-29,Grade 1,+18969508796,-
S04029,Paula Gibson,2013-06-28,Grade 2,+14625115207,24116
S04030,Ronald Alexander,2007-04-14,Grade 1,+18775145145,2790
S04031,Ashley Martin,2013-08-24,Grade 1,-,-
S04032,Scott Flores,2014-02-24,Grade 3,+18335443797,610
S04033,Yvonne Ramirez,2012-10-18,Grade 1,+17607104486,-
S04034,Michael Miller,2011-01-15,Grade 3,+18967663326,63184
S04035,Melissa Terry,2012-10-22,Grade 2,+14856155257,-
S04036,Mary Hodge,2015-10-31,Grade 4,+12995339190,-
S04037,Jeffrey Brown,2008-09-11,Grade 1,+15378156375,-
S04038,Peter Wilson,2012-06-05,Grade 2,+15856273768,-
S04039,Thomas Trevino,2010-07-29,Grade 5,+18282861031,03418
S04040,Maria Mcdaniel Phd,2006-09-24,Grade 5,+19302540981,-
S04041,Christopher Robinson,2013-03-11,Grade 5,+13727703871,672
S04042,Eric Kennedy,2016-02-25,Grade 5,+17003806917,-
S04043,Jessica Mitchell,2013-10-18,Grade 1,+16524803432,9549
S04044,Nancy Jones,2013-10-08,Grade 4,+18864152400,4916
S04045,Lauren Adams,2008-02-15,Grade 1,+17198180339,324
S04046,Jim Aguirre,2011-08-06,Grade 5,+13815224177,5779
S04047,Jordan Jones,2015-09-10,Grade 4,+18028550450,736
S04048,Manuel Garner,2012-08-02,Grade 5,+17199848564,981
S04049,Cory Harrington,2007-03-20,Grade 1,+13918889003,-
S04050,Judith Dennis,2008-02-10,Grade 5,+14167407673,-
S04051,Robin Haynes,2008-01-07,Grade 4,+13265685457,8366
S04052,Melinda Wilson,2011-01-27,Grade 2,+14262143945,964
S04053,Jacob Benton,2006-04-10,Grade 3,+14877815629,4524
S04054,Jeremy Ward,2018-01-28,Grade 4,+16674322254,540
S04055,Matthew Welch,2008-12-08,Grade 5,+18776184783,07743
S04056,Melissa Mcclain,2018-07-16,Grade 2,+18126412699,-
S04057,Jeffrey Hill,2009-02-26,Grade 3,+13937351553,129
S04058,Ashley Watts,2014-07-30,Grade 5,+14584103907,-
S04059,Kari Warren,2017-04-22,Grade 2,+19018464082,-
S04060,Lisa Calhoun,2014-09-26,Grade 2,+13449679705,91043
S04061,Virginia Bell,2013-06-02,Grade 1,+18136649133,062
S04062,Michael Soto,2009-10-01,Grade 4,+19494538704,-
S04063,Mikayla Weaver Md,2011-11-17,Grade 4,+12056859483,251
S04064,Lee Campbell,2017-03-03,Grade 2,+14268017409,-
S04065,Ms. Sandra Best,2008-09-05,Grade 1,-,-
S04066,Jacob Lawson,2013-01-23,Grade 5,+15562563275,5926
S04067,Heather Perez,2014-12-18,Grade 2,+17387031708,-
S04068,Tiffany Henderson,2015-02-26,Grade 1,+13082298918,70621
S04069,Tina Richardson,2017-11-12,Grade 2,+14009475978,-
S04070,John Villegas,2010-03-28,Grade 4,+19063660739,21877
S04071,Johnny Thompson,2018-07-26,Grade 1,+14888203116,04922
S04072,Gina Vazquez,2006-12-08,Grade 3,+15536208742,-
S04073,Janet Cruz,2011-07-15,Grade 1,+13674555486,69475
S04074,Amanda Roy,2008-07-31,Grade 5,+18567065719,42935
S04075,Patrick Rojas,2008-12-08,Grade 4,+12983803463,-
S04076,George Russell,2013-11-19,Grade 1,+14446959641,-
S04077,Jason Franklin,2007-11-09,Grade 2,+12242902925,9953
S04078,Jared Davis,2007-11-26,Grade 1,+13505046869,34491
S04079,Rebecca Doyle,2013-08-19,Grade 5,+15465803835,-
S04080,Paul Steele,2016-05-11,Grade 2,-,-
S04081,Lisa Hall,2007-06-19,Grade 2,+16573224343,-
S04082,Jacob Clark,2010-12-10,Grade 4,+19599828532,3474
S04083,Brianna Farrell,2015-06-06,Grade 1,+13382343172,06836
S04084,Cassie Walls,2011-02-17,Grade 4,+15536782321,597
S04085,Shawna Carroll,2012-06-20,Grade 1,+16839556954,-
S04086,Ralph Taylor,2006-09-01,Grade 5,+15877156007,0361
S04087,Jessica Smith,2018-09-16,Grade 3,+12929689171,2431
S04088,Tami Schwartz,2018-10-20,Grade 1,+13105393530,79182
S04089,Richard Mcmahon,2007-06-02,Grade 5,+14332363537,245
S04090,Robert Flowers,2006-07-24,Grade 3,+16562007387,110
S04091,Rodney Casey,2011-06-01,Grade 1,+18735292584,-
S04092,Olivia Alexander,2008-08-16,Grade 3,+17528151712,-
S04093,Jeremy Robinson,2012-05-12,Grade 5,+16297032841,68094
S04094,Richard Allen,2010-02-11,Grade 4,-,-
S04095,James Hubbard Iii,2009-03-26,Grade 3,+12913653972,786
S04096,Thomas Bruce,2012-05-14,Grade 3,+18517661585,2505
S04097,Benjamin Thomas,2018-09-30,Grade 3,+19043807678,68683
S04098,Amber Mejia,2016-07-12,Grade 5,+17918440550,550
S04099,Olivia Johnson,2010-02-26,Grade 2,-,-
S04100,Amanda Greene,2017-01-04,Grade 2,+13478849163,-
S04101,Dr. Michael Conner Phd,2009-12-15,Grade 3,+14432279888,875
S04102,Michael Meyer,2014-08-12,Grade 5,+13755148542,-
S04103,Natalie Garcia,2018-02-13,Grade 5,+16454536052,-
S04104,Angela Cervantes,2015-07-17,Grade 1,+12407350351,-
S04105,John Wells,2011-09-17,Grade 5,+18309475424,-
S04106,Christine Smith,2010-02-02,Grade 2,+19749216390,-
S04107,Nicholas Baker,2017-04-27,Grade 2,+13585076656,-
S04108,Sonya Mitchell,2009-03-23,Grade 5,+14863334837,73792
S04109,Melanie Ellis,2012-01-18,Grade 3,-,-
S04110,Donald Reid,2013-12-28,Grade 3,+15802269913,51938
S04111,Shannon Stone,2012-01-13,Grade 3,+14184926049,-
S04112,Ralph Rodriguez,2015-08-07,Grade 2,+15169388965,802
S04113,Rebecca Carlson,2012-02-10,Grade 2,+15947401144,481
S04114,Jessica Aguilar,2018-07-11,Grade 3,+17017570298,321
S04115,Juan Lara,2017-06-30,Grade 1,+18226825119,45916
S04116,Lisa Zimmerman,2008-08-02,Grade 2,+18998311095,00931
S04117,Julie Johnson,2015-04-22,Grade 4,+15236311978,7340
S04118,Sandra Gilbert,2012-06-28,Grade 3,+14555305447,2965
S04119,Robert Webster,2013-09-09,Grade 4,+15609988154,79906
S04120,Kevin Edwards,2011-02-14,Grade 1,+15716197251,-
S04121,Maureen Johnson,2006-06-19,Grade 5,+19792340929,06593
S04122,April Mahoney,2008-05-24,Grade 3,+19588434284,2157
S04123,Jennifer Solis,2015-04-01,Grade 4,+17322273227,48487
S04124,Jonathan Martin,2009-09-16,Grade 4,+17038289108,-
S04125,Michelle Clark,2006-03-19,Grade 5,+12637755603,047
S04126,Dr. Joshua Rogers,2017-10-02,Grade 5,+18698525831,18860
S04127,Vincent Hansen,2016-12-10,Grade 3,+13346743402,49744
S04128,Angela Turner,2007-03-21,Grade 4,+13222104457,96003
S04129,Michael Mckee,2015-03-18,Grade 2,+19717789089,647
S04130,Danielle Wong Md,2017-02-21,Grade 3,+15406024419,7781
S04131,Laurie King,2015-04-24,Grade 1,+17324467190,-
S04132,Anita Martinez,2009-08-21,Grade 1,+12707332184,648
S04133,Stephanie Harris,2013-12-16,Grade 5,-,-
S04134,Jocelyn Allen,2018-03-21,Grade 3,+12272952419,369
S04135,Eric Lewis,2007-12-18,Grade 5,+12516691070,87302
S04136,Catherine Nunez,2017-11-11,Grade 3,+17959600742,-
S04137,Corey Morgan,2016-03-21,Grade 4,+18945799604,20512
S04138,Gregory Simpson,2014-03-26,Grade 1,+13249387325,26171
S04139,Tina Hernandez,2009-01-16,Grade 3,+17122510105,527
S04140,Amber Martin,2011-10-02,Grade 5,+14916390641,-
S04141,Brian Stanley,2008-12-01,Grade 5,+15478681848,-
S04142,Andrea Shah,2013-03-25,Grade 1,+19349250520,50795
S04143,Devin Wu,2017-11-05,Grade 1,+18297663017,-
S04144,Timothy Brown,2007-11-09,Grade 5,+15827989583,623
S04145,Alicia Good,2009-07-19,Grade 3,+15935816066,4906
S04146,Thomas Gonzalez,2015-11-26,Grade 1,+18412804383,68648
S04147,Courtney Miranda,2007-11-29,Grade 2,+16196910922,-
S04148,Laurie Lee,2006-03-16,Grade 2,+19928901205,11323
S04149,Ryan George,2014-08-12,Grade 1,+13266934168,04656
S04150,Sarah Williams,2009-10-21,Grade 2,+17028136901,12844
S04151,Melanie Nash,2014-03-04,Grade 2,+17163441445,221
S04152,Stephanie Schneider,2010-08-26,Grade 2,+12865993177,673
S04153,Jesus Cobb,2007-06-22,Grade 5,+12668602517,-
S04154,Cody Soto,2007-10-06,Grade 5,+12453938782,235
S04155,Karen Singh,2010-09-07,Grade 1,+18446143713,2876
S04156,Sheri Williams,2012-12-24,Grade 2,+13953322683,00744
S04157,Yvonne Reed,2007-01-25,Grade 4,+15607685086,-
S04158,Brett Edwards,2006-09-26,Grade 2,+14445401296,-
S04159,Isaiah Clark,2017-10-19,Grade 2,+13823592735,358
S04160,Lance Schmitt,2014-03-22,Grade 3,+17814006733,39023
S04161,Sara Brooks,2014-06-27,Grade 2,-,-
S04162,Lauren Graves,2015-04-30,Grade 3,+17895735149,-
S04163,Samantha Carey,2015-07-05,Grade 2,+14133688411,64488
S04164,Lucas Williams,2015-09-27,Grade 4,+14868638777,-
S04165,Sandra Robinson,2014-11-14,Grade 5,+19217751574,56467
S04166,Dennis Richardson,2013-03-05,Grade 2,+19942982354,51482
S04167,Monica Jones,2015-07-06,Grade 5,+14256372423,5654
S04168,Laura Watson,2013-09-11,Grade 4,+14768586438,838
S04169,Danielle Martin,2018-05-10,Grade 2,+14224585661,602
S04170,Jonathan Hogan,2008-09-11,Grade 1,+12713591345,-
S04171,Brandon Meyers,2006-10-27,Grade 2,+17688055457,9035
S04172,Brian Crosby,2015-06-03,Grade 4,+19003373138,-
S04173,Linda Charles,2007-09-21,Grade 4,+14348990425,731
S04174,James Thomas,2008-10-04,Grade 2,+13255469385,-
S04175,Becky Garcia,2008-10-08,Grade 4,+15225756007,6393
S04176,Kimberly Mosley,2011-08-06,Grade 3,+14406718695,-
S04177,Shane Perry,2016-08-04,Grade 3,+13777902279,61253
S04178,Jeffrey Williams,2012-04-24,Grade 3,+12125703490,20789
S04179,Cheyenne Johnson,2006-07-20,Grade 4,+15684743827,-
S04180,Michelle Simmons,2010-01-14,Grade 5,+12275101871,7913
S04181,Nicole Hodge,2007-09-07,Grade 2,+15303824915,-
S04182,Rebecca Campbell,2012-05-12,Grade 3,+12352364473,-
S04183,Maria Butler,2016-02-17,Grade 1,+16399544514,74430
S04184,Lee Robinson,2007-02-10,Grade 5,+13677838359,-
S04185,Sarah Day,2016-05-15,Grade 5,+19293376270,70393
S04186,Scott Novak,2016-12-10,Grade 5,+17546182340,-
S04187,Anthony Cross,2009-07-01,Grade 1,+12484503829,-
S04188,Matthew Wang,2008-03-12,Grade 4,+12983777101,8547
S04189,Heather Brown,2013-08-16,Grade 1,+12913089624,97392
S04190,Thomas Jenkins,2013-03-28,Grade 1,+16458795062,68597
S04191,Jennifer Lee,2018-11-09,Grade 3,+14895436499,8133
S04192,Kristen Potter,2017-09-03,Grade 1,+12892398998,5037
S04193,Alex Neal,2010-02-16,Grade 2,+12149460300,-
S04194,Krystal Reilly,2009-07-10,Grade 2,+14024306742,-
S04195,Julie Smith,2014-05-10,Grade 1,+18545031906,262
S04196,Stacey Fuentes,2016-12-04,Grade 2,+17723102513,2870
S04197,Samuel Bowman,2007-01-19,Grade 3,+15878462897,-
S04198,Crystal Kidd,2009-11-01,Grade 3,+14513807579,5356
S04199,Holly Baxter,2011-04-06,Grade 5,+19496954708,-
S04200,Mason Paul,2009-11-24,Grade 4,+18829521486,62607
S04201,Michael Fernandez,2014-12-24,Grade 4,+15234393466,-
S04202,Mary Hawkins,2017-04-30,Grade 3,+15729196261,3468
S04203,Brittany Walker,2007-11-05,Grade 3,+14019186961,0991
S04204,Shane Sullivan,2016-07-07,Grade 4,+17225182824,5708
S04205,Susan Morris,2008-04-12,Grade 4,+15619250381,-
S04206,Kelly Bell,2012-02-04,Grade 3,+13204196226,-
S04207,Tyler Flores,2015-11-03,Grade 5,+17688143791,-
S04208,Paul Hammond,2007-02-13,Grade 5,+19976752439,30658
S04209,Travis White,2014-05-05,Grade 2,+14789403851,918
S04210,Stacey Bowman,2007-02-25,Grade 1,+15893035777,482
S04211,Angela Wolf,2014-09-11,Grade 4,+13603629927,-
S04212,Kathryn Smith,2011-01-23,Grade 3,+14565436358,-
S04213,David Glover,2014-12-11,Grade 2,+18765559980,-
S04214,Leah Haney,2012-12-29,Grade 5,-,-
S04215,Jessica Dennis,2007-08-10,Grade 3,+18839195775,3136
S04216,Elizabeth Rubio,2018-11-06,Grade 3,+12713829896,-
S04217,Steven Lee,2019-01-14,Grade 3,+12584757193,-
S04218,Heather Wall,2012-01-31,Grade 4,+15536653986,-
S04219,Matthew Harper,2009-01-01,Grade 2,+17545513335,6652
S04220,Dr. Jared Hughes,2017-08-02,Grade 3,+13294245048,-
S04221,William Clark,2012-11-15,Grade 5,+17226963493,-
S04222,Christopher Stewart,2014-04-19,Grade 3,+15326929370,-
S04223,Cynthia Nicholson,2017-03-04,Grade 5,+17042347497,58247
S04224,Laura Herrera,2006-07-31,Grade 2,+19065108586,-
S04225,Allison Browning,2006-08-28,Grade 4,+12536418287,-
S04226,Victoria Lynn,2009-12-26,Grade 3,+18243219202,-
S04227,Victor Shaw,2016-12-11,Grade 2,+15825430057,1435
S04228,David Jones,2011-03-08,Grade 5,+12279084228,-
S04229,Brandon Ritter,2011-12-13,Grade 4,+14246446149,97231
S04230,Ellen Morris,2010-05-06,Grade 5,+18596780773,-
S04231,Jonathan Adams,2013-02-19,Grade 2,+14989727484,1193
S04232,Anthony Brown,2008-06-30,Grade 2,+16466979000,-
S04233,Brenda Mcbride,2017-02-04,Grade 5,+13044205822,3814
S04234,Terry Miller,2012-06-06,Grade 5,+18664448571,65871
S04235,Lauren Baker,2012-08-27,Grade 1,+13483317968,139
S04236,Tyler Johnston,2007-09-04,Grade 1,+18767886068,-
S04237,Lisa Robbins,2011-04-05,Grade 4,+15537628436,8776
S04238,Amy Young,2012-06-03,Grade 3,+12908555338,-
S04239,Katherine Adams,2009-02-03,Grade 4,-,-
S04240,Alicia Ray,2010-06-30,Grade 4,-,-
S04241,Kara Williams,2011-06-17,Grade 3,+16863136879,-
S04242,Susan Gay,2008-07-05,Grade 3,+13412668699,5778
S04243,Brian West,2011-03-07,Grade 2,+18734742840,67938
S04244,James Bond,2018-08-09,Grade 3,+16119091530,-
S04245,Tyler Baker,2007-08-02,Grade 1,+17349092942,89223
S04246,Jeffery Duncan,2012-10-26,Grade 5,+19465338413,213
S04247,Matthew Brown,2012-11-10,Grade 4,+14754356907,-
S04248,Patrick Powell,2016-03-09,Grade 5,+19674144763,23144
S04249,Ian Bonilla,2017-06-26,Grade 3,+14974736493,7997
S04250,Mrs. Jennifer Hernandez,2013-10-06,Grade 3,+15869920877,046
S04251,Jamie Erickson,2014-01-19,Grade 3,+19375561154,659
S04252,William Ryan,2016-02-18,Grade 5,+15105388115,-
S04253,Lauren Blackwell,2008-04-14,Grade 1,+12218258886,-
S04254,Kevin Hill,2008-06-05,Grade 3,+15929441161,-
S04255,Michelle Simmons,2008-12-03,Grade 5,+16542301344,-
S04256,William Santiago,2013-05-22,Grade 3,+19048968994,-
S04257,Kristin Morales,2011-05-04,Grade 4,+16619765798,78593
S04258,Denise Lowe,2008-11-02,Grade 2,+14555452783,456
S04259,Anna Johnson,2016-07-01,Grade 3,+15235891034,581
S04260,Stephen Page,2008-05-26,Grade 2,+15719940055,-
S04261,Jonathan Thompson,2010-08-17,Grade 1,+16162416190,1353
S04262,Brian Odonnell,2006-06-15,Grade 5,+15065639788,-
S04263,Kelly Moore,2011-07-08,Grade 4,+13047450571,-
S04264,James Walker,2009-11-10,Grade 1,+17194321587,1788
S04265,Christina Salinas,2018-08-31,Grade 2,+14097005353,90173
S04266,Paul Becker,2019-01-03,Grade 4,+18476940736,-
S04267,Kathryn Phillips,2016-12-27,Grade 1,+13346231198,46588
S04268,William Scott,2018-04-23,Grade 1,+19133666831,6961
S04269,Amanda Vargas,2008-08-07,Grade 2,+12859190076,-
S04270,Cameron Miller,2017-08-30,Grade 1,+19755198341,-
S04271,Jeffrey Houston,2012-09-04,Grade 2,+17933783276,97084
S04272,James Wiggins,2006-10-23,Grade 4,+12805206751,-
S04273,Karen Walker,2012-03-10,Grade 5,+18856549099,371
S04274,Mr. Robert Diaz,2008-06-27,Grade 5,+16918344246,9817
S04275,Maria Robertson,2008-09-24,Grade 2,+13026785399,-
S04276,William Ford,2018-03-28,Grade 3,+14877340703,-
S04277,James Davis,2010-03-28,Grade 2,+13582568344,877
S04278,Adam Weeks,2010-08-05,Grade 2,+13164194740,-
S04279,Anthony Warren,2006-05-04,Grade 1,+14863118221,-
S04280,Steven Vargas,2012-04-30,Grade 3,+18492441887,-
S04281,Casey Grimes,2006-08-14,Grade 3,+14994325793,-
S04282,Wendy Herman,2015-02-08,Grade 5,+14008666444,3383
S04283,Katherine Dunn,2016-09-17,Grade 4,+14205085418,5849
S04284,Nathan Gordon,2006-12-03,Grade 4,+19902303949,-
S04285,Robert Zimmerman,2018-12-15,Grade 5,+18586898812,-
S04286,Kevin Hamilton,2015-12-27,Grade 4,+17207955146,-
S04287,Cassandra Smith,2011-12-24,Grade 3,-,-
S04288,Rebecca Pope,2015-11-18,Grade 5,+15728095540,228
S04289,Tiffany Anderson,2015-10-13,Grade 5,+15307230691,-
S04290,Michelle Gonzalez,2012-04-09,Grade 3,+13977589245,-
S04291,Pamela Washington,2006-05-05,Grade 1,+16629439915,1997
S04292,Tina Johnson,2018-04-27,Grade 4,+13426406813,-
S04293,Mary Martinez,2010-10-12,Grade 4,+15353128443,009
S04294,Steven Hooper,2014-10-21,Grade 3,+18758743002,2394
S04295,Dustin Lee,2010-05-05,Grade 5,+18945372836,-
S04296,Lisa Hartman,2017-06-29,Grade 2,+14346287684,946
S04297,Erin Kim,2017-05-25,Grade 3,+18565192536,937
S04298,Michael Ellis,2014-11-28,Grade 2,+18518273199,7636
S04299,Ricky Boyd,2016-04-10,Grade 5,+17088669240,5462
S04300,David Schwartz,2007-11-24,Grade 3,+16499074699,71016
S04301,Aaron Peterson,2012-11-04,Grade 5,+12346037273,99480
S04302,Robert Miller,2006-05-03,Grade 1,+19777116682,8060
S04303,Cynthia Fuentes,2013-04-10,Grade 4,+18538239494,-
S04304,Sandra Murphy,2013-08-24,Grade 2,-,-
S04305,Cindy Holloway,2006-09-14,Grade 3,+14037003988,-
S04306,Phillip Brown,2010-10-02,Grade 1,+18335222262,57430
S04307,Paula Waller,2018-06-10,Grade 1,-,-
S04308,Robert Thornton,2014-11-17,Grade 5,+16005255502,947
S04309,Tanya Johnson,2006-03-25,Grade 4,+17373442251,3841
S04310,Dennis Lawrence,2007-02-21,Grade 1,+12149432968,-
S04311,Wanda Cummings,2009-03-04,Grade 5,+16428170786,222
S04312,Erica Mitchell,2019-11-01,Grade 4,+13942847105,-
S04313,Jon Morrison,2015-09-05,Grade 1,+15618957101,-
S04314,Matthew Schwartz,2015-11-20,Grade 2,+12648977597,9647
S04315,Nicholas Mendoza,2010-01-22,Grade 2,+19133472550,-
S04316,Benjamin Nichols,2007-04-20,Grade 1,+18772917993,9365
S04317,Mason Brown,2012-10-23,Grade 2,+16722198283,6716
S04318,Vincent Erickson,2009-06-20,Grade 4,+15288455464,-
S04319,Katherine Hardy,2010-07-23,Grade 2,+12862461318,8085
S04320,David Summers,2010-09-04,Grade 2,+19162682461,-
S04321,Lydia Owens,2014-02-16,Grade 5,+15027550708,31410
S04322,Mark Gray,2011-06-20,Grade 3,+15044584311,6366
S04323,Michelle Ballard,2008-10-14,Grade 1,+13195218678,77868
S04324,Ashley Torres,2011-09-14,Grade 1,+19709795065,-
S04325,Rhonda Nelson,2013-09-01,Grade 3,+12967169988,7462
S04326,Bryce Blankenship,2007-12-25,Grade 2,+18882926092,114
S04327,Wendy Johnson,2007-09-03,Grade 4,+13679397493,-
S04328,Robert Campbell,2015-04-16,Grade 1,+13817411749,0526
S04329,John Smith,2010-03-18,Grade 5,+12499507908,36606
S04330,Deanna Merritt,2009-08-04,Grade 3,+18242355153,231
S04331,Lisa Bell,2006-10-29,Grade 3,+13193818056,7174
S04332,John Hall,2010-02-09,Grade 1,+13966212011,41478
S04333,Luis Parker,2015-07-07,Grade 4,+12008470053,-
S04334,Mary Hanson,2015-07-21,Grade 3,+18143226897,7113
S04335,Angela Wilson,2007-12-08,Grade 2,+17066271595,85623
S04336,Michael Holmes,2008-05-12,Grade 2,+19822838745,-
S04337,Jason Fitzpatrick,2011-12-18,Grade 5,-,-
S04338,Susan Schwartz,2014-05-14,Grade 4,+13112096839,58744
S04339,Christopher Ramirez,2008-04-29,Grade 1,+18443321292,56354
S04340,Donald Taylor,2017-11-08,Grade 5,+15523796960,-
S04341,Tommy Morton,2017-07-15,Grade 1,+18934412677,24801
S04342,Denise Martin,2018-02-04,Grade 2,+12683028252,03540
S04343,Stephanie Stewart,2006-10-21,Grade 2,+17637452382,-
S04344,Anthony Chandler,2007-04-28,Grade 3,+12164994771,-
S04345,Tina Powell,2016-04-28,Grade 3,+14684886274,36017
S04346,Amy Reed,2012-09-14,Grade 5,+16489390683,-
S04347,Thomas Meyer,2008-02-13,Grade 4,+19792386595,-
S04348,Susan Miller Dvm,2014-02-16,Grade 3,+14378264082,3448
S04349,Sarah Snow,2007-09-25,Grade 2,+16925957510,7278
S04350,Brian Singh,2006-06-04,Grade 2,-,-
S04351,Dana Mccoy,2008-07-13,Grade 1,+12519556500,73531
S04352,Timothy Hanson,2006-06-22,Grade 2,+19654075032,0697
S04353,Frank Jones,2009-03-22,Grade 1,+13675184438,-
S04354,Mary Smith,2018-07-30,Grade 1,+15036690798,153
S04355,Samantha Parker,2012-09-07,Grade 2,+12494563102,2113
S04356,Julie Bradley,2015-02-05,Grade 2,+14006669998,-
S04357,Jacqueline Perkins,2018-03-26,Grade 5,+13248835769,-
S04358,Stacy Ray,2015-02-02,Grade 3,+14375309500,879
S04359,Andrea Morris,2009-03-07,Grade 2,+14184450040,-
S04360,Robert Blair,2014-05-27,Grade 2,+16844022639,-
S04361,Mark Hernandez,2019-02-10,Grade 2,+14885960863,570
S04362,Jay Sanford,2017-08-29,Grade 3,+15273063875,203
S04363,Francisco Crane,2006-10-10,Grade 1,+16395780229,793
S04364,Jason Mays,2008-09-03,Grade 1,+14902720383,-
S04365,James Murray,2011-02-09,Grade 3,+13465219594,9535
S04366,Amanda Sampson,2016-12-24,Grade 2,+12096890998,-
S04367,Kaitlin Jones,2009-05-24,Grade 4,+14926153805,773
S04368,Nathaniel Wilson,2019-01-25,Grade 4,+14956107036,9290
S04369,Bianca Parker,2013-09-05,Grade 5,+15958673135,-
S04370,Isaac Garza,2007-04-06,Grade 4,+13673449281,893
S04371,Michael Olson,2011-12-09,Grade 1,+17536258875,5668
S04372,Terri Smith,2018-07-04,Grade 5,+19214543862,41346
S04373,Sarah Landry,2007-02-13,Grade 2,+12482176685,2001
S04374,Amy Myers,2006-03-13,Grade 2,+17703126368,-
S04375,Marc Washington,2008-06-25,Grade 4,+14067348667,3379
S04376,Shawn Spencer,2012-04-08,Grade 5,+16019989640,3296
S04377,Angela Vargas,2018-03-05,Grade 2,+15414367807,279
S04378,Tyler Wilson,2011-07-19,Grade 3,+15524589622,442
S04379,Robin Butler,2014-08-09,Grade 4,+14542745834,-
S04380,Sarah Hicks,2014-07-21,Grade 2,+15485699435,-
S04381,Brandi Cole,2011-03-26,Grade 5,+13899675736,49244
S04382,Kristine Gutierrez,2015-07-14,Grade 1,+16165997846,7343
S04383,Craig Cook,2009-07-03,Grade 5,+18415171660,868
S04384,Rebecca Martinez Md,2015-06-04,Grade 2,+17085251903,-
S04385,Eric Davenport,2017-12-22,Grade 4,+13152211745,-
S04386,Shannon Terrell,2009-09-21,Grade 4,+17028911157,31722
S04387,Sarah Rios,2009-08-01,Grade 3,+13215364753,0449
S04388,Richard Michael,2008-02-19,Grade 3,+12005719006,621
S04389,Elizabeth Wilson,2011-03-10,Grade 3,+19582168161,6484
S04390,Latasha Foster,2017-05-15,Grade 2,+15068571796,32431
S04391,Austin Johnson,2012-09-09,Grade 2,+15807921529,-
S04392,Rodney Edwards,2010-03-04,Grade 1,+19943181403,57194
S04393,Kaitlin Juarez,2016-12-26,Grade 5,+17982557501,2590
S04394,Diana Murray,2006-05-14,Grade 4,+17553049655,-
S04395,Denise Lopez,2009-01-26,Grade 2,+19939350727,-
S04396,Susan Norris,2016-07-14,Grade 5,+19372459531,87696
S04397,Paul Buckley,2010-05-15,Grade 5,+12086805422,-
S04398,Amanda Lawrence,2013-02-27,Grade 1,+18659269576,728
S04399,Robert Kerr,2008-05-27,Grade 5,+13683354518,-
S04400,Lori Vega,2014-11-07,Grade 4,+15717291724,1138
S04401,Cory Martinez,2011-03-04,Grade 4,+16484284339,562
S04402,David Coleman,2012-05-16,Grade 4,+19928685594,062
S04403,Deanna Brooks,2009-06-04,Grade 3,+15578983552,64331
S04404,Anthony Daniels,2014-06-22,Grade 5,+15063779095,-
S04405,Crystal Todd,2017-08-02,Grade 4,+18813530368,-
S04406,Adam Pena,2015-05-25,Grade 1,+16233506317,366
S04407,Clayton Espinoza,2007-03-18,Grade 1,+15036279519,-
S04408,Patrick Smith,2014-08-19,Grade 2,+15582575970,766
S04409,Thomas Anthony,2018-11-11,Grade 4,+18102434534,-
S04410,Nathaniel White,2015-11-29,Grade 5,+18032567566,1926
S04411,Nicole Rivera,2013-07-27,Grade 1,+13567066031,-
S04412,Justin Mitchell,2011-03-11,Grade 3,+15948187337,-
S04413,George Lee,2016-01-18,Grade 2,+17184184415,-
S04414,Thomas Torres,2018-06-21,Grade 1,+15118894065,-
S04415,Wendy Ho,2009-03-30,Grade 4,+13214716014,00880
S04416,Kevin Combs,2018-07-15,Grade 2,+12968812932,-
S04417,Lisa Ryan,2016-07-19,Grade 5,+19637156337,-
S04418,Paige Barrera,2019-02-11,Grade 1,+19756933398,55029
S04419,James Dudley,2016-05-05,Grade 2,+15275686003,56795
S04420,Ricardo Soto,2008-11-02,Grade 2,+12019102481,65852
S04421,Robert Brown,2017-01-05,Grade 3,+16772345294,59896
S04422,Robert Sullivan,2011-03-31,Grade 1,+18784298140,3079
S04423,Vincent Pineda,2010-10-19,Grade 3,+17345719077,99154
S04424,Mark Sanders,2007-10-14,Grade 3,+15168427581,39835
S04425,Michael Bartlett,2008-05-22,Grade 3,+16152915052,-
S04426,Nancy Smith,2010-06-12,Grade 4,+17467404800,-
S04427,Joshua Medina,2009-06-26,Grade 5,+19956365841,-
S04428,Christopher Smith,2011-02-07,Grade 2,+13417845157,05251
S04429,Tommy Williams,2012-08-16,Grade 4,+13744544088,-
S04430,Trevor Chambers,2014-11-08,Grade 4,-,-
S04431,Jennifer Cannon,2010-08-03,Grade 2,+13037385716,1261
S04432,Jenna Walker,2018-01-04,Grade 3,+12797648418,67273
S04433,Alexander Crawford,2007-11-09,Grade 3,+17432124896,-
S04434,Jasmine Collins,2007-05-10,Grade 4,+12429151334,7889
S04435,Sarah Lopez,2010-11-10,Grade 4,+19998686822,-
S04436,Elizabeth Mckenzie,2014-11-01,Grade 2,+16332073295,-
S04437,Brian Williams Phd,2009-04-13,Grade 5,+15708850918,523
S04438,Jonathan Mathis,2011-12-17,Grade 3,+19376840114,436
S04439,Kenneth Williams,2008-04-08,Grade 3,+13279173995,5533
S04440,Nicholas Michael,2018-05-31,Grade 2,+18798259350,1340
S04441,Tammy Carr,2014-10-08,Grade 2,+13196773670,279
S04442,Deanna Powers,2010-09-04,Grade 3,+13056405970,81612
S04443,Allison Garcia,2014-05-19,Grade 2,+12795199350,787
S04444,Dawn Estes,2010-02-20,Grade 2,+13265176562,-
S04445,Timothy Wiley,2009-11-10,Grade 5,+16807871436,76805
S04446,Michelle Coleman,2011-07-02,Grade 1,+16063663834,29553
S04447,Katherine Gentry,2015-07-19,Grade 1,+13438228188,4785
S04448,Crystal Thomas,2017-10-28,Grade 4,+14487245921,11014
S04449,Andres Delgado,2012-02-29,Grade 5,+12546000261,12449
S04450,Linda Zuniga,2008-03-14,Grade 2,+13158499108,0874
S04451,Kimberly Howard,2008-02-15,Grade 4,+13409664662,898
S04452,Gabriel Payne,2011-07-06,Grade 3,+13413477823,67830
S04453,Michael Williams,2015-06-24,Grade 5,+15114682540,0874
S04454,Andrew Mullen,2015-12-24,Grade 2,+14279328750,5016
S04455,Zachary Harris,2019-02-16,Grade 1,+16507009642,-
S04456,Alyssa Santos,2015-11-19,Grade 5,+13766308151,-
S04457,Brandon Bullock,2017-02-01,Grade 5,+18587131819,4012
S04458,Ashley Matthews,2017-09-26,Grade 5,+13574079755,9965
S04459,John Jones,2017-12-12,Grade 3,-,-
S04460,Aaron Choi,2010-12-09,Grade 4,+15838720650,41008
S04461,Zachary Hudson,2013-07-15,Grade 2,+15683369703,4550
S04462,Sharon Lee,2010-05-02,Grade 3,+13369366014,830
S04463,Christine Scott,2007-02-07,Grade 1,+13549993372,1966
S04464,Timothy Alexander,2017-02-25,Grade 2,+15608337855,-
S04465,Katherine Lane,2008-02-29,Grade 3,+12943737968,024
S04466,James Brown,2011-01-29,Grade 5,+13528445990,0930
S04467,Raymond Ho,2017-08-18,Grade 3,+18326634779,61174
S04468,Heather Turner,2008-02-16,Grade 1,+15899216868,40356
S04469,Lisa Massey,2009-09-14,Grade 2,+13628273537,657
S04470,Regina Frost,2008-05-30,Grade 2,+16434697883,-
S04471,Tiffany Ramirez,2013-04-14,Grade 2,+14005506746,-
S04472,Tiffany Cunningham,2014-07-17,Grade 2,+12029032309,51511
S04473,Dawn Chung,2011-12-09,Grade 1,+13336511134,4490
S04474,Barbara Walsh,2012-01-10,Grade 5,+15308668292,-
S04475,Natalie Miller,2018-02-13,Grade 2,+13154125513,505
S04476,Lisa Garcia,2006-07-04,Grade 1,+13165007364,-
S04477,Daniel Bright,2011-10-01,Grade 4,+15425710152,2109
S04478,Melanie Ramirez,2008-01-03,Grade 2,+18867399692,-
S04479,Hunter Schultz,2017-09-15,Grade 3,+15382360322,779
S04480,Victoria Nguyen,2006-09-26,Grade 2,+16723916509,500
S04481,Douglas Rogers,2017-01-29,Grade 3,+16277504397,41255
S04482,Maria Kerr,2017-04-02,Grade 1,+13676388621,954
S04483,Ashley Watts,2015-05-14,Grade 3,+12669745508,726
S04484,Ernest Walker,2015-10-06,Grade 1,+16174574240,2094
S04485,Leslie Howard,2010-12-18,Grade 3,+12942378222,-
S04486,Sara Smith,2013-06-25,Grade 1,+13386475163,-
S04487,Robert Mitchell,2012-10-30,Grade 5,+13364827958,8004
S04488,James Johnson,2013-01-02,Grade 1,+12998025899,280
S04489,Sandra Smith,2018-06-26,Grade 1,+15668461171,-
S04490,Victoria Perkins,2018-07-30,Grade 1,+17099691087,-
S04491,Lisa Mosley,2006-09-03,Grade 5,+12029377938,-
S04492,Wanda Bartlett,2013-10-04,Grade 1,+12017497167,-
S04493,Mark Pierce,2009-04-04,Grade 2,+18826009060,-
S04494,Richard Mueller,2011-01-19,Grade 1,+14545968639,6348
S04495,Douglas Thomas,2011-12-27,Grade 3,+18453244106,-
S04496,Elizabeth Baker,2010-01-21,Grade 3,+12115761484,07566
S04497,Lisa Campos,2017-07-04,Grade 5,+16553168961,0455
S04498,Darius Guerra,2017-12-25,Grade 3,+17592429835,33163
S04499,Matthew Adams,2018-08-13,Grade 5,+18152535241,88112
S04500,John Garcia,2010-01-24,Grade 2,+17795741239,05728
S04501,Bryan Lindsey,2007-08-17,Grade 5,-,-
S04502,Joshua Curtis,2014-08-09,Grade 2,+16114162344,06503
S04503,Edward Hughes Dds,2010-06-27,Grade 3,+19085242502,924
S04504,Evelyn Winters,2010-01-30,Grade 5,+19164226597,79350
S04505,Jacqueline Ayers,2013-11-21,Grade 5,+13668558810,297
S04506,Ryan Fowler,2009-09-13,Grade 4,+16316028368,-
S04507,Lance Fry,2008-12-23,Grade 2,+15249555870,460
S04508,Joseph Singh,2009-10-12,Grade 1,+17595406829,76078
S04509,Jaime Mason,2008-07-20,Grade 5,+12922709557,7021
S04510,Sarah Cameron,2009-01-28,Grade 2,+18607315955,-
S04511,Grant Bell,2010-10-27,Grade 5,+17284086264,2142
S04512,Bryan Kelley,2009-02-26,Grade 3,+19188430126,9409
S04513,Brent Jones,2009-11-19,Grade 4,+13885668915,62818
S04514,Tiffany Martinez,2013-05-28,Grade 3,+12734084734,-
S04515,Lisa Hunter,2011-07-30,Grade 4,+13452558382,-
S04516,Paul Patterson,2017-07-05,Grade 2,+19595026150,526
S04517,Benjamin Nichols,2017-01-25,Grade 5,+18733525081,-
S04518,Alexander Morris,2007-04-02,Grade 5,+16793641220,67943
S04519,Brandon Chan,2018-11-06,Grade 4,+18439394040,-
S04520,John Quinn,2018-11-13,Grade 2,+14453537571,-
S04521,George Cox,2010-07-02,Grade 4,+16014009309,0053
S04522,Noah Williams,2010-12-07,Grade 5,+15328784167,-
S04523,Selena Collins,2011-02-11,Grade 5,+14536474395,513
S04524,Michael Miranda,2009-10-17,Grade 4,+16452358520,-
S04525,Crystal Nelson,2007-08-19,Grade 5,+16926823941,05721
S04526,David Guzman,2011-02-28,Grade 4,+14353488285,48177
S04527,Donna Cooper,2006-03-21,Grade 3,+13283763409,-
S04528,Ronnie Savage,2012-07-16,Grade 2,+18064531378,09286
S04529,Renee Cruz Dvm,2012-10-28,Grade 2,+16508275413,205
S04530,Kyle Rosales,2008-09-18,Grade 1,+13958751148,68884
S04531,Lauren Miranda,2018-10-19,Grade 4,+12695268127,2662
S04532,Jennifer Sloan,2015-04-09,Grade 4,+16614081337,-
S04533,Gregory Yu,2009-09-10,Grade 3,+16255719158,546
S04534,Linda Brown,2010-12-25,Grade 4,+14758120492,-
S04535,Kathleen Morris,2012-09-30,Grade 3,+13564952411,-
S04536,Nicole Williams,2017-04-28,Grade 5,+14142471047,52469
S04537,Connie Nguyen,2011-08-18,Grade 5,+19606892209,1786
S04538,Mrs. Tracey Wilson Dds,2006-06-18,Grade 5,+16693891068,-
S04539,Sheri Davidson,2010-05-11,Grade 1,+19445157907,-
S04540,Dr. Mary Davis,2007-05-20,Grade 5,+14264966930,-
S04541,Sara Martinez,2018-05-24,Grade 5,+17055127991,7045
S04542,Ronnie Rogers,2008-01-22,Grade 1,+13377488820,7026
S04543,Kyle Williams,2009-06-26,Grade 2,+14526044425,420
S04544,Mark Phillips,2011-10-14,Grade 5,+14882479860,17858
S04545,Jacob Alvarez,2016-08-17,Grade 4,+19888568227,2564
S04546,Keith Horton,2011-10-14,Grade 4,+13915707739,-
S04547,Daniel Ortiz,2015-03-02,Grade 4,+12864028699,-
S04548,Angela Harris,2008-01-05,Grade 3,+13489205997,-
S04549,Sophia Alexander,2017-01-13,Grade 1,+17512443824,450
S04550,Kathy Martinez,2014-02-16,Grade 4,+15838838151,-
S04551,Tara Allison,2008-06-16,Grade 2,+15847556740,4477
S04552,Carolyn Parrish,2006-08-09,Grade 3,+17183479876,107
S04553,Erika Schmidt,2009-09-27,Grade 5,+13498841603,808
S04554,Ryan Dixon,2013-07-17,Grade 4,+17735852019,3873
S04555,Robert Li,2011-11-22,Grade 2,+18243031048,212
S04556,Katherine Young,2015-06-12,Grade 5,+14956531299,06308
S04557,Rachel Lynn,2017-04-24,Grade 3,+19409914771,638
S04558,David Kaufman,2017-05-01,Grade 1,+17033963176,24617
S04559,Marcia Davis,2017-02-28,Grade 2,+13756995147,8521
S04560,Christina Bradley,2006-04-02,Grade 1,+14067925212,76455
S04561,Deborah Matthews,2010-04-12,Grade 5,-,-
S04562,Joseph Nguyen,2009-11-14,Grade 5,+15824317520,9824
S04563,Hector Stanton,2017-11-11,Grade 5,+16312607281,79430
S04564,Anthony Gonzalez,2008-04-24,Grade 1,-,-
S04565,Michelle Barker,2006-12-16,Grade 1,+14994882687,-
S04566,Eric Lee,2010-09-01,Grade 5,+16906815489,-
S04567,Amanda Shelton,2010-10-13,Grade 2,+19639828328,276
S04568,Michael Strickland,2017-04-01,Grade 3,+12203925116,611
S04569,Daniel Carter,2010-10-15,Grade 3,+14623361246,-
S04570,Brian Martinez,2007-09-12,Grade 1,+16589367589,-
S04571,Gary Molina,2010-11-09,Grade 5,+14688791567,881
S04572,Kevin Quinn,2006-05-16,Grade 3,+12976665663,5330
S04573,Sandra Hamilton,2012-02-13,Grade 3,+19502428519,4163
S04574,Dylan Smith,2011-06-19,Grade 3,+18795806793,68426
S04575,Melanie Cain,2007-05-30,Grade 4,+12786176232,-
S04576,Richard Hayes,2012-09-01,Grade 4,+18393155224,-
S04577,Regina Mcdonald,2007-02-19,Grade 3,+18848956397,2509
S04578,Mrs. Molly Waller,2008-06-18,Grade 3,+14023362173,929
S04579,Melissa Osborn,2014-01-17,Grade 3,+14317766363,-
S04580,Mrs. Patricia Mann,2018-08-20,Grade 2,+17354041340,044
S04581,Nicholas Sweeney,2015-10-16,Grade 5,+15732594459,9655
S04582,James Ruiz,2013-12-28,Grade 3,+14949746586,546
S04583,Eric Sanders,2011-01-01,Grade 4,+14837153724,959
S04584,Traci Roberts,2016-10-04,Grade 4,+14416331052,-
S04585,Savannah Rodriguez,2015-08-27,Grade 4,+12338596901,68837
S04586,Marissa Knight,2016-11-28,Grade 5,+13404274712,41871
S04587,Chase Martin,2007-05-25,Grade 3,+17528122589,554
S04588,Diana Morris,2013-02-18,Grade 3,-,-
S04589,Erin Novak,2007-09-10,Grade 3,+17129692685,-
S04590,Christopher Hughes,2011-01-09,Grade 3,+13585903843,-
S04591,Brandi Robinson Md,2019-02-21,Grade 2,+19544736643,812
S04592,Catherine Werner,2008-04-05,Grade 3,+13145217600,287
S04593,Steven Velasquez,2017-12-13,Grade 3,+13012899832,-
S04594,Todd Roach,2017-11-05,Grade 5,+13129656756,-
S04595,Brittany Klein,2006-04-22,Grade 2,+19122851748,274
S04596,Barbara Martinez,2009-06-29,Grade 4,+14357954939,438
S04597,Cassandra Flores,2018-02-12,Grade 4,+15528275296,211
S04598,Daniel Oliver,2018-04-02,Grade 1,+14259531809,19832
S04599,Joseph Phillips,2015-09-27,Grade 2,+14689103441,-
S04600,Aimee Mccoy,2018-12-21,Grade 1,+14148561985,-
S04601,Jason Davis,2008-10-13,Grade 3,+17486489165,17384
S04602,Bruce Hopkins,2011-04-03,Grade 2,+12825890552,325
S04603,Gregory Lucas,2010-09-29,Grade 4,+12566914467,-
S04604,Christopher Gonzalez,2008-06-02,Grade 2,-,-
S04605,Scott Hutchinson,2014-06-21,Grade 1,+15397204760,697
S04606,Jacqueline Sullivan,2015-02-19,Grade 4,+12905628708,99168
S04607,Daniel Rose,2016-01-30,Grade 3,+18383171362,3685
S04608,Dawn Taylor,2017-11-10,Grade 3,+16215692882,0762
S04609,Anthony Davis,2006-05-22,Grade 4,+13015589444,671
S04610,Tina Ho,2016-03-18,Grade 1,+13193804999,-
S04611,Cody Waller,2015-01-19,Grade 1,+16487257399,093
S04612,Betty Madden,2015-10-03,Grade 1,+19097999288,06727
S04613,Ernest Wood,2006-07-03,Grade 2,+13444650308,-
S04614,Justin Green,2012-09-02,Grade 3,+19424802951,-
S04615,Austin James,2015-06-03,Grade 2,+17353189326,04306
S04616,Wendy Spencer,2017-03-22,Grade 2,+13904077674,-
S04617,Jessica Pratt,2015-01-17,Grade 5,+17163916622,9317
S04618,Amy Chen,2014-06-01,Grade 3,+16615597384,85798
S04619,Jesse Friedman,2012-06-20,Grade 3,+14998255258,-
S04620,Vicki Hicks,2015-10-14,Grade 5,+15485511219,873
S04621,Sean Russo,2016-12-29,Grade 2,+17186351180,-
S04622,Richard Wiggins,2015-12-25,Grade 4,+19834574992,4650
S04623,David Clark,2011-05-30,Grade 5,+17079558090,-
S04624,Kristin Mcgee,2007-02-17,Grade 3,+14888352895,-
S04625,Desiree Jacobs,2012-10-06,Grade 1,+15415595794,-
S04626,Christopher Huff,2009-12-19,Grade 1,+15528025378,463
S04627,Christopher Alexander,2010-09-24,Grade 5,+13265100004,469
S04628,Mark Wright,2017-09-12,Grade 3,+13427147167,-
S04629,Jessica Kemp,2012-03-25,Grade 3,-,-
S04630,Thomas Mahoney,2008-09-03,Grade 4,+17308856535,-
S04631,Kelly Smith,2010-08-22,Grade 4,+18006948847,-
S04632,Teresa Hansen,2016-07-01,Grade 4,+13326044694,52968
S04633,Nicole Tanner,2015-05-09,Grade 1,+14102651485,-
S04634,Lisa Taylor,2006-07-18,Grade 4,+15336139199,368
S04635,Douglas Rodgers,2013-12-26,Grade 5,+14098199531,903
S04636,Kelly Stewart,2009-11-27,Grade 4,+16216942204,-
S04637,David Carey,2015-05-24,Grade 5,+13483971341,967
S04638,Cynthia Gonzalez,2007-12-24,Grade 3,+12096782758,-
S04639,John Gonzalez,2018-07-01,Grade 5,+15642042656,38764
S04640,Earl Vega,2015-08-15,Grade 4,+16212434919,-
S04641,Julia Hayes,2011-04-28,Grade 3,+13395675310,880
S04642,Brandon Mills,2013-10-06,Grade 4,+14233516493,575
S04643,Matthew Burton,2007-01-07,Grade 1,+13326503230,4252
S04644,Alyssa Flores,2011-09-21,Grade 5,+13944834336,-
S04645,Ashley Jones,2016-01-11,Grade 1,+17533908510,-
S04646,Jeremy Cunningham,2012-03-10,Grade 4,+16233457736,-
S04647,Samuel Mullins,2016-11-04,Grade 3,+13247502243,66302
S04648,Brett Thompson,2015-08-18,Grade 2,+13587989234,-
S04649,Abigail Mooney,2010-01-06,Grade 5,+16225906060,4474
S04650,Alex Matthews,2015-05-20,Grade 5,-,-
S04651,David Bowen,2017-05-20,Grade 4,+17316737472,-
S04652,Lindsey Miller,2007-12-10,Grade 5,+19759172549,0540
S04653,Danielle Dalton,2007-11-06,Grade 3,+15036195650,936
S04654,Kathleen Graham,2016-05-16,Grade 5,+19966203849,-
S04655,Nicole Bowman,2018-09-26,Grade 4,+19768069389,7227
S04656,Justin Bradley,2014-09-15,Grade 4,+16609104203,-
S04657,David Graham,2008-03-19,Grade 3,+15584843401,4517
S04658,Kaitlyn Rocha,2017-09-15,Grade 5,+17999520891,76379
S04659,Brad Randolph,2018-08-22,Grade 5,+13188996478,-
S04660,Jacqueline Cortez,2015-09-27,Grade 2,+12016896368,6272
S04661,Tyler White,2013-12-28,Grade 3,+17893675655,724
S04662,Christopher Flores Md,2012-10-15,Grade 4,-,-
S04663,Rebecca Barker,2007-11-21,Grade 2,+18427075425,52347
S04664,Samantha Barker,2007-04-21,Grade 4,+18376583390,-
S04665,Karen Gray,2016-07-30,Grade 1,+12025078868,020
S04666,Kayla Bryan,2017-09-30,Grade 5,+18816100498,173
S04667,Jenna Hubbard,2011-11-04,Grade 1,+13009906442,62817
S04668,Emily Mccoy,2012-03-04,Grade 2,+18762520783,-
S04669,Angel Sullivan,2018-03-11,Grade 2,-,-
S04670,Mark Nunez,2009-10-17,Grade 1,+17612768067,513
S04671,Jessica Roberts,2008-04-29,Grade 5,+15179354970,58732
S04672,Anthony Young,2018-10-01,Grade 2,+18715989383,151
S04673,Rhonda Ryan,2011-07-28,Grade 2,-,-
S04674,Patrick Reynolds,2018-10-14,Grade 4,+19164379621,07344
S04675,Ethan Gibson,2011-07-28,Grade 3,+15713911522,5920
S04676,George Perez,2012-02-12,Grade 4,+15136293588,40360
S04677,Mariah Hill,2015-02-04,Grade 5,+13433276022,881
S04678,Nancy Gallagher,2016-06-22,Grade 5,+18308100911,2931
S04679,Miss Erica Crawford,2016-03-12,Grade 3,-,-
S04680,Keith Shah,2007-04-02,Grade 3,+14554081772,-
S04681,Melissa Williams,2018-10-16,Grade 4,+18442560919,-
S04682,Mark Koch,2016-01-23,Grade 1,+19738631699,-
S04683,Philip Gamble,2013-01-19,Grade 5,+19647940048,2158
S04684,Maria Johns,2007-12-18,Grade 5,+15772452786,-
S04685,Lindsey Harrison,2013-09-13,Grade 3,+14255021551,437
S04686,Marilyn Green,2014-06-04,Grade 5,+19566109573,918
S04687,Michael Carson,2016-06-08,Grade 4,+16403961061,748
S04688,Jessica Jackson,2018-02-15,Grade 4,+18426119920,-
S04689,Briana Deleon,2008-04-13,Grade 2,+15735053182,-
S04690,Amy Garcia,2012-08-18,Grade 1,+15494386515,-
S04691,Alison Perez,2008-12-17,Grade 4,+12899053683,-
S04692,April Dixon,2015-04-16,Grade 5,+12587537300,95280
S04693,Ariel Jackson,2007-11-21,Grade 3,+14306122175,36635
S04694,Laura Scott,2010-07-06,Grade 4,+19319085571,1011
S04695,April Brown,2012-09-02,Grade 5,+14074466781,35733
S04696,Brian Carrillo,2014-06-24,Grade 1,+18694596333,-
S04697,Sharon Jones,2010-04-14,Grade 4,+17227086739,-
S04698,Thomas Gibson,2011-05-01,Grade 2,+18016611309,-
S04699,Mackenzie Spencer,2009-08-15,Grade 5,+17532992022,3242
S04700,Philip Fischer,2018-01-12,Grade 1,+12622339511,-
S04701,Amanda Smith,2010-10-15,Grade 3,+12039210248,09841
S04702,Dakota Barnett,2010-06-25,Grade 2,+15325979588,92179
S04703,Bradley Rojas,2015-03-11,Grade 5,+13138666420,674
S04704,Michael Pratt,2008-05-12,Grade 2,+15999402207,-
S04705,Paula Bean,2006-10-22,Grade 2,+13236039254,-
S04706,Angela Morgan,2009-12-07,Grade 5,+19384353414,027
S04707,Joshua Petty,2009-11-07,Grade 4,+18002425107,-
S04708,Aaron Barajas,2016-02-27,Grade 3,-,-
S04709,Brittany Lowe,2011-05-05,Grade 4,+19343406551,-
S04710,Brett Harrison,2018-01-20,Grade 2,+16057767296,-
S04711,Krystal Russell,2018-01-25,Grade 2,+15949945802,464
S04712,Mary Stone,2015-10-10,Grade 4,+12698073074,940
S04713,Kathy Lowe,2014-04-21,Grade 5,-,-
S04714,Mark Smith,2006-04-10,Grade 5,+16142622310,-
S04715,Joshua Mcguire,2013-06-10,Grade 4,+12634098977,18734
S04716,Toni Berg,2007-06-22,Grade 5,+18696910449,343
S04717,Travis Mann,2011-06-30,Grade 2,+12605713013,293
S04718,John Smith,2015-01-18,Grade 1,+13233208280,2532
S04719,Charles Butler,2010-02-07,Grade 3,+16295182509,-
S04720,Janet Morris,2007-01-20,Grade 4,+18023422642,3078
S04721,Louis Fowler,2012-01-01,Grade 1,-,-
S04722,Shelby Hall,2007-12-10,Grade 3,+16655895041,-
S04723,James Jackson,2017-06-06,Grade 2,-,-
S04724,Wendy Lynch,2006-05-07,Grade 5,+12836593009,-
S04725,Brittney Davis,2018-10-03,Grade 2,+18527622346,3034
S04726,Diana Walker,2015-07-01,Grade 3,+18667263600,78015
S04727,Kristy Flores,2015-05-30,Grade 1,+16793235104,-
S04728,Timothy Stanley,2019-02-24,Grade 4,+17383968742,234
S04729,Brandon Perez,2009-10-27,Grade 1,+16853910084,031
S04730,Michael Greer,2006-10-13,Grade 2,+14945125159,96327
S04731,Stephen Ford,2012-05-22,Grade 4,+12212540931,583
S04732,Ashley Murray,2016-08-17,Grade 2,+15707684394,79471
S04733,Raymond Hudson,2010-07-03,Grade 5,+13643348508,614
S04734,Amanda Baker,2007-03-24,Grade 1,+19039281222,146
S04735,Gary Reeves,2009-07-10,Grade 4,+14909104902,420
S04736,Patrick Harris,2012-07-07,Grade 2,+19259603717,-
S04737,Matthew Reynolds,2018-04-15,Grade 1,+17683212355,09859
S04738,Stanley Brooks,2012-09-20,Grade 5,+17675006741,0042
S04739,Michelle Wright,2015-08-21,Grade 1,+14389936966,-
S04740,Maria Perry,2010-04-10,Grade 5,+18235674535,01936
S04741,Johnathan Love,2015-09-18,Grade 2,+17795358602,-
S04742,Thomas Spencer,2008-12-24,Grade 1,+13573981308,-
S04743,Cynthia Madden,2017-07-19,Grade 3,+12612662824,07746
S04744,Ashley Hunter,2006-12-15,Grade 3,+18468504890,3703
S04745,Elizabeth Wright,2006-12-21,Grade 1,-,-
S04746,Austin Tucker,2016-10-19,Grade 3,+17726972669,668
S04747,Jonathan Martin,2010-10-21,Grade 3,+18453849977,-
S04748,Trevor Davis,2018-04-23,Grade 1,+13666282773,5876
S04749,Charles Smith,2012-12-03,Grade 4,+16422568308,2037
S04750,Ronald Miller Iii,2013-08-21,Grade 5,+19935994792,952
S04751,Darin Elliott,2014-01-27,Grade 2,+14044039346,011
S04752,Kenneth Sims,2016-09-09,Grade 5,-,-
S04753,Leroy Mckinney,2010-05-02,Grade 4,+19335906804,-
S04754,Kevin Velazquez,2013-10-05,Grade 1,+15294211588,873
S04755,April Patterson,2013-05-04,Grade 3,+12515708508,2492
S04756,Cindy Perez,2018-03-03,Grade 1,+12289227664,-
S04757,Jill Alexander,2009-04-24,Grade 1,+17493540620,1194
S04758,Paula Martin,2009-03-20,Grade 4,+14856328797,-
S04759,Henry Peterson,2017-10-16,Grade 5,-,-
S04760,Melissa Carpenter,2015-09-17,Grade 3,+13928508115,-
S04761,Jonathan Hickman,2009-09-15,Grade 4,+17904736803,-
S04762,Rachel Ray,2017-07-31,Grade 5,+16473459966,138
S04763,Jennifer Mckenzie,2015-10-11,Grade 2,+15719121364,-
S04764,Ronnie Martin,2011-03-29,Grade 2,+13318774150,119
S04765,Travis Burton,2018-08-12,Grade 5,+18234307986,90797
S04766,Antonio Holt,2014-07-03,Grade 4,+17388897110,05953
S04767,Michelle Winters,2006-10-12,Grade 3,+19496939218,-
S04768,Joshua Brown,2009-01-06,Grade 4,+17516624246,-
S04769,Kenneth Ayers,2011-12-27,Grade 3,+15337537322,49311
S04770,Michael Edwards,2011-07-02,Grade 2,+16553684463,70818
S04771,Lisa Ferguson,2013-09-10,Grade 4,+14753260360,-
S04772,Karen Becker,2007-11-07,Grade 1,+18286335789,988
S04773,Stephen White,2015-02-06,Grade 2,+15404441560,883
S04774,Michelle Wilson,2009-01-01,Grade 3,+18552435632,7935
S04775,Benjamin Lopez,2012-07-09,Grade 1,-,-
S04776,Michelle Thomas,2012-02-11,Grade 2,+12384921617,1830
S04777,Jason Nguyen,2011-11-12,Grade 2,+16587536100,5733
S04778,Ryan Fields,2008-08-05,Grade 3,+19868784306,-
S04779,Martin Gonzalez,2010-10-16,Grade 4,+13406428158,349
S04780,Melanie Williams Md,2011-11-20,Grade 1,+17536929720,-
S04781,Dan Summers,2013-05-31,Grade 4,+12807007345,-
S04782,Tyler English,2013-04-02,Grade 3,+15224671974,-
S04783,Taylor Johnson,2009-04-12,Grade 2,+17313078898,91721
S04784,Jerry White,2017-01-30,Grade 1,+18288227745,4741
S04785,Marissa Maxwell,2011-04-04,Grade 5,+16942881041,166
S04786,Tyler Rivera,2013-05-19,Grade 5,+15923729852,-
S04787,Sonia Barton,2006-05-19,Grade 4,+16665348251,-
S04788,Betty Ferguson,2009-11-03,Grade 4,+12506156045,-
S04789,Donald Jones,2006-07-13,Grade 4,+17438492576,-
S04790,Jose Villanueva,2011-06-07,Grade 2,+13379237453,9193
S04791,Steven Brown,2014-12-06,Grade 4,+13776199911,750
S04792,Brent English,2006-10-22,Grade 4,+18236021981,6700
S04793,Nathan Young,2015-02-18,Grade 5,+19567872859,458
S04794,Kathleen Graham,2006-11-30,Grade 5,+16808011605,044
S04795,Troy Valenzuela,2018-05-23,Grade 1,+18133187679,3900
S04796,William Flores,2011-07-05,Grade 4,+19759830682,3466
S04797,Tammy Gordon,2011-11-02,Grade 1,+16375320998,8522
S04798,Ernest Garcia,2013-02-15,Grade 4,+14912778248,53541
S04799,Jessica Bennett,2014-02-15,Grade 4,+17809564022,215
S04800,Kimberly Shields,2013-01-12,Grade 1,+17267467812,427
S04801,Teresa Ferguson,2010-10-13,Grade 4,+17666573571,21667
S04802,Christine Williams,2018-12-27,Grade 3,-,-
S04803,Megan Holmes,2014-07-22,Grade 5,+15017490411,-
S04804,Julia Wong,2007-07-26,Grade 5,+16213795626,-
S04805,Robert Jackson,2012-08-14,Grade 4,+14383731454,-
S04806,Kelly Wright,2008-12-28,Grade 5,+13518369050,9402
S04807,Jessica Haney,2011-04-21,Grade 1,+12026754725,-
S04808,Jordan Young,2015-09-04,Grade 2,+19672474968,689
S04809,Cory Ford,2008-07-11,Grade 3,+15668929944,-
S04810,Cheryl Cook,2009-07-20,Grade 4,+15635336488,64253
S04811,Jean Hester,2006-08-30,Grade 3,+19167093032,-
S04812,Deanna Maldonado,2009-07-08,Grade 5,+13766031026,-
S04813,Darlene Burke,2009-12-25,Grade 5,+17135051160,96372
S04814,Joy Warren,2011-07-23,Grade 3,+15966142265,-
S04815,Jesse Higgins,2007-02-01,Grade 1,+17704877107,-
S04816,Jesus Graham,2018-09-02,Grade 1,+18458979427,548
S04817,Kenneth Parrish,2018-12-10,Grade 3,+12362815580,89313
S04818,Deborah Mayer,2018-03-05,Grade 5,+14227172949,-
S04819,Megan Swanson,2016-08-18,Grade 2,+19976993423,-
S04820,Kevin Davis,2016-01-28,Grade 4,+16478373927,-
S04821,Eric Hardin,2009-10-13,Grade 3,+13192570488,-
S04822,Dr. Amber Mcclure,2009-07-19,Grade 2,+15397743429,537
S04823,Luke Rose,2018-05-13,Grade 3,-,-
S04824,Andrew Hernandez,2011-02-11,Grade 1,+17302689014,8436
S04825,James Baker,2008-02-08,Grade 4,+15299318338,38176
S04826,Julie Barrett,2015-10-31,Grade 2,+19078821453,68176
S04827,Daniel Baker,2012-01-11,Grade 3,+19965298103,-
S04828,Kenneth Hernandez,2018-09-15,Grade 2,+13465008139,0902
S04829,Carol Ramos,2009-07-08,Grade 2,+16986560221,335
S04830,Daniel Hughes,2011-08-13,Grade 3,+16598961761,48734
S04831,Mrs. Sharon Stokes,2006-04-19,Grade 3,+16464429939,883
S04832,Jennifer Ellis,2011-02-22,Grade 1,+15875139365,282
S04833,Robert Martinez,2010-01-12,Grade 1,+18384206692,923
S04834,Ryan Reese,2011-04-07,Grade 4,+17257727849,677
S04835,Heidi Stevenson,2006-08-11,Grade 3,+15113518683,-
S04836,William Riggs,2007-06-14,Grade 3,+15702775850,9623
S04837,Traci Lara,2018-10-18,Grade 3,+16545436313,97942
S04838,David Douglas,2006-06-21,Grade 1,+16259810161,249
S04839,Robert Reynolds,2015-12-18,Grade 5,+13027213571,-
S04840,Emily Williams,2008-11-26,Grade 4,+15379025785,692
S04841,Brandy Weber,2016-09-22,Grade 1,+17868896965,72389
S04842,Sophia Andersen,2006-12-14,Grade 4,-,-
S04843,Cynthia Arnold,2008-11-07,Grade 4,+19074704830,-
S04844,Mark Evans,2012-05-18,Grade 2,+15606503201,918
S04845,Sherry Pacheco,2015-04-04,Grade 1,+15924388872,-
S04846,Jesse Peters,2010-03-11,Grade 4,+12928245183,65247
S04847,Christopher Kim,2018-05-09,Grade 5,+15329312465,-
S04848,Lucas Rose,2017-03-21,Grade 1,+17515720866,1193
S04849,Levi Hopkins,2014-11-11,Grade 1,+12795290515,8960
S04850,Jessica Cooper,2015-11-06,Grade 4,+18372292002,-
S04851,Patrick Smith,2010-03-01,Grade 4,+17149996994,-
S04852,Aaron Juarez,2006-03-24,Grade 2,+19803223822,287
S04853,Paul Wood,2011-03-10,Grade 2,+17424302954,0298
S04854,Juan Nelson,2010-09-29,Grade 2,+19353074770,-
S04855,Ashley Roberts,2012-02-17,Grade 2,+14304761585,4883
S04856,Lance Edwards,2018-11-02,Grade 1,+15832309736,-
S04857,Justin West,2007-02-05,Grade 2,+15877290416,89265
S04858,Johnny Patel,2007-03-19,Grade 4,+16239083168,-
S04859,Cheyenne Patterson,2006-12-21,Grade 3,+13468681050,-
S04860,Heidi Gallegos Md,2017-07-12,Grade 3,+13876478319,6071
S04861,Ariana Burgess,2006-11-24,Grade 2,+17498155480,5498
S04862,Zachary Morgan,2008-07-23,Grade 2,+12192712440,-
S04863,Philip Ward,2015-06-13,Grade 5,+16444523865,39846
S04864,Jennifer Scott,2006-10-14,Grade 5,+17795338797,-
S04865,Jeffrey Mora Ii,2014-07-07,Grade 1,+14009196686,8192
S04866,Benjamin Mccarty,2013-05-27,Grade 2,+13483746755,88077
S04867,Jasmine Mccoy,2006-08-06,Grade 5,+18038832228,-
S04868,Sheri Howard,2007-01-13,Grade 3,+17587814879,184
S04869,Kurt Ross,2010-08-13,Grade 4,+17868195748,4574
S04870,Justin Hernandez,2009-12-21,Grade 5,+15163525875,7758
S04871,Mark Dean,2016-11-22,Grade 1,+15263554965,040
S04872,Kevin Thomas,2009-08-02,Grade 5,+15376694423,070
S04873,Dr. Connie Rivas,2016-10-11,Grade 4,-,-
S04874,Jamie Wright,2013-12-03,Grade 1,+12693685172,-
S04875,Robert Marshall,2007-04-30,Grade 3,+14018746060,-
S04876,Paige Fisher,2011-02-21,Grade 4,+12275507998,08668
S04877,Amy Scott,2011-10-19,Grade 4,+17596651662,961
S04878,Katie Henry,2014-12-26,Grade 3,+14408081954,866
S04879,Michelle Harris,2010-07-30,Grade 2,+16619388828,6051
S04880,Lauren Lane,2017-07-21,Grade 3,+18229246921,-
S04881,Benjamin Trevino,2018-08-21,Grade 3,+14212625923,-
S04882,Lisa Peterson,2009-08-10,Grade 5,+15217715625,-
S04883,Devon Norman,2013-08-26,Grade 4,+16004911930,38448
S04884,Victor Montes,2012-01-09,Grade 2,+16774930714,-
S04885,Heather Woods,2011-06-29,Grade 1,+18739452302,-
S04886,Jennifer Bowers,2008-08-17,Grade 5,+17256653385,763
S04887,Melissa Wolfe,2010-11-27,Grade 1,+17338368383,-
S04888,Julie Miller,2008-10-10,Grade 5,+12532592453,7328
S04889,Adrian Small,2013-05-02,Grade 4,+13397479220,-
S04890,Bruce Jimenez,2007-08-25,Grade 1,+17656855819,-
S04891,Joseph Murray,2016-04-02,Grade 1,+19967239325,-
S04892,Jacob Palmer,2017-09-13,Grade 5,+18257514627,-
S04893,Paul Dunn,2012-11-23,Grade 4,+15363161690,-
S04894,Amy Daniels,2013-04-10,Grade 4,+12532916824,5639
S04895,Tyler Garcia,2014-05-21,Grade 5,+12945981538,9970
S04896,Margaret Gonzalez,2009-11-02,Grade 5,+17646946929,74986
S04897,Lindsey Gomez,2006-10-22,Grade 5,+13893488142,-
S04898,Karen Arnold,2016-05-27,Grade 5,+12048313693,225
S04899,Jaime Cordova,2006-06-13,Grade 2,+15273649588,830
S04900,Vicki Sims,2008-01-13,Grade 3,+18863379196,39399
S04901,Elizabeth Jordan,2013-02-26,Grade 4,+15782633013,-
S04902,Kevin Mccormick,2014-08-09,Grade 5,+14656455669,69519
S04903,Christopher Johnston,2008-12-16,Grade 2,+19528579396,7814
S04904,Edward Sanders,2017-11-27,Grade 2,+15319234288,5867
S04905,Joseph Howard,2009-04-11,Grade 5,+14524750788,-
S04906,Michelle Guerrero,2009-03-19,Grade 3,+12746235715,-
S04907,Christian Chen,2008-06-30,Grade 4,+14705748837,563
S04908,Diane Navarro,2016-04-05,Grade 3,+12735893207,372
S04909,Jeanne Strickland,2016-06-18,Grade 4,+13458936479,630
S04910,Daisy Davis,2013-07-17,Grade 3,+12549436906,-
S04911,Andrea Gutierrez,2009-01-04,Grade 2,+15918020867,21262
S04912,Amy Crawford,2017-03-04,Grade 4,+13529221271,-
S04913,Joshua Sanders,2012-11-04,Grade 5,+13266145544,142
S04914,Diana Hicks,2017-09-14,Grade 3,+15306345852,-
S04915,Anna Rodriguez,2009-08-15,Grade 5,+14873234120,-
S04916,James Holmes,2011-02-07,Grade 2,+15873228978,-
S04917,David Cooper,2017-02-21,Grade 5,+13555889058,98547
S04918,Sheila Black,2014-01-26,Grade 1,+19579307201,6017
S04919,Amy Ayers,2008-04-17,Grade 4,+18992158692,8461
S04920,Stephanie Watts,2014-07-30,Grade 3,+15092148675,-
S04921,Amanda Wright,2006-04-06,Grade 5,+19355116470,91979
S04922,Richard Smith,2018-04-28,Grade 3,+15663789571,-
S04923,Thomas Taylor,2007-01-10,Grade 1,+19304391345,-
S04924,Amanda Torres,2008-03-25,Grade 5,+16006382477,17784
S04925,Megan Kemp,2011-07-25,Grade 2,+18075142220,3911
S04926,Mr. Danny Gray,2009-07-25,Grade 5,+12695921397,473
S04927,Laurie Austin,2011-12-20,Grade 4,+12774108860,-
S04928,Wendy Jones,2010-02-13,Grade 1,+19406225806,312
S04929,Jeffrey Anderson,2012-04-12,Grade 3,+16414950323,7711
S04930,Benjamin Cameron,2012-11-27,Grade 2,+19765106001,56235
S04931,Nancy Arnold,2011-12-09,Grade 1,+15847304784,-
S04932,Tanya Mills,2017-12-10,Grade 3,+19286259308,-
S04933,Robert Robinson,2013-03-15,Grade 3,+15132365795,362
S04934,Lynn Parrish Md,2013-02-19,Grade 2,+19675742967,-
S04935,Tiffany Jordan,2010-01-19,Grade 4,+13556407777,-
S04936,Mrs. Donna Guzman,2016-08-29,Grade 1,+14527800459,2904
S04937,John Herman,2009-08-12,Grade 1,+19292386888,-
S04938,Daniel Howard,2016-12-02,Grade 3,+17524860087,-
S04939,Patricia Roman,2016-05-12,Grade 1,+14412102339,-
S04940,Ronald Lyons,2016-08-14,Grade 1,+12095377997,945
S04941,Sean Mueller,2012-08-16,Grade 1,+15996900001,2759
S04942,Arthur Duncan,2011-01-14,Grade 3,+18662138367,-
S04943,Allison Faulkner,2008-02-10,Grade 1,+16785126818,-
S04944,Paul Barrett,2007-12-26,Grade 1,+16533301720,-
S04945,Ryan Fields,2018-05-25,Grade 1,+13583913958,7672
S04946,Alan Adams,2011-03-03,Grade 4,+13074902836,-
S04947,Jonathan Evans,2010-09-28,Grade 3,+14743900988,-
S04948,Travis Campbell,2010-10-31,Grade 2,+14754441620,2096
S04949,Lauren Hoover,2007-07-20,Grade 2,+19618068812,76753
S04950,Amanda Harris,2007-01-29,Grade 3,+15585849246,-
S04951,Emily Jackson,2012-09-18,Grade 3,+12217794884,597
S04952,Adrian Smith,2010-11-23,Grade 4,+14953668754,-
S04953,Steven Rivera,2017-10-23,Grade 5,+15303739067,-
S04954,Matthew Norman,2017-05-29,Grade 3,+12513286150,6427
S04955,Robert Love,2019-12-01,Grade 4,+13928139679,4941
S04956,Darren Pineda,2013-10-31,Grade 3,+14467162608,757
S04957,Jacob Garrett,2010-08-20,Grade 2,+12997483334,291
S04958,Carl King,2009-11-25,Grade 2,+12543523926,39913
S04959,Aimee Carroll,2017-12-12,Grade 5,+14732923221,85518
S04960,Julie Orozco,2011-02-09,Grade 1,+19736816893,-
S04961,Sabrina Myers,2015-07-13,Grade 5,+17903704354,313
S04962,Trevor Benson Phd,2015-04-27,Grade 4,+14562412431,-
S04963,Carl Reid,2014-04-14,Grade 5,+15906909783,19599
S04964,Amber Hartman,2012-11-12,Grade 3,+18419647545,-
S04965,Robert Bishop,2013-07-30,Grade 3,+14157173871,57272
S04966,Mark Mcguire,2014-06-28,Grade 1,+14699245054,12061
S04967,Alexander Morrow,2013-03-04,Grade 1,+16836133935,3923
S04968,Jessica Sandoval,2018-02-08,Grade 2,+16655824868,05235
S04969,Dr. Ashley Hogan Md,2016-12-19,Grade 1,+18242801669,133
S04970,Adam Hines,2017-02-19,Grade 4,+15916630566,996
S04971,Brittney Adams,2011-06-10,Grade 4,+14722636493,07321
S04972,Misty Gaines,2016-04-03,Grade 2,+15295448276,-
S04973,Teresa Cochran,2010-07-28,Grade 3,+13919525431,146
S04974,Michael Lewis,2017-07-13,Grade 2,+16517600277,035
S04975,Judith Andrews,2017-12-31,Grade 2,+19428343618,-
S04976,Emily Townsend,2016-11-28,Grade 4,+19495779494,2598
S04977,Steven Baker,2017-10-03,Grade 3,+13588131440,25524
S04978,Tyler Lowe,2016-02-28,Grade 1,+16346367570,9245
S04979,Eric Garrett,2014-07-23,Grade 2,+12826486730,-
S04980,Andrew Hunter,2014-07-10,Grade 4,+12476998910,315
S04981,John Banks,2017-06-08,Grade 3,+17966260878,027
S04982,Justin Peters,2007-12-08,Grade 5,+18976126331,4914
S04983,Anthony Alvarado,2006-07-11,Grade 4,+13566019738,9064
S04984,John Munoz,2010-07-20,Grade 1,+19952995794,-
S04985,William Webb,2006-11-01,Grade 3,+15183395082,6221
S04986,Ryan Bell,2010-02-19,Grade 1,+19786858660,2264
S04987,David Barnes,2011-08-02,Grade 2,-,-
S04988,Jordan White,2009-06-17,Grade 5,+13525702321,-
S04989,Carly Smith,2015-05-13,Grade 1,+14128799267,-
S04990,Teresa Brooks,2010-04-19,Grade 4,+13426293952,-
S04991,Johnny Johnson,2018-03-06,Grade 1,+15356077570,935
S04992,Derek Oneill,2017-02-13,Grade 4,+15306032340,-
S04993,Richard Fitzgerald,2012-02-03,Grade 5,+13034569132,16056
S04994,Dennis Moore,2010-04-28,Grade 5,+15654372143,738
S04995,Ann Smith,2017-02-16,Grade 5,+16454567824,-
S04996,Joseph Khan,2014-04-03,Grade 4,+13336742868,47997
S04997,Marco Page,2009-04-23,Grade 5,+13577061274,755
S04998,Sarah Gregory,2011-10-10,Grade 1,+19816526646,0457
S04999,Bridget Chen,2009-04-12,Grade 3,-,-
S05000,Kathryn Reynolds,2014-01-08,Grade 4,+14766074141,-
S05001,Mr. James Clark,2013-05-20,Grade 4,+17048991016,571
S05002,Christian Brady,2008-08-18,Grade 4,+12583632672,-
S05003,Aaron Tran,2010-09-28,Grade 1,+14633854802,756
S05004,Richard Sharp,2006-03-14,Grade 4,+15007176232,-
S05005,Ashley Ramirez,2010-10-12,Grade 4,+18858117952,372
S05006,Ricky Tran,2007-12-22,Grade 2,+18223299342,212
S05007,Kenneth Mckay,2010-07-30,Grade 1,+19897157743,-
S05008,Andrew Boyd,2014-05-30,Grade 2,+16962240451,759
S05009,Joyce Hernandez,2009-08-29,Grade 3,+19174021846,764
S05010,Kristin Avila,2012-01-06,Grade 5,+18567873347,17656
S05011,Mrs. Christine Phillips Phd,2008-10-19,Grade 5,+18257680386,-
S05012,Sean Dodson,2017-06-28,Grade 3,+13059417135,6591
S05013,Ian Hart,2015-04-05,Grade 2,+15124054562,294
S05014,Dr. Ricky Torres Iii,2013-09-11,Grade 2,+14366208310,90261
S05015,Lisa Miller,2015-06-28,Grade 3,+15075438048,47600
S05016,Ashley Smith,2017-08-30,Grade 1,-,-
S05017,Diana Lee,2009-05-20,Grade 1,-,-
S05018,Crystal Sutton,2012-12-06,Grade 4,+17739203869,7278
S05019,Cynthia Roberts,2014-01-06,Grade 1,+15508422877,-
S05020,Jasmine Stewart,2011-09-08,Grade 5,+17085868115,-
S05021,Aaron Williams,2016-12-07,Grade 1,+14543042486,98817
S05022,Amanda Berry,2018-11-15,Grade 3,+19492877606,057
S05023,Justin Kim,2015-08-28,Grade 3,+18533964395,-
S05024,Gordon Mcclure,2007-08-01,Grade 2,+12852216963,6472
S05025,Cassie Vaughan,2013-01-15,Grade 3,+16019581521,-
S05026,Paula Burke,2013-10-26,Grade 2,+17192827974,-
S05027,John Rojas,2014-01-22,Grade 1,+19482102293,-
S05028,Scott Mercado,2012-03-25,Grade 3,+17187104311,-
S05029,Jeremy Maldonado,2010-12-20,Grade 3,+15212278942,-
S05030,Alexandra Baker,2006-11-21,Grade 3,+15508998097,76286
S05031,Emily Davis,2018-06-24,Grade 4,+18102220982,-
S05032,Jason Francis,2009-03-07,Grade 4,+14293300893,-
S05033,Christine Strong,2007-08-01,Grade 5,+12535251631,013
S05034,Christopher Davis,2018-01-22,Grade 2,+14734560328,-
S05035,Jennifer Barnes,2014-09-17,Grade 1,+14814247539,947
S05036,Mary Guerrero,2011-07-06,Grade 5,+12104882967,7936
S05037,Michele Brown Md,2006-08-03,Grade 4,+19106357606,6693
S05038,Dennis Price,2007-10-07,Grade 5,+13533314256,0333
S05039,Kimberly Henry,2013-10-08,Grade 1,+12915668023,75198
S05040,James James,2013-04-27,Grade 4,-,-
S05041,Jennifer Tran,2007-04-22,Grade 4,+17719579979,-
S05042,Sara Simmons,2012-05-15,Grade 2,+19943572518,-
S05043,William Quinn,2009-06-17,Grade 5,+14572466438,6928
S05044,Cynthia Payne,2017-03-19,Grade 3,+12859684467,500
S05045,Andrea Martinez,2007-12-10,Grade 3,+15753252797,6082
S05046,Todd Gentry,2007-09-13,Grade 1,+14959991394,87279
S05047,Danielle Jenkins,2008-05-01,Grade 3,+15448943559,-
S05048,Juan Austin,2006-07-21,Grade 3,+16863466826,22627
S05049,Jamie Vincent,2006-05-06,Grade 5,-,-
S05050,John Gonzalez,2011-05-02,Grade 1,+19246622624,-
S05051,Michael Bernard,2013-07-21,Grade 1,+18872156447,3013
S05052,Jeanne Williams,2015-03-07,Grade 1,+18719537937,23541
S05053,Sarah Gomez,2013-12-21,Grade 2,+13296582475,-
S05054,Sherri Stanley,2017-10-23,Grade 2,+13099719470,953
S05055,Joel Olson,2009-07-09,Grade 3,-,-
S05056,Adam Hansen,2015-07-09,Grade 2,-,-
S05057,Thomas Sanchez,2009-05-02,Grade 3,+16756139310,5552
S05058,David Walter,2007-06-28,Grade 1,+17013268050,13866
S05059,Mark Wilson,2013-07-28,Grade 1,+14154176157,-
S05060,Ricky Moore,2017-06-18,Grade 4,+16168971703,0655
S05061,Kathleen Harris,2017-03-12,Grade 5,+15625555614,-
S05062,Jacob Wilson,2008-04-26,Grade 4,+19813517476,52034
S05063,Rebecca Noble,2011-03-16,Grade 4,+18663853191,66670
S05064,Julia Andrews,2014-07-31,Grade 1,+16748425335,50838
S05065,Emily Ray,2016-06-13,Grade 2,+12095624139,22974
S05066,David Jackson,2007-12-21,Grade 1,+14772464504,-
S05067,Antonio Goodwin,2017-04-14,Grade 4,+15968471936,-
S05068,Madison Howe,2017-01-30,Grade 5,+15877024846,1930
S05069,Christian Franco,2016-08-26,Grade 4,+13812265882,-
S05070,Emily Bowman,2011-01-19,Grade 5,+15779414625,646
S05071,Amber Stevens,2010-04-01,Grade 3,+12416337466,250
S05072,Timothy Jones,2008-03-18,Grade 2,+13099258372,58478
S05073,Tom Lawson,2016-05-23,Grade 4,+17889956594,5443
S05074,Kevin Nunez,2012-12-28,Grade 2,+14933972735,-
S05075,Leah Dawson,2016-10-29,Grade 5,+12176099822,65795
S05076,Sheila Williams,2006-11-20,Grade 2,+12817658130,753
S05077,Christopher York,2012-10-09,Grade 1,+16542485404,-
S05078,Amanda Ingram,2018-08-04,Grade 5,+16424029490,220
S05079,Veronica Willis,2013-04-19,Grade 3,+14887456370,54890
S05080,Stephen Hayes,2006-07-07,Grade 1,+16526210200,8832
S05081,Ashley Smith,2015-08-08,Grade 4,+13634421475,-
S05082,Christopher Marshall,2014-02-14,Grade 3,+12974116418,6226
S05083,Stephen Norris,2010-04-12,Grade 2,+13042804418,32056
S05084,Matthew Campos,2006-04-17,Grade 4,+18455956861,464
S05085,Michelle Costa,2011-02-24,Grade 3,+16564437716,6053
S05086,Karen Cunningham,2012-05-10,Grade 1,+17637072295,-
S05087,Melissa Singleton,2018-12-16,Grade 1,+19959293449,7594
S05088,Samantha Morrow,2014-06-27,Grade 2,+12749899177,-
S05089,Casey Murray,2009-02-03,Grade 4,+17323124571,554
S05090,John Kaufman,2018-11-16,Grade 3,+18259632147,4876
S05091,Dennis Jackson,2009-01-09,Grade 3,+16578158637,71608
S05092,Carla Trujillo,2008-07-08,Grade 2,+19318233216,628
S05093,Cheryl Hunt,2012-10-13,Grade 1,+15937123793,7238
S05094,Alexander Dixon,2010-06-13,Grade 4,+12777400587,34829
S05095,Ronald Rodriguez,2011-03-08,Grade 2,+13564812721,989
S05096,Thomas Ross,2016-09-21,Grade 3,+15494131027,-
S05097,Kara Brown,2015-02-09,Grade 4,+14687492998,-
S05098,Jennifer Rosario,2017-02-16,Grade 4,+16815895122,7780
S05099,April Acevedo,2018-11-15,Grade 2,+15403158792,211
S05100,Sara Valenzuela,2015-09-02,Grade 2,+14016164707,7231
S05101,Lori Turner,2015-06-11,Grade 1,+16268439773,-
S05102,Stacey Williamson,2014-07-18,Grade 5,+14827863947,2322
S05103,Neil Horton,2016-09-08,Grade 4,+15937708436,9700
S05104,Jacob Baker,2017-12-28,Grade 4,+14813373672,44375
S05105,Derek Hardin,2011-06-01,Grade 3,+18709103518,47492
S05106,John Hardin,2006-06-30,Grade 5,+14587428139,-
S05107,Ronald Wright,2014-08-09,Grade 2,+16802446829,-
S05108,Tammy Miller,2011-12-12,Grade 2,+17959491048,46426
S05109,Sarah Perez,2013-11-01,Grade 3,+12357796828,-
S05110,Brittany Wallace,2007-09-20,Grade 3,+16549575157,-
S05111,Jeremy Boyd,2016-06-24,Grade 5,+19813227194,-
S05112,Devon Brown,2013-03-24,Grade 5,+15539771750,-
S05113,Eddie Parker,2014-01-18,Grade 5,+13482167350,-
S05114,Jose Sellers,2011-03-07,Grade 5,+14285380852,255
S05115,Alexander Kelly,2010-05-12,Grade 5,-,-
S05116,Angela Johnson,2007-10-01,Grade 1,+14457594859,71760
S05117,Allison Brown,2009-09-29,Grade 5,+14637314523,-
S05118,Krystal Huang,2016-05-13,Grade 2,+16793532193,29135
S05119,Stacey Davis,2015-02-17,Grade 2,+13966770528,3177
S05120,Steven Reed,2008-04-05,Grade 3,+12714181237,93253
S05121,Carl Brown,2007-12-02,Grade 3,+19953775359,-
S05122,Lisa Clark,2010-05-05,Grade 4,+13342695344,373
S05123,Gregory Alexander,2008-06-03,Grade 4,+14713782591,-
S05124,Christina Woodward,2006-05-23,Grade 4,+14688138828,7281
S05125,Ryan Wright,2006-06-21,Grade 5,+14234112262,6852
S05126,Jeffrey Carrillo,2007-04-22,Grade 1,+18825419750,-
S05127,Timothy Hurst,2009-10-17,Grade 5,+16136300369,-
S05128,Jennifer Rodriguez,2011-08-14,Grade 3,+16417528352,16518
S05129,Michael Lewis,2017-11-30,Grade 1,+17549883376,8301
S05130,Shelly Hoover,2010-12-23,Grade 3,+19424921850,-
S05131,Mary Lopez,2010-06-14,Grade 4,+18708221314,-
S05132,Kara Price,2017-03-19,Grade 1,+12798422308,-
S05133,Bradley Wyatt,2010-11-25,Grade 3,+19916347431,0956
S05134,Melissa Ashley,2012-04-10,Grade 3,+13967798720,013
S05135,Kathryn Jefferson,2009-04-11,Grade 5,+15649092171,-
S05136,Alex Jones,2007-12-29,Grade 2,+12729252022,39593
S05137,Stephanie Scott,2008-05-14,Grade 3,+16923128380,24172
S05138,Robert Cruz,2010-07-08,Grade 4,+17557818965,84230
S05139,Kyle Mejia,2016-12-16,Grade 2,+17569273982,0860
S05140,Jason Tucker,2007-06-28,Grade 4,+16069986961,-
S05141,David Anderson,2010-06-12,Grade 2,+14795787204,-
S05142,Amber Davis,2012-10-22,Grade 2,+16447625131,6201
S05143,Jason Murillo,2016-11-18,Grade 1,-,-
S05144,Sarah Williams,2011-12-24,Grade 4,+13242649932,1962
S05145,Robert Schultz,2006-10-03,Grade 2,+15609738815,-
S05146,James Young,2012-11-02,Grade 1,+19883448079,81070
S05147,Sean Moreno,2006-04-15,Grade 5,+12135105301,61839
S05148,Jessica Merritt,2007-11-11,Grade 3,+12373577748,214
S05149,Benjamin Williams,2007-09-19,Grade 4,+13805089405,1199
S05150,Daniel Nelson,2009-06-13,Grade 1,+13867286309,-
S05151,Angela Marshall,2006-06-28,Grade 1,+17949067078,-
S05152,Victor Mora,2008-03-13,Grade 1,+17738896112,98056
S05153,Sophia Martin,2017-03-23,Grade 4,+14966082257,2239
S05154,Sarah Rasmussen,2017-11-29,Grade 2,+19497746442,74446
S05155,Ryan Jones,2014-12-17,Grade 2,+13216010523,72639
S05156,Kathleen Salinas,2008-10-01,Grade 3,+17022830325,-
S05157,Courtney Howard,2013-11-28,Grade 4,+18719301617,-
S05158,Marie Stein,2014-01-17,Grade 2,+15799370202,60735
S05159,Eric Martinez,2014-12-17,Grade 1,+15558209794,603
S05160,Kelly Gilbert,2011-06-19,Grade 2,+13626112891,-
S05161,Kari Powell,2016-04-13,Grade 1,+18262218821,1227
S05162,Roberto Pierce,2014-01-06,Grade 5,+16619096854,0719
S05163,Dan Conner,2017-03-27,Grade 3,+13248897860,79085
S05164,Vicki Roy,2009-01-04,Grade 2,+13389849122,-
S05165,Steven Cook,2010-09-15,Grade 2,+14457249780,6233
S05166,Stephanie Arias,2009-09-22,Grade 3,+15804542174,5980
S05167,Maria Joseph,2018-12-20,Grade 5,+16212053474,39569
S05168,Katherine Lloyd,2010-02-28,Grade 4,+19224514236,005
S05169,Charles Gay,2017-04-22,Grade 3,+16575316051,-
S05170,Brooke Ellis,2008-05-26,Grade 1,+18486109329,518
S05171,Mary Lowe,2018-02-08,Grade 3,+16186232209,49533
S05172,Christopher Mcintosh,2010-10-11,Grade 2,+17913921406,-
S05173,Vanessa Reed,2011-03-02,Grade 4,+15319185281,6457
S05174,Jeremiah Hicks Phd,2010-05-15,Grade 3,+12994822715,2259
S05175,Nicole Schroeder,2006-06-11,Grade 3,+14232409931,760
S05176,Paul Christensen,2006-09-29,Grade 2,+16659738729,5843
S05177,Anthony Jenkins,2009-12-02,Grade 4,+13378440284,508
S05178,Jonathan Turner,2006-03-20,Grade 3,+15852175592,-
S05179,Joseph Green,2008-04-07,Grade 4,+12023491211,071
S05180,Michelle Robles,2006-05-18,Grade 4,+14724080033,2806
S05181,Eduardo Bailey,2012-10-30,Grade 2,+15694244774,4245
S05182,Molly Snow,2011-11-24,Grade 1,+16307973597,512
S05183,David Yates,2010-01-16,Grade 4,+17534535260,-
S05184,Denise Mason,2007-08-06,Grade 4,+15134945480,-
S05185,Tyler Russell Iv,2013-12-17,Grade 2,+13637796645,9007
S05186,Amanda Dixon,2007-05-14,Grade 1,+13099102933,033
S05187,Meghan Morgan,2011-10-26,Grade 3,-,-
S05188,Kathryn Turner,2011-04-19,Grade 1,+14086577315,-
S05189,Nathaniel Miller,2015-01-19,Grade 2,+12707875778,14216
S05190,Jeff Harrison,2011-07-17,Grade 5,+15638728867,1681
S05191,Mr. Aaron Adams,2017-06-26,Grade 5,+17664056754,-
S05192,Lisa Bradley,2017-05-26,Grade 4,+13848098213,9486
S05193,Mary Johnson,2016-01-19,Grade 1,+16369840044,522
S05194,Scott Hudson,2014-12-04,Grade 5,+14578808866,-
S05195,Charlene Nelson,2015-06-08,Grade 4,+15889291155,98386
S05196,Courtney Mata,2014-02-28,Grade 2,+14492499812,-
S05197,Steven Andrews,2015-06-05,Grade 1,+17215417972,-
S05198,Michael Cowan,2015-01-25,Grade 3,+18617914020,72760
S05199,Andrea Whitney,2013-07-09,Grade 5,+12635531386,-
S05200,Charles Trevino,2014-12-17,Grade 4,-,-
S05201,Timothy Torres,2013-06-13,Grade 4,+15472711408,1442
S05202,Douglas Mcintosh,2006-12-25,Grade 3,-,-
S05203,Savannah Young,2011-06-11,Grade 4,+18266981972,879
S05204,Linda Cain,2009-04-11,Grade 4,+18975023846,6599
S05205,Jill Coleman,2012-02-10,Grade 1,+13375243065,69274
S05206,Katherine Goodwin,2007-01-14,Grade 5,+14577040780,7690
S05207,Jennifer Mcgrath,2014-05-08,Grade 4,-,-
S05208,Clifford Johnson Dds,2018-01-09,Grade 5,+15042476307,940
S05209,Kelsey Bailey,2009-01-31,Grade 2,+16262469300,-
S05210,Sarah Young,2011-10-19,Grade 2,+15013723181,41730
S05211,Jeffery Garcia,2007-06-16,Grade 2,+18945222945,-
S05212,Sandra Campbell,2012-06-22,Grade 4,+12555917357,-
S05213,Carlos Murphy,2017-11-08,Grade 5,+17299240243,37591
S05214,Matthew Perez,2014-09-03,Grade 1,+15602145359,2835
S05215,Hailey Johnson,2006-01-12,Grade 4,+18433867544,-
S05216,Joshua Mcbride,2008-09-01,Grade 3,+13007940939,7153
S05217,Robin Vaughn,2015-08-15,Grade 2,+17242487799,45925
S05218,Amy Burns,2014-02-10,Grade 2,+16854867761,-
S05219,Wanda Gregory,2006-12-03,Grade 5,+18898926865,17931
S05220,Andrew Mahoney,2016-12-06,Grade 1,+13579572104,-
S05221,Todd Perkins,2017-03-07,Grade 2,+15775452202,0718
S05222,Mark Bailey,2011-06-25,Grade 3,+16828985431,494
S05223,Philip Vazquez,2015-06-07,Grade 5,+15356371272,-
S05224,Ms. Nicole Henson Md,2016-04-18,Grade 4,+16576770710,169
S05225,Vanessa Shah,2006-07-05,Grade 4,+17916555257,553
S05226,Stephen Evans,2018-09-25,Grade 4,+14326549296,-
S05227,Bobby Nixon,2015-06-17,Grade 3,+18873925008,-
S05228,Donna Perez,2017-12-25,Grade 4,+14046261474,-
S05229,Kristi Boyd,2007-04-08,Grade 1,+13484233148,-
S05230,Alexandra Best,2013-08-26,Grade 1,-,-
S05231,Gina Smith,2015-03-28,Grade 1,+19539005365,18503
S05232,Mrs. Lynn Williams,2016-08-29,Grade 2,+16915849660,3826
S05233,Emily Carter,2012-03-07,Grade 5,+19532846397,22135
S05234,Brenda Hamilton,2006-12-21,Grade 2,+16312161732,986
S05235,Sean Cordova,2014-12-20,Grade 5,-,-
S05236,Felicia Hartman,2008-02-23,Grade 3,+16063615858,854
S05237,Robert Harris,2007-09-01,Grade 5,+12778871903,374
S05238,Ernest Saunders,2015-12-13,Grade 4,+15295851284,184
S05239,Samantha Mejia,2011-02-26,Grade 4,+18374734297,57827
S05240,Kimberly Marquez,2015-09-07,Grade 5,-,-
S05241,Mrs. Aimee Hobbs Md,2008-01-11,Grade 4,+17797024876,-
S05242,Wendy Rodriguez,2013-12-28,Grade 1,+13329143120,52571
S05243,Nicole Clay,2012-09-22,Grade 5,+12245599058,8496
S05244,Sylvia Nguyen,2014-08-29,Grade 3,+12973999850,745
S05245,Kristin Kelly,2007-06-22,Grade 2,+19203059605,-
S05246,April Young,2011-10-18,Grade 2,+17332162537,188
S05247,Gabriela Rubio,2006-11-25,Grade 2,+13763196721,171
S05248,Michael Case,2006-03-13,Grade 3,+17177780904,-
S05249,Melissa Kim,2018-05-10,Grade 2,+17524894985,3007
S05250,Janice Austin,2014-05-16,Grade 5,+19793395350,37203
S05251,Joshua Fisher,2006-04-14,Grade 2,+13939717139,-
S05252,Cynthia Jackson,2015-08-22,Grade 2,+15055955079,-
S05253,Joshua Nelson,2012-01-26,Grade 5,+19826004982,-
S05254,Heather Young,2015-07-02,Grade 2,+14748210538,-
S05255,Paula Humphrey,2012-01-08,Grade 3,+17657539785,871
S05256,Teresa Alexander,2010-04-06,Grade 1,+15554130827,4409
S05257,Sandra Martin,2013-11-28,Grade 5,+16623835546,-
S05258,Mark Choi,2006-10-14,Grade 4,+14288639272,-
S05259,Lisa Garcia,2011-08-11,Grade 5,+16057489842,-
S05260,Amanda Hudson,2006-12-07,Grade 4,+13214466241,-
S05261,Ashley Perez,2012-11-14,Grade 3,+16126185736,-
S05262,Veronica Baker,2014-12-30,Grade 3,+18736406831,-
S05263,Kristi Wright,2013-04-17,Grade 1,+14628114349,0260
S05264,Mark Lutz,2010-10-30,Grade 3,+14445509482,990
S05265,Kimberly Ayers,2018-11-27,Grade 2,+14235491111,-
S05266,Lori Smith,2014-10-22,Grade 1,+13783433094,-
S05267,Kathryn Meyers,2007-04-08,Grade 1,+16032896848,617
S05268,Kelly Burnett,2016-06-10,Grade 1,-,-
S05269,Elaine Jones,2007-05-28,Grade 5,+13556472643,36375
S05270,Ana Rice,2017-10-31,Grade 5,+14616454454,528
S05271,Amber White,2006-06-24,Grade 5,+16456099608,1681
S05272,Nicholas Cross,2015-01-24,Grade 1,+18724554439,-
S05273,William Moreno,2015-02-19,Grade 2,+14543650503,525
S05274,Katie Marshall,2015-05-25,Grade 1,+13814248754,53115
S05275,Dawn Brown,2017-01-22,Grade 1,+17553184531,932
S05276,Heather Humphrey,2011-08-20,Grade 2,+13997539662,5339
S05277,Jason Hall,2016-09-23,Grade 1,+12508062841,-
S05278,Dylan Wilson,2010-09-23,Grade 4,+18777067012,345
S05279,Shannon Park,2009-11-03,Grade 1,+12757403684,-
S05280,Kevin Diaz Md,2015-10-02,Grade 2,+13978187973,-
S05281,Suzanne Turner,2017-08-15,Grade 2,+15226085111,-
S05282,Erica Harris,2018-08-16,Grade 3,+13528795199,-
S05283,John Thomas,2017-08-30,Grade 2,-,-
S05284,Nicholas Sanchez,2016-03-17,Grade 5,+19286095172,-
S05285,Heather Gonzalez,2013-11-15,Grade 4,-,-
S05286,John Garcia,2015-04-03,Grade 3,+12979685657,4736
S05287,Madeline Mcmillan,2015-11-10,Grade 5,+15706459124,612
S05288,Stephanie Russell,2007-09-16,Grade 4,+17156676361,33166
S05289,Luke Williamson,2011-07-01,Grade 1,+17006154222,-
S05290,Suzanne Bowman,2009-11-02,Grade 4,+18487472455,337
S05291,Lori Scott,2009-12-16,Grade 5,+14348218691,728
S05292,Eric Rodriguez,2016-09-24,Grade 3,+17789172322,-
S05293,Timothy Lane Dds,2007-06-12,Grade 5,+14998907184,1197
S05294,Amy May,2012-07-11,Grade 3,+18002058086,64888
S05295,Sierra Taylor,2009-02-28,Grade 4,+17413994851,758
S05296,Laura Espinoza,2014-03-04,Grade 1,+16092831834,-
S05297,Toni Holmes,2018-04-30,Grade 5,+13317903486,-
S05298,Michelle Brown,2017-01-29,Grade 5,+12723112361,30610
S05299,Amy Bishop,2015-11-24,Grade 5,+18709255228,4742
S05300,Steven Campbell,2007-01-29,Grade 5,+14186068012,-
S05301,Sarah Wilson,2013-08-02,Grade 1,+17814833949,090
S05302,Melinda Lynn,2007-10-31,Grade 5,+13764826916,-
S05303,Joshua Gallegos,2007-06-11,Grade 3,-,-
S05304,Rachel Carr,2010-05-27,Grade 1,+18705276968,-
S05305,Eric Lloyd,2018-07-18,Grade 1,+12029733781,123
S05306,Chad Hamilton,2007-04-03,Grade 3,+13658475129,469
S05307,Daniel Deleon,2008-12-24,Grade 1,+15973383910,6779
S05308,Richard Callahan,2018-01-13,Grade 4,+18307517060,0680
S05309,Barbara Flores,2013-07-19,Grade 1,+19657122011,-
S05310,Jesse Jones,2016-04-16,Grade 3,+18115543112,-
S05311,Ryan Leblanc,2009-08-20,Grade 2,+13968512314,893
S05312,Marvin Kirby,2010-01-20,Grade 3,+17392536528,722
S05313,Daniel Lee,2010-10-18,Grade 4,+13576473616,6355
S05314,Jacob Kemp,2018-02-04,Grade 5,+15259671593,98037
S05315,Amanda Norris Dds,2014-02-04,Grade 5,+15063553469,-
S05316,Phillip Wilson,2010-10-27,Grade 4,+15632884612,256
S05317,Kenneth Wright,2017-10-09,Grade 3,+19652039761,7969
S05318,Theresa Osborn,2014-12-23,Grade 3,+18812021771,-
S05319,Debbie Griffin Dvm,2009-05-17,Grade 5,+15679942922,-
S05320,Jessica Noble,2012-01-31,Grade 1,+12503147915,-
S05321,Yolanda Shea,2015-01-11,Grade 2,+18552925627,79049
S05322,John Collins,2015-12-10,Grade 5,+16236491279,84478
S05323,Harold Fields,2009-11-16,Grade 1,+18189382002,-
S05324,Victor Jenkins,2012-04-19,Grade 1,+16002041863,1038
S05325,Thomas Decker,2012-07-19,Grade 5,+18846114927,-
S05326,Angela Kelly,2008-07-31,Grade 3,+13575166283,-
S05327,Yvonne Sullivan Dvm,2016-04-19,Grade 3,+18165633152,20910
S05328,Timothy Calderon,2012-04-07,Grade 5,+15183778814,-
S05329,Morgan Griffith,2013-08-19,Grade 2,+14978540078,2478
S05330,Carolyn Smith,2017-06-01,Grade 4,+18826405395,-
S05331,Alexis Burns,2007-10-06,Grade 4,+13832242805,62057
S05332,Teresa Stone,2014-05-06,Grade 2,+18482154057,-
S05333,Joanna Melton,2015-01-24,Grade 3,+19114028656,16796
S05334,Robert Bauer,2013-11-02,Grade 1,+19674117675,92049
S05335,Wesley James,2006-05-20,Grade 2,+18159268874,04450
S05336,Jeffery Dickerson,2009-07-27,Grade 4,+16779453221,95027
S05337,Monica Jones Dds,2014-08-20,Grade 1,+18439153181,-
S05338,Christine Young,2016-12-01,Grade 1,+12759584640,-
S05339,Elizabeth White,2017-01-11,Grade 5,+17835092868,-
S05340,John Brown,2007-10-20,Grade 5,+15013333073,2606
S05341,Scott Jacobs,2014-11-03,Grade 1,+19718794784,-
S05342,Kyle Harvey,2013-09-07,Grade 1,+19749917852,-
S05343,Samuel Anderson,2011-08-22,Grade 1,+13325084738,94415
S05344,Ashley Johnson,2018-06-04,Grade 1,+17365355309,24482
S05345,Jasmine Patrick,2008-08-05,Grade 2,+17796942093,754
S05346,Robert Johnson,2013-03-09,Grade 4,+19276215433,6818
S05347,Craig Blanchard,2011-05-28,Grade 4,+14109681701,61679
S05348,Jacqueline Cruz,2011-10-28,Grade 2,+14932276414,-
S05349,Abigail Walker,2006-04-27,Grade 2,+17077357092,-
S05350,Joann Anderson,2018-09-14,Grade 1,+14238346753,-
S05351,Casey Lane,2014-04-27,Grade 3,+18768394064,-
S05352,Gregory Rogers,2007-07-24,Grade 2,+17403384331,9292
S05353,William Pugh,2006-12-23,Grade 1,+15288987336,341
S05354,Zachary Kim,2014-04-30,Grade 1,+14407322302,-
S05355,Jacqueline Hernandez,2009-09-03,Grade 3,+12512998634,34385
S05356,Jeff Christensen,2012-07-29,Grade 3,+16528779535,682
S05357,Jason Burton,2014-09-04,Grade 3,+15435647750,975
S05358,Austin Baker,2017-06-03,Grade 4,+16355317421,-
S05359,Penny Taylor,2007-05-30,Grade 1,+19698616909,-
S05360,Eric Washington,2017-06-27,Grade 1,+19592880695,02497
S05361,Christy Smith,2010-09-11,Grade 4,+17449265277,-
S05362,Kelly Le,2007-09-13,Grade 5,+19523691469,-
S05363,Dwayne Burke,2013-11-16,Grade 3,+18072772365,-
S05364,Jill Smith,2017-03-04,Grade 5,+13115399395,6765
S05365,Andrew Lee,2006-12-28,Grade 2,+12157090746,7284
S05366,Megan Hartman,2007-12-07,Grade 1,+13547635650,0156
S05367,Samantha Coleman,2008-03-29,Grade 5,+17928839880,32416
S05368,Kelly Hunt,2009-07-07,Grade 2,+19138303476,-
S05369,Heather Potter,2013-08-31,Grade 1,+12173963812,9262
S05370,Steven Brown,2012-12-17,Grade 5,+18449264880,7831
S05371,Suzanne Johnson,2010-02-03,Grade 4,+13367614885,-
S05372,Michael Bell,2013-08-20,Grade 2,+19825813789,1981
S05373,Maria Alvarado,2018-10-23,Grade 1,+18286773477,408
S05374,Kelsey Green,2014-11-01,Grade 2,+16169210580,-
S05375,Adam Torres,2018-05-01,Grade 4,+15106940653,5135
S05376,Earl Lang,2014-05-19,Grade 1,+19117141571,782
S05377,Andrea Hernandez,2017-08-10,Grade 3,+15716028425,-
S05378,April Williams,2014-04-22,Grade 5,+12403419963,666
S05379,Lauren Andrews,2012-03-06,Grade 3,+17623477706,-
S05380,Alejandra Wiley,2006-12-28,Grade 3,+16259134300,-
S05381,William Mercado,2015-12-30,Grade 4,+17977047425,0470
S05382,Cheryl Curtis,2018-04-09,Grade 1,+13572297109,68317
S05383,Earl Moore,2019-02-21,Grade 3,+15249489083,-
S05384,Caroline Mcdonald,2010-10-13,Grade 1,+19515327120,-
S05385,Cheryl Stokes,2007-04-26,Grade 4,+16393198178,-
S05386,Natalie Jones,2017-12-18,Grade 3,+14183770326,1954
S05387,Jonathan Lozano,2018-12-09,Grade 4,+18268711883,-
S05388,Jeffrey Spencer,2015-05-02,Grade 4,+18145326182,177
S05389,Kathryn Miller,2016-05-27,Grade 5,+18402493068,6902
S05390,Karen Caldwell,2012-05-10,Grade 2,+13948449669,6868
S05391,Kristina Golden,2006-07-19,Grade 4,+12787887802,-
S05392,Kyle Jackson,2013-03-23,Grade 5,+17336174133,7533
S05393,John Hayes,2011-08-21,Grade 5,+17322511625,814
S05394,Melissa Patel,2012-04-05,Grade 4,+17095417434,361
S05395,Randy Oneill,2013-03-28,Grade 4,+16846567871,56922
S05396,Jessica Tate,2016-09-04,Grade 1,+16402088332,7593
S05397,Kristin Wheeler,2019-02-18,Grade 3,+19326800256,26936
S05398,Steven Henry,2015-04-30,Grade 5,+17885850523,10594
S05399,Carrie Oconnor,2018-03-05,Grade 1,+16628288315,16775
S05400,Ashley Walsh,2008-11-20,Grade 3,+19677821491,890
S05401,Ronald Foster,2016-02-21,Grade 3,+12899751397,-
S05402,Veronica Lee,2012-02-05,Grade 5,+19363830635,-
S05403,Kristina Reed,2018-02-18,Grade 2,+12866379310,259
S05404,Ashley Smith,2017-10-28,Grade 1,+17972014979,-
S05405,Tammy Smith,2007-11-22,Grade 4,+13119497594,-
S05406,Donald Mcclure,2006-05-23,Grade 4,+19062874538,88327
S05407,Sheri Moore,2014-02-25,Grade 2,+15938420909,7944
S05408,Lynn King,2006-12-12,Grade 2,+17824876592,9998
S05409,Bryan Thompson,2014-09-17,Grade 2,+15119943775,640
S05410,Garrett Montoya,2014-11-21,Grade 2,+12049721029,71210
S05411,Terry Arellano,2007-12-01,Grade 5,+19324211320,-
S05412,Tara Jones,2012-02-05,Grade 1,+14258235774,553
S05413,Calvin Peterson,2015-02-22,Grade 1,+12163500446,7803
S05414,Frederick Washington,2013-07-29,Grade 4,+14594752568,32243
S05415,Anthony Williams,2016-06-14,Grade 1,+14694743459,-
S05416,Erica Beck,2007-07-29,Grade 1,-,-
S05417,Kristin Bradley,2014-02-17,Grade 3,+17552719154,0400
S05418,Janet Williams,2011-12-18,Grade 5,+19085910515,-
S05419,Rodney Randall,2011-05-22,Grade 4,+12835928578,-
S05420,Cynthia Rubio,2015-02-18,Grade 4,+19009738084,-
S05421,Karen Skinner,2013-10-20,Grade 3,+13353449359,-
S05422,Emily Moore,2006-10-17,Grade 5,+12793158001,7498
S05423,Angela Martinez,2010-02-20,Grade 2,-,-
S05424,Dorothy Ellis,2009-09-11,Grade 2,+14334748520,06105
S05425,Gordon Guzman,2009-02-11,Grade 2,+13712609222,78588
S05426,James Thomas,2016-09-20,Grade 4,+18049667755,80425
S05427,Darren Kelley,2007-03-04,Grade 2,+13626812159,-
S05428,Wendy Hall,2008-09-08,Grade 2,-,-
S05429,Harry Williams,2017-05-06,Grade 4,+19524530432,02811
S05430,Mariah Weber,2009-04-16,Grade 3,+14262996692,09730
S05431,Leslie Beltran,2016-07-24,Grade 3,+16727133250,-
S05432,Cindy Fisher,2018-03-11,Grade 4,+15603212656,868
S05433,Shawn Frederick,2017-02-13,Grade 1,+14016937468,37017
S05434,Laura Higgins,2014-09-10,Grade 2,+17494027353,223
S05435,Anna Esparza,2010-09-22,Grade 3,+17057602316,86138
S05436,Nathan Johnson,2006-08-01,Grade 2,+19623728273,26957
S05437,Joseph Martin,2009-12-13,Grade 5,+18104930668,-
S05438,Leslie Holmes,2017-02-06,Grade 5,+15304066573,-
S05439,Kevin Herman,2006-12-08,Grade 4,+19785465893,7328
S05440,Jose Dominguez,2018-09-26,Grade 1,+13665339949,9261
S05441,Allen Bryan,2017-06-01,Grade 5,+14366546706,-
S05442,Mary Sanford,2009-03-09,Grade 4,+16447633832,241
S05443,Christine Alvarez,2015-02-15,Grade 5,+16996782015,-
S05444,George Atkinson,2015-11-05,Grade 2,+16994304678,-
S05445,Steven Quinn,2007-05-31,Grade 5,+14022396777,39556
S05446,Joseph Meadows,2011-01-17,Grade 3,+15956103777,6412
S05447,Joy Reynolds,2006-06-15,Grade 2,+18846639105,-
S05448,Brenda Johnson,2010-03-04,Grade 1,+17067336155,-
S05449,Patricia Petersen,2012-12-16,Grade 1,+16599280104,-
S05450,Troy Morgan,2015-02-25,Grade 3,+19943961283,0073
S05451,Lori Austin,2016-02-12,Grade 4,+12779139753,-
S05452,Melissa Smith,2007-10-21,Grade 4,+14137810762,-
S05453,Caleb Wallace Dds,2011-03-10,Grade 1,+13745655817,1215
S05454,Denise Clark,2014-09-19,Grade 1,+13554515991,480
S05455,Jeffrey Avila,2013-08-04,Grade 3,+14027928704,76743
S05456,Daniel Tucker,2007-06-23,Grade 4,+19812451477,16774
S05457,Toni Fletcher,2006-09-08,Grade 3,+18975973448,-
S05458,Timothy Thomas,2008-02-16,Grade 1,+19528842210,-
S05459,Jason Murphy,2009-05-11,Grade 4,+12435331750,00599
S05460,Christopher Johnson,2007-09-29,Grade 3,+14152117455,968
S05461,Joshua Chavez,2017-06-18,Grade 4,+18893320099,98676
S05462,Manuel Jones,2014-12-20,Grade 5,+13214260072,375
S05463,Vanessa Graham,2016-03-05,Grade 2,+19754232636,275
S05464,Michael Fox,2011-01-05,Grade 1,+17266821026,-
S05465,Nicholas Garcia,2014-01-01,Grade 4,+18496182774,970
S05466,Kimberly Dougherty,2012-08-26,Grade 1,+15387189587,-
S05467,Karen Dixon,2011-02-01,Grade 5,+16837047737,113
S05468,Tracy Oliver,2017-05-27,Grade 5,+17633568289,039
S05469,Danielle Hopkins,2007-03-30,Grade 5,-,-
S05470,Pamela Jackson,2008-10-29,Grade 4,+12995605963,712
S05471,Melinda Ryan,2008-06-18,Grade 1,+14355327710,756
S05472,Michael Foster,2015-10-29,Grade 3,+18834883676,659
S05473,Tony Chapman,2018-02-23,Grade 4,+15208673875,-
S05474,Douglas Koch,2015-05-15,Grade 3,+15328920259,299
S05475,Rebekah Sullivan,2016-12-21,Grade 4,+14546430619,-
S05476,Tyler Jones,2016-08-14,Grade 3,+13617000887,-
S05477,Jeffrey Stewart,2019-01-29,Grade 1,+18586144126,0423
S05478,Sara Mccormick,2019-03-05,Grade 1,+16687611122,-
S05479,Courtney Greer,2014-09-12,Grade 4,+17462531545,-
S05480,Michael Dawson,2010-03-03,Grade 3,+15316684839,-
S05481,Eric Young,2009-12-16,Grade 1,+17736724832,-
S05482,Timothy Torres,2016-09-15,Grade 3,+17072691504,-
S05483,Anthony Torres,2011-09-29,Grade 2,+15767242352,5182
S05484,Tasha Lopez,2018-03-19,Grade 1,+12784701725,-
S05485,Tina Reed,2014-10-18,Grade 5,+16419708229,1229
S05486,Michael Arnold,2018-10-22,Grade 3,+19524224294,6139
S05487,Heather Curry,2014-06-26,Grade 3,+18443303270,797
S05488,Lisa Flores,2009-02-05,Grade 1,+12422239388,055
S05489,Joseph Aguilar,2018-06-29,Grade 5,+13794666253,924
S05490,Edward Monroe,2015-03-22,Grade 4,+12134082096,-
S05491,David Sullivan,2016-01-19,Grade 4,+13374766013,-
S05492,Karen Cannon,2011-06-05,Grade 1,+15938120643,431
S05493,Allen Hill,2007-10-06,Grade 3,+18362170155,-
S05494,Andrew King,2009-09-09,Grade 5,+12632783760,093
S05495,Alex Mcdonald,2007-02-18,Grade 3,+18777815140,0919
S05496,Tiffany Williams,2012-05-03,Grade 3,+13975982815,88700
S05497,Brendan Brown,2017-09-11,Grade 1,+18686457672,45888
S05498,Angela Rodgers,2011-09-15,Grade 4,+13488660464,1471
S05499,Shane Williams,2006-06-20,Grade 5,+17708095384,-
S05500,Robert Sharp,2012-06-01,Grade 4,+17266081122,-
S05501,Danielle Harris,2017-01-26,Grade 1,+15302745590,-
S05502,Mary Wilson,2018-10-14,Grade 4,+18809789975,643
S05503,Aaron Rivera,2017-10-08,Grade 3,+17469388535,-
S05504,William Johnston,2014-06-05,Grade 3,+12259850237,5665
S05505,Mary Johnson,2008-10-24,Grade 1,+18618048471,245
S05506,Brandy Little,2006-12-11,Grade 5,+19435317066,64911
S05507,Jonathan Clark,2006-07-11,Grade 2,+12853985377,-
S05508,Travis Hodges,2007-01-09,Grade 1,+16532363166,-
S05509,Jennifer Prince,2008-01-16,Grade 5,+15944834452,83630
S05510,Nichole Grant,2015-02-24,Grade 1,+19009915956,972
S05511,Julie Wilson,2018-11-19,Grade 3,+14989683453,750
S05512,Joseph Powers,2006-05-06,Grade 3,+13357290371,-
S05513,Paige Mcbride,2016-09-27,Grade 1,+19517254909,0759
S05514,Darius Romero,2007-02-17,Grade 4,+14374375831,-
S05515,James Crane,2017-03-14,Grade 3,+14373842948,754
S05516,Jesus Walker,2010-09-29,Grade 5,+18652741216,-
S05517,Sydney Rush,2013-10-14,Grade 2,+14969812460,3605
S05518,Alicia Kelley,2013-10-13,Grade 3,+17913131912,437
S05519,Courtney Weeks,2010-01-11,Grade 4,+17082477888,881
S05520,Tracy Byrd,2010-03-21,Grade 4,+12222639093,3490
S05521,Christy Joseph,2014-11-10,Grade 3,+19629153760,3815
S05522,Alice Jones,2013-10-18,Grade 2,+15696948356,56125
S05523,Melvin Huber,2018-06-25,Grade 2,+12457859075,86341
S05524,Joseph Kelly,2009-08-24,Grade 3,+13417709062,342
S05525,Joshua Jenkins,2007-10-06,Grade 5,+12965868738,-
S05526,Jacob Boyle,2013-05-22,Grade 1,+15615742886,44447
S05527,James Casey,2007-07-10,Grade 1,+13165840562,-
S05528,Angela Jackson,2013-02-08,Grade 3,+19767451657,154
S05529,Jake Jones,2014-07-17,Grade 3,+14163215026,-
S05530,David Bailey,2008-03-26,Grade 1,-,-
S05531,Whitney Griffith,2014-05-25,Grade 3,+14578156602,-
S05532,Andrew James,2006-09-18,Grade 1,+17714260033,-
S05533,Kevin Daniels,2017-12-08,Grade 5,+14129073235,-
S05534,Carl Baker,2018-01-15,Grade 2,+16395298865,0955
S05535,Patty Jacobson,2015-07-01,Grade 3,+12293033152,83633
S05536,Daniel Jenkins,2018-10-03,Grade 4,+13297157827,9677
S05537,Jeffery Washington,2009-08-14,Grade 5,+15966267699,5657
S05538,Steven Jenkins,2009-10-03,Grade 4,+18662780262,-
S05539,Bryan Roy,2006-09-08,Grade 2,+12054320877,-
S05540,Daniel White,2015-08-28,Grade 2,+14144109849,-
S05541,Brianna Mcguire,2007-02-25,Grade 5,+17573565438,3040
S05542,Karla Jenkins,2014-05-24,Grade 5,+14856215310,-
S05543,Patty Jenkins,2016-01-21,Grade 2,+16499959327,262
S05544,Michael Benjamin Dds,2010-09-07,Grade 5,+16965123704,4524
S05545,Lindsey Miller,2017-05-09,Grade 3,+14387289228,88927
S05546,Brian Faulkner,2014-04-08,Grade 3,+14393530820,-
S05547,Jessica Porter,2015-04-21,Grade 3,+14645089924,6778
S05548,Jennifer Jones,2007-04-20,Grade 3,-,-
S05549,April Francis,2009-12-25,Grade 2,+16467345957,-
S05550,Sarah Cruz,2009-03-15,Grade 4,+18747327330,-
S05551,Jeffrey Wells,2012-08-18,Grade 5,+17069299781,8300
S05552,Paige Cook,2015-08-01,Grade 5,+14096480376,32253
S05553,Erica Hoffman,2015-08-20,Grade 4,+18306201601,-
S05554,Laura Fox,2009-12-03,Grade 3,+15568639241,-
S05555,Timothy Welch,2008-01-19,Grade 5,+18577049383,-
S05556,Laura Norton,2016-01-17,Grade 5,+13084242379,609
S05557,Mary Whitney,2019-02-07,Grade 4,+18679119608,6719
S05558,Sean Haynes,2007-03-22,Grade 5,+14785742344,-
S05559,Andrea Brown,2016-08-25,Grade 4,+18939990673,-
S05560,Alexander Riggs,2017-08-31,Grade 2,+12973744883,24183
S05561,Angel Castro,2016-05-07,Grade 5,+12933710108,9224
S05562,Christopher Everett,2010-11-18,Grade 1,+14447132640,284
S05563,Richard White,2007-01-25,Grade 3,+18185569563,43887
S05564,Wesley Schwartz,2013-06-09,Grade 2,+12734816488,16345
S05565,Angela Green,2014-04-05,Grade 4,+15984067543,13564
S05566,Angela Shaw,2010-12-02,Grade 5,+14365679183,7705
S05567,Wendy Armstrong,2008-03-29,Grade 5,+14123803966,04185
S05568,Ana Foster,2018-03-03,Grade 3,+18045171543,-
S05569,Timothy Wright,2010-06-19,Grade 3,+14117148479,-
S05570,Andrew Anderson,2011-10-16,Grade 1,+14947272808,4020
S05571,Pamela Sutton,2012-12-31,Grade 1,+19187527046,-
S05572,Michael Buchanan,2008-12-15,Grade 4,+12623028132,30623
S05573,Maria Dixon,2014-01-11,Grade 5,+13955327951,-
S05574,Christopher Wilson,2011-09-10,Grade 1,+13288337710,94440
S05575,Kyle Yoder,2009-02-05,Grade 1,+18697114293,07491
S05576,Jesse Stevens,2006-12-29,Grade 4,+14143686855,-
S05577,Christina Rowe,2007-07-15,Grade 4,+15302152354,-
S05578,Javier Vincent,2018-11-18,Grade 3,+16167213153,9165
S05579,Christopher Adams,2006-09-07,Grade 1,+18619583914,0212
S05580,Shannon Perez,2016-06-04,Grade 3,+14874172229,12328
S05581,Lonnie Atkins,2006-04-18,Grade 4,+17427329509,-
S05582,Ryan Baldwin,2014-02-10,Grade 1,-,-
S05583,Stephen Bradley,2015-04-15,Grade 5,+13225342279,-
S05584,Dana Edwards,2015-12-12,Grade 2,+16857379637,863
S05585,Reginald Carter,2011-02-07,Grade 1,-,-
S05586,Stephanie Moore,2009-05-28,Grade 4,+17815933871,9390
S05587,Karen Harvey,2015-06-01,Grade 3,+15538441013,-
S05588,Christopher Glenn,2017-12-27,Grade 2,+17198537175,6996
S05589,Jose Faulkner,2018-08-25,Grade 1,+18974675760,4432
S05590,Hailey Scott,2012-06-05,Grade 1,+18735772829,571
S05591,Sarah Dunn,2010-04-23,Grade 1,+18563515692,-
S05592,Elizabeth Jones Md,2007-03-12,Grade 1,+15312592039,-
S05593,Ashley Stephenson,2006-12-22,Grade 4,+13618426291,-
S05594,Morgan Savage,2008-09-19,Grade 5,+14378764871,-
S05595,Andrew Henry,2017-07-09,Grade 2,+14103897836,2327
S05596,George Maldonado,2015-04-18,Grade 5,+16132829093,4686
S05597,Heather Becker,2012-06-29,Grade 2,+16635266036,7585
S05598,Chad Ho,2018-02-08,Grade 1,+14839332338,-
S05599,Samantha Dalton,2016-04-20,Grade 2,+15459709989,-
S05600,Jennifer Martin,2017-03-18,Grade 5,+19834999408,500
S05601,Alvin Dyer,2017-08-22,Grade 2,+13416913911,1717
S05602,Brandi Lee,2017-10-18,Grade 5,+12939511713,-
S05603,Donald Calderon,2017-01-26,Grade 4,-,-
S05604,Steven Jennings,2008-04-14,Grade 5,+15992750340,3764
S05605,Craig Armstrong,2006-10-31,Grade 2,+14859537616,-
S05606,Jennifer Christian,2017-09-26,Grade 5,+18069577897,88808
S05607,Brittany Estrada,2013-06-21,Grade 3,+12164300118,-
S05608,Sheena Conrad,2007-10-25,Grade 1,+15346102627,18998
S05609,Greg Hawkins,2010-07-17,Grade 3,+18902626895,6254
S05610,Steven Ramos,2017-04-17,Grade 2,-,-
S05611,Mark Murray,2010-06-23,Grade 2,+13478809146,-
S05612,Amanda Stevenson,2013-07-09,Grade 4,+17942983657,-
S05613,Douglas Flores,2018-01-02,Grade 4,+14125127516,-
S05614,Jesse English,2010-03-10,Grade 2,+19362256971,-
S05615,Sean Long,2009-11-27,Grade 1,+15846953567,-
S05616,Rebecca White,2018-11-23,Grade 5,+16387788990,9807
S05617,Jerry Conrad,2010-09-28,Grade 2,+14962755343,69207
S05618,Mary Moon,2006-06-17,Grade 5,+14046418742,-
S05619,John Frye,2015-10-03,Grade 2,+13877745374,014
S05620,Paul Anderson,2008-10-16,Grade 5,+17485932152,-
S05621,Aaron Dennis,2015-09-24,Grade 3,+12927379088,-
S05622,Anita Green,2010-09-25,Grade 3,+16983475692,6484
S05623,Tonya Stone,2018-10-12,Grade 5,+12404000748,-
S05624,Marcus Ortiz,2010-11-02,Grade 3,+12335019510,-
S05625,Chad Henry,2014-11-04,Grade 4,+15357943849,-
S05626,Steven Thompson,2017-09-16,Grade 2,-,-
S05627,Bradley Lamb,2011-05-31,Grade 2,+18809637591,-
S05628,Elizabeth Chen,2017-08-05,Grade 5,+17896663673,-
S05629,Jill Ross,2007-01-30,Grade 1,+13935758544,736
S05630,Anthony Nichols,2015-01-12,Grade 3,+19567637538,-
S05631,Alyssa Davis,2009-01-16,Grade 5,+16836005889,876
S05632,Maria Brown,2018-12-29,Grade 4,+18017655511,81234
S05633,Linda Howard,2012-02-21,Grade 2,+18829544460,34440
S05634,Stefanie Sheppard,2017-02-01,Grade 1,-,-
S05635,Nicole Smith,2013-03-31,Grade 5,+16392673437,55570
S05636,Steven Mills,2012-08-27,Grade 2,+13565190623,-
S05637,Jonathan Cooper,2011-08-17,Grade 5,+12105385530,-
S05638,Leslie Miles,2017-01-21,Grade 4,+15847538608,657
S05639,John Salazar,2011-10-16,Grade 3,+13504666758,-
S05640,Jodi Rodriguez,2011-06-28,Grade 2,+13256572505,-
S05641,Amanda Chambers,2013-04-14,Grade 3,+18625823688,-
S05642,Mrs. Amanda Ellis Md,2012-01-26,Grade 3,+18808095123,-
S05643,Jonathan Gillespie,2017-08-27,Grade 5,+15424162383,3121
S05644,Patricia Page,2011-02-09,Grade 3,+16709110465,601
S05645,Andrew Perez,2009-02-01,Grade 1,+12588652632,-
S05646,Stephanie Martinez,2007-09-22,Grade 3,+14975373303,6446
S05647,Jonathan Mora,2007-01-03,Grade 4,+17905052766,-
S05648,April Le,2011-09-24,Grade 2,+15859800957,54974
S05649,Alicia Fernandez,2010-08-14,Grade 2,+17123331139,01887
S05650,Nicholas Beck Md,2016-11-25,Grade 1,+14655480545,274
S05651,Cheryl Thomas,2009-07-10,Grade 2,+13112331133,4847
S05652,Jennifer Ruiz,2012-11-20,Grade 4,+18018791357,287
S05653,Jeffrey Hodge,2014-09-04,Grade 5,+19877140445,5069
S05654,Kevin Hull,2016-12-12,Grade 1,+13284875710,8592
S05655,Earl Petty,2007-01-25,Grade 1,+14637661764,17432
S05656,John Lee,2016-02-24,Grade 3,+15276029434,-
S05657,Catherine Curtis,2018-03-01,Grade 5,+16568936982,7421
S05658,Christopher Holt,2015-12-21,Grade 3,+12959151103,-
S05659,Kristi Holt,2015-04-26,Grade 1,+17645108498,-
S05660,Carrie Bauer,2009-04-19,Grade 2,+12665494702,49865
S05661,Christine Brown,2019-01-13,Grade 5,+15176552544,5557
S05662,Stephen Schroeder,2009-10-13,Grade 1,+15598057000,-
S05663,Karina Moore,2007-06-15,Grade 2,+14279037528,6583
S05664,Christopher Robinson,2009-04-06,Grade 5,+17948734250,0010
S05665,Heather Patterson,2019-01-17,Grade 5,+15856826567,85365
S05666,Pamela Pierce,2007-07-27,Grade 1,+17923508427,23061
S05667,Karen Hunter,2011-11-09,Grade 5,+15548946313,-
S05668,Daniel Marshall,2007-07-16,Grade 1,+14005022798,9938
S05669,Monica Evans,2008-05-28,Grade 3,+16386974288,-
S05670,Brent Miller,2006-12-05,Grade 5,+18866880174,5515
S05671,Matthew Calderon,2012-12-03,Grade 2,+12597727021,6139
S05672,Gregory Lewis,2009-06-05,Grade 1,+14446460363,-
S05673,Derek Rodriguez,2006-11-10,Grade 2,+16245466637,19490
S05674,Melody Swanson,2008-01-05,Grade 2,+19443207608,-
S05675,Mary Nash,2016-01-14,Grade 5,+17612378215,024
S05676,Dwayne Parker,2008-10-30,Grade 2,+18634269809,5252
S05677,Danielle Clark,2013-07-13,Grade 1,+17152171249,64812
S05678,Sheryl Weber,2008-07-12,Grade 3,-,-
S05679,Nathan Oneill,2006-12-09,Grade 4,+19247092983,-
S05680,Mr. George Murphy,2006-11-05,Grade 4,+19984464016,2738
S05681,Gina Stone,2006-04-28,Grade 5,+13409881087,-
S05682,Jason Bailey,2018-02-27,Grade 4,+13977465593,452
S05683,Stacie Jimenez,2011-08-09,Grade 5,+15579953381,-
S05684,Terrence Jones,2009-07-24,Grade 5,+13882592521,-
S05685,Karen Lee,2014-12-21,Grade 3,+12038263760,-
S05686,Thomas Dixon,2011-03-18,Grade 1,+19833445927,34592
S05687,Douglas Taylor,2007-10-17,Grade 3,+15733807265,-
S05688,Anthony Graham,2011-08-06,Grade 2,+17149828024,-
S05689,Vincent Lloyd,2013-09-04,Grade 5,+19387043467,1712
S05690,Nathan Kane,2013-05-25,Grade 3,+18454069189,732
S05691,Theresa Booth Dds,2013-06-05,Grade 3,+18212530340,530
S05692,Mary Rodriguez,2008-04-12,Grade 1,+18308759332,883
S05693,Timothy Peterson,2011-10-08,Grade 1,+13177135965,77537
S05694,Maria Lopez,2014-11-14,Grade 2,+17202919494,-
S05695,Bryan Frederick,2015-09-10,Grade 4,+18946664545,1857
S05696,Robert Lee,2006-09-01,Grade 2,+18685251008,68768
S05697,Rebecca Rice,2013-09-03,Grade 4,+15836177168,-
S05698,Kenneth Torres,2006-03-11,Grade 2,+15803158484,-
S05699,Felicia Singleton,2007-02-18,Grade 3,+18955581112,776
S05700,Shawn Jones,2007-01-16,Grade 3,+18862532997,73425
S05701,Laura Garcia,2018-12-11,Grade 2,+13464436020,-
S05702,Joseph Miller,2007-11-14,Grade 2,+17135086116,7131
S05703,Antonio Garcia,2012-05-05,Grade 1,+19755390898,-
S05704,Ruth Giles,2016-04-03,Grade 1,+14849332649,-
S05705,Brian Thomas,2006-09-30,Grade 1,+19979733882,-
S05706,Carly Wong,2017-12-24,Grade 1,+16615207527,-
S05707,Roger Smith,2012-02-10,Grade 1,+16796808469,0854
S05708,James Wagner Dvm,2008-03-08,Grade 3,+15775711854,87368
S05709,Clinton Brown,2010-12-29,Grade 5,+17456910297,00538
S05710,Colleen Hurst,2007-07-23,Grade 1,+19027103517,1699
S05711,Jay Moore,2006-10-31,Grade 5,+18034919678,-
S05712,Christian Edwards,2009-08-01,Grade 3,+15676318817,5454
S05713,Elizabeth Reynolds,2008-07-09,Grade 3,+18505365198,970
S05714,Elizabeth Simmons,2009-03-22,Grade 2,+12504525732,1216
S05715,Lisa Nguyen,2008-02-09,Grade 2,+18246611437,-
S05716,Tamara Moore,2008-04-16,Grade 1,+13295603628,52293
S05717,Christopher Sheppard,2009-06-28,Grade 2,+17324982666,-
S05718,Cody Best,2010-12-15,Grade 5,+14459764205,-
S05719,Harry Whitehead,2014-05-19,Grade 5,+12163708185,-
S05720,Dawn Byrd,2016-10-26,Grade 2,+18413738617,56323
S05721,Mary Marshall,2011-10-14,Grade 2,+13906590522,51825
S05722,Sherry Brown,2011-06-24,Grade 4,+17176344831,469
S05723,Brandy Hart,2013-06-04,Grade 5,+19983628014,-
S05724,Joseph Schultz,2013-03-03,Grade 4,+17225648960,78428
S05725,Nicole Singh,2010-02-18,Grade 2,+14358502814,9121
S05726,Larry Lee,2010-12-18,Grade 2,+19119651976,869
S05727,Richard Evans,2014-09-05,Grade 4,+12118169718,349
S05728,Kelly Benitez,2017-01-25,Grade 2,+18168555597,4132
S05729,Kelly Norris Dds,2009-02-18,Grade 1,+19685040611,-
S05730,Lauren Mills,2014-07-30,Grade 5,+19624649156,655
S05731,Andrew Smith,2012-04-30,Grade 2,+14299535478,09544
S05732,Nicholas Trevino,2015-10-07,Grade 2,+15982386216,141
S05733,Alex Smith,2007-11-13,Grade 3,+12773423550,68110
S05734,Christina Bailey,2006-12-05,Grade 2,+16512542146,2990
S05735,Melissa Long,2012-02-02,Grade 2,+14569206249,7801
S05736,Ian Cameron,2015-11-09,Grade 4,+18962228007,7444
S05737,Brian Norman,2012-11-28,Grade 4,+17514152374,57680
S05738,Jeffrey Ford,2015-10-18,Grade 4,+14796592345,233
S05739,Jason Harrison,2018-06-19,Grade 4,+18465926709,9910
S05740,Ashley Flynn,2018-07-18,Grade 2,+15276514547,4951
S05741,Amanda Anderson,2017-06-16,Grade 2,-,-
S05742,Benjamin Berger,2011-12-31,Grade 5,+12276226084,504
S05743,Joshua Frazier,2007-05-21,Grade 3,+16878155597,33369
S05744,Jessica Roy,2011-07-03,Grade 1,+18283518262,-
S05745,Adam Knight,2015-07-11,Grade 3,+19098150188,-
S05746,Timothy Torres,2006-10-11,Grade 4,+13162745958,-
S05747,Jeffery Day,2017-01-14,Grade 3,+13863311951,185
S05748,Christopher Kent,2010-07-30,Grade 2,+17095688869,-
S05749,Erin Hendrix,2009-08-16,Grade 1,+19567906941,61368
S05750,Kayla Washington,2008-09-03,Grade 5,+12105779135,6613
S05751,Laura Parker,2013-08-25,Grade 1,+18755463249,266
S05752,Paul Dixon,2010-06-02,Grade 2,+17096334692,-
S05753,Lisa Jones,2013-04-26,Grade 5,+17303309478,-
S05754,Jerry Watson,2010-02-21,Grade 2,+17492961471,4887
S05755,Kimberly Parker,2008-01-22,Grade 1,+17319417577,-
S05756,Michael Pratt,2019-02-15,Grade 1,+14785683790,-
S05757,Anne Summers,2009-12-19,Grade 3,+17818149561,-
S05758,Robert Cole,2014-10-10,Grade 5,+15168565868,-
S05759,Stephanie Park,2015-12-23,Grade 3,+16809041542,6489
S05760,Lisa Bolton,2009-07-12,Grade 1,+13656142926,08508
S05761,Tracey Decker,2017-03-09,Grade 1,+12976038398,-
S05762,Anthony Benitez,2017-11-16,Grade 2,+18722543240,-
S05763,Steven Stone,2018-05-01,Grade 2,+15344107142,9030
S05764,Erin Ortiz,2017-09-23,Grade 5,+14387470441,9732
S05765,Jessica Burns,2010-02-11,Grade 3,+17957445167,636
S05766,Amy Callahan,2007-05-04,Grade 4,+15934222573,519
S05767,Nicholas White,2012-09-11,Grade 5,+16064380351,-
S05768,Eric Dyer,2013-08-05,Grade 2,+17983489192,-
S05769,David Smith,2016-12-15,Grade 5,-,-
S05770,Linda Thompson,2015-01-05,Grade 3,-,-
S05771,Nathan Mann,2017-05-23,Grade 1,+16658175475,8577
S05772,Cynthia Smith,2016-12-15,Grade 4,+14377556391,-
S05773,Tina Hernandez,2014-05-28,Grade 5,+19572772156,-
S05774,Jenna Smith,2016-08-14,Grade 1,+17126170728,0163
S05775,Elizabeth Miller,2016-03-09,Grade 4,+15793099551,266
S05776,Julie Santos,2009-12-24,Grade 4,+18928111508,99919
S05777,Mrs. Debbie Woodard Dds,2011-07-22,Grade 2,+13635648238,48798
S05778,Kurt Walker,2007-03-31,Grade 2,+16532592018,-
S05779,Benjamin Lloyd,2013-11-03,Grade 3,+18086059795,3497
S05780,Kevin Smith,2014-03-11,Grade 1,+12407673585,3861
S05781,Chad Jackson,2010-12-03,Grade 4,+17536529933,-
S05782,David Eaton,2012-07-12,Grade 2,+12466951647,920
S05783,Megan Burnett,2017-06-23,Grade 3,+13269134579,-
S05784,Robert Davis,2017-01-27,Grade 5,+13994605860,548
S05785,Melanie Paul,2018-07-03,Grade 4,+14199885378,-
S05786,John Owen,2012-01-07,Grade 2,+19395721514,23441
S05787,Mr. Cameron Browning,2010-01-29,Grade 1,+13064058793,359
S05788,Craig Rivera,2016-11-03,Grade 3,+12052921878,-
S05789,Brittany Richardson,2008-06-18,Grade 5,+14524013845,816
S05790,William Austin,2008-08-21,Grade 5,+12018921943,443
S05791,Robert Carter,2008-01-25,Grade 1,+16495103823,-
S05792,Emily Ibarra,2007-05-13,Grade 3,+14016105440,8415
S05793,Travis Norton,2010-12-08,Grade 1,+16364667176,-
S05794,Leslie Porter,2011-07-15,Grade 1,+16612623593,4681
S05795,Bruce Smith,2008-09-06,Grade 1,+14107656342,81034
S05796,Robin Kirk,2009-03-13,Grade 5,+18942532838,809
S05797,Brianna Smith,2011-11-23,Grade 4,+14007728343,-
S05798,Ryan Perez,2006-10-26,Grade 2,+12712179332,0709
S05799,Anthony Rogers,2010-03-20,Grade 2,+19605174587,33520
S05800,Susan Foster,2006-09-08,Grade 2,+17919641341,147
S05801,Pamela Cochran Md,2018-12-25,Grade 2,+15124927701,-
S05802,Samuel Chavez,2015-03-18,Grade 3,+15205375381,45514
S05803,Alexis Wood,2006-08-28,Grade 4,+17302862636,4122
S05804,Margaret Turner,2014-07-30,Grade 4,+17165963619,-
S05805,Paul Smith,2010-05-11,Grade 1,+16314220351,-
S05806,Rachel Sanchez Dds,2016-04-26,Grade 2,+18978422467,-
S05807,Andrew Clark,2019-02-08,Grade 2,+12916425235,9971
S05808,Lisa Holmes,2013-11-10,Grade 4,+15909807865,-
S05809,Renee Garcia,2012-10-16,Grade 5,+17099788717,211
S05810,Mia Montoya,2016-06-06,Grade 2,+14157100123,-
S05811,Julia Gibson,2011-03-28,Grade 1,+16062903405,6628
S05812,James Jones,2009-08-20,Grade 3,+13902207280,-
S05813,Christine Carrillo,2006-12-25,Grade 4,+14364724939,-
S05814,Raymond Clay,2017-03-08,Grade 4,+13514091263,453
S05815,Elizabeth Johnson,2007-11-28,Grade 3,+14727665915,95795
S05816,Corey Nguyen,2013-11-29,Grade 3,+16063509676,-
S05817,Morgan Shaffer,2014-08-24,Grade 3,+14432129213,-
S05818,Devin Ruiz,2012-04-10,Grade 3,+19576171910,410
S05819,Catherine Wright,2009-11-09,Grade 4,+19456973627,55587
S05820,Ashley Barber,2011-03-26,Grade 5,+13036325045,01076
S05821,Justin Floyd,2012-05-09,Grade 1,+19592595329,-
S05822,David Santana,2006-11-18,Grade 1,+14247341393,267
S05823,David White,2017-08-15,Grade 1,+16453045311,061
S05824,Robert Campbell,2018-05-04,Grade 2,+18352215027,-
S05825,Christopher Mcdonald,2014-08-27,Grade 2,+17364079931,284
S05826,Ethan Riley,2009-07-19,Grade 4,+14587678072,-
S05827,Brent Chase,2016-01-06,Grade 5,+15122650520,-
S05828,Jorge Figueroa,2009-08-10,Grade 5,+18083283069,-
S05829,Jason Gallegos,2014-10-05,Grade 5,-,-
S05830,Eddie Stewart,2017-02-19,Grade 5,+19139020313,-
S05831,Kelly Williams,2016-12-30,Grade 3,+18474421437,-
S05832,Jessica Allen,2018-12-12,Grade 4,+15786639193,-
S05833,Shawna Price,2010-05-09,Grade 5,+17752944286,-
S05834,Leslie Garner,2015-06-17,Grade 2,+18417920064,8142
S05835,Mark Hayes,2007-12-16,Grade 2,+16623317353,880
S05836,Tina Jensen,2010-07-12,Grade 1,+16377634867,2498
S05837,Steven Johnson,2007-05-27,Grade 1,+15108461767,-
S05838,Gregory Gonzales,2012-10-01,Grade 1,+17989275595,8249
S05839,Sierra Brown,2009-04-21,Grade 1,+15359750809,-
S05840,William Porter,2016-01-11,Grade 4,+12997956739,6289
S05841,Nathan Christian,2009-06-17,Grade 1,+17345126540,371
S05842,Daniel Reynolds,2006-06-18,Grade 4,+19049940072,88116
S05843,Karen Walker,2015-02-23,Grade 3,+15952108925,796
S05844,Timothy Garcia,2017-03-21,Grade 3,+12976595437,-
S05845,Brooke Scott,2013-11-25,Grade 5,-,-
S05846,Brett Brown,2014-11-17,Grade 2,+13806565597,246
S05847,Erica Alvarez,2006-08-19,Grade 4,+14225813030,-
S05848,Wendy Walker,2010-01-18,Grade 4,+17174852993,2238
S05849,Christopher Rodgers,2017-12-17,Grade 4,+16143478191,25375
S05850,Amanda Hall,2018-10-17,Grade 4,+15146103873,-
S05851,Jonathan Zavala,2009-01-07,Grade 4,+18995457560,-
S05852,Kristin Reid,2016-04-03,Grade 1,+16414889695,-
S05853,Jill Taylor,2010-03-14,Grade 1,-,-
S05854,Matthew Moses,2013-10-27,Grade 1,+18144448533,765
S05855,Sharon Rich,2010-04-21,Grade 3,+12376623349,-
S05856,Heather Benjamin,2016-05-18,Grade 1,+19985603906,2119
S05857,Amanda Reynolds,2015-06-17,Grade 3,+13192386224,-
S05858,Rodney Gay,2017-08-21,Grade 2,+14235308288,-
S05859,Holly Carroll,2009-03-17,Grade 5,+16169867004,158
S05860,William Haas,2018-04-10,Grade 2,+19786052206,006
S05861,Stephen Duran,2018-06-11,Grade 1,+14774204537,86638
S05862,Dr. Michael Wright,2008-11-05,Grade 1,+14428207687,350
S05863,Zachary Garcia,2012-03-24,Grade 2,+15648423842,-
S05864,Matthew Byrd,2016-05-21,Grade 1,+12113786484,6840
S05865,Raymond Douglas,2007-06-28,Grade 5,+13764883186,19168
S05866,Elizabeth Roberts,2013-09-14,Grade 5,+18747784064,-
S05867,Katelyn Thompson,2015-08-23,Grade 5,+17016810202,04871
S05868,Denise Olson,2006-09-03,Grade 4,+18207859558,6554
S05869,William Hunt,2018-02-12,Grade 2,+15897442816,-
S05870,Mrs. Denise Hays,2006-07-22,Grade 3,+15199511806,-
S05871,Heather Brown,2012-03-10,Grade 4,+14853598175,25569
S05872,Thomas Ward,2013-12-06,Grade 1,+18476112337,-
S05873,Benjamin George,2007-03-21,Grade 5,+12354824969,60384
S05874,Destiny Patterson,2007-08-06,Grade 4,+12294369875,-
S05875,Margaret Pollard,2014-09-25,Grade 5,+15004069251,-
S05876,Chelsea Powell,2007-10-24,Grade 3,+12993921681,59587
S05877,Abigail Bowen,2016-03-05,Grade 3,+19173445940,-
S05878,George Payne,2012-08-02,Grade 4,+18969344608,2147
S05879,Joseph Luna,2016-01-28,Grade 1,+14479901681,-
S05880,Bruce Harmon,2011-06-01,Grade 4,+18522491869,-
S05881,Damon Williams,2006-12-21,Grade 1,+15776392446,932
S05882,Adam Campbell,2011-07-26,Grade 2,+14658016684,55973
S05883,Ashley Hawkins,2007-12-06,Grade 2,+16232178650,-
S05884,Jamie Martin,2017-08-04,Grade 4,+14653968759,89957
S05885,Matthew Copeland,2014-04-25,Grade 3,+19873705040,6573
S05886,Whitney Rowland,2014-11-18,Grade 1,+19862774552,-
S05887,Kathy Lawson,2007-02-05,Grade 5,+12915333374,-
S05888,Rachel Aguilar,2014-07-24,Grade 1,+13513983749,-
S05889,Victoria White,2013-06-20,Grade 5,-,-
S05890,Derek Humphrey,2012-04-27,Grade 4,+18926695877,62919
S05891,Amber Gomez,2016-07-11,Grade 5,+19002916754,-
S05892,Scott Mendez,2011-04-27,Grade 1,+18949078527,618
S05893,Ronald Reilly,2011-08-05,Grade 4,+12035673652,0080
S05894,Deborah Franklin,2006-09-20,Grade 5,+19338780548,5465
S05895,Michael Weeks,2007-06-17,Grade 3,+19509158455,3760
S05896,Brian Harris,2012-08-18,Grade 3,+19954324390,860
S05897,Ryan Bennett,2014-05-30,Grade 1,+18575612944,-
S05898,Joshua Sims,2015-03-28,Grade 4,+18018372746,-
S05899,Anthony Johnson,2007-02-12,Grade 2,-,-
S05900,Nicole Cross,2009-02-05,Grade 5,+13507479622,489
S05901,Mr. James Washington Dvm,2013-07-07,Grade 1,+18307149643,5395
S05902,Andrea Anderson,2016-05-11,Grade 2,+12805489759,3813
S05903,Albert Evans,2006-06-09,Grade 5,+14079076583,14474
S05904,Matthew Beltran,2006-10-30,Grade 4,+17848849850,85674
S05905,Donald Morrison,2017-03-14,Grade 1,+17898993667,-
S05906,Thomas Simpson,2008-02-29,Grade 4,+12206280776,361
S05907,David Parker,2014-06-23,Grade 4,-,-
S05908,Bradley Lopez,2012-12-19,Grade 2,+17058552432,-
S05909,Sarah Franklin,2009-10-11,Grade 3,+13864686402,-
S05910,Douglas Spears,2007-12-12,Grade 5,+19227736578,75791
S05911,Diamond Mata,2016-12-17,Grade 1,+18498879180,1854
S05912,Carlos Thomas,2011-12-26,Grade 3,+13503576005,76025
S05913,Angela Ortega,2015-08-26,Grade 5,+16107738589,8126
S05914,Logan Christensen,2013-06-09,Grade 4,+16098862430,30883
S05915,Alexandra Sawyer,2010-08-28,Grade 2,+13584274676,8484
S05916,Scott Watkins,2019-02-15,Grade 2,+14428816711,-
S05917,Jose Zamora,2009-12-15,Grade 2,+19045266859,8702
S05918,Mr. Ricky Robinson,2012-05-15,Grade 1,+16897687155,7568
S05919,Cody Anderson,2016-07-03,Grade 3,+18055654255,88175
S05920,Michael Strickland,2012-01-02,Grade 4,+16316483986,41697
S05921,Mikayla Prince,2016-09-05,Grade 3,+17585893664,012
S05922,Angel Miller,2011-01-06,Grade 1,+14886815455,94253
S05923,Miss Jill Ryan,2007-08-31,Grade 1,-,-
S05924,Denise Evans,2014-07-15,Grade 3,+17768713830,00287
S05925,Clinton Wallace,2006-06-29,Grade 5,+19495903554,26414
S05926,Nicole Pittman,2008-10-10,Grade 3,+13768396243,4361
S05927,Cynthia Perez,2014-10-16,Grade 4,+18366819960,-
S05928,Matthew Mitchell,2019-01-14,Grade 1,+12312203725,592
S05929,Natasha Turner,2007-08-18,Grade 3,+13612738180,-
S05930,Andrew Page,2018-12-24,Grade 1,+16943701713,-
S05931,Jennifer Robbins,2018-12-30,Grade 4,+18324944961,-
S05932,Matthew Jackson,2008-07-18,Grade 5,+18894055847,275
S05933,Keith Hernandez,2012-07-27,Grade 2,+12856490861,-
S05934,Whitney Alvarado,2010-03-10,Grade 2,+13726088257,57092
S05935,Ryan Morrow,2018-02-02,Grade 1,+17892245876,-
S05936,Kathryn Smith,2006-08-21,Grade 1,+19288653854,706
S05937,Henry Decker,2010-10-27,Grade 5,+14822327369,-
S05938,Phillip Rivera,2006-08-30,Grade 2,+15335930590,37235
S05939,Brian Moore,2017-02-26,Grade 5,+17858450616,94939
S05940,Jacob Martin,2016-10-06,Grade 3,+12599236866,-
S05941,William Owens,2007-12-12,Grade 1,+19816973564,-
S05942,Tonya Jimenez,2007-08-02,Grade 1,+14379380117,1717
S05943,Stephen Torres,2015-05-11,Grade 4,+18796980431,-
S05944,William Stevens,2008-11-30,Grade 2,+14092199270,-
S05945,Albert Wiley,2018-09-17,Grade 4,+15769461737,8131
S05946,Jessica Lewis,2012-12-08,Grade 3,+18322456451,-
S05947,Alexander Conner,2007-07-14,Grade 4,+16967214270,3555
S05948,Michael Franklin,2006-12-12,Grade 2,+17983389857,-
S05949,Kimberly Gross,2007-10-25,Grade 3,+13357114602,637
S05950,Melinda Jones,2018-11-03,Grade 3,+17389759385,7411
S05951,Randy Tanner,2008-05-03,Grade 2,+16797805051,-
S05952,Melissa Watts,2009-08-23,Grade 3,+12074264171,2263
S05953,David Moore,2007-08-09,Grade 5,+17036048357,652
S05954,Christopher Anderson,2007-04-12,Grade 4,+19445981849,719
S05955,Jimmy Ramirez,2016-12-24,Grade 1,+19104296097,239
S05956,Allison Boone,2015-02-27,Grade 3,+13778503580,-
S05957,Jeffrey Lloyd,2015-01-12,Grade 5,+16679299121,-
S05958,Robert Farley,2015-08-15,Grade 2,+15883525712,69618
S05959,Angela Harris,2010-02-25,Grade 1,+17379860238,-
S05960,Angela Brown,2006-06-30,Grade 2,+15842343308,180
S05961,Phyllis Dixon,2007-09-09,Grade 4,+16688022989,-
S05962,Amy Valenzuela,2007-09-02,Grade 3,+12147836436,268
S05963,Lisa Davis,2015-05-16,Grade 4,+12987567899,2075
S05964,Lisa Ramirez,2016-03-26,Grade 2,+17489859892,49558
S05965,Joy Jackson,2016-06-01,Grade 4,+12802706333,-
S05966,Laurie Kelly,2018-09-22,Grade 1,+16527785866,384
S05967,Jamie Moore,2006-05-12,Grade 5,+18864607397,-
S05968,Jesse Jackson,2014-05-08,Grade 1,+15727276049,-
S05969,Jennifer Martin,2008-06-11,Grade 5,+12347628832,629
S05970,Kayla Harris,2014-08-21,Grade 3,+14707727655,1011
S05971,Kyle Patel,2010-02-16,Grade 1,+16212626067,2490
S05972,Brianna Arroyo,2012-09-13,Grade 1,+13252535274,-
S05973,Mr. John Moore,2018-06-30,Grade 3,-,-
S05974,Timothy Snyder,2018-11-09,Grade 2,+14425203317,3691
S05975,Krista Gill,2015-04-16,Grade 3,+16458312566,8661
S05976,Christina Garrett,2013-01-26,Grade 1,+12989223320,61457
S05977,Diane Rivera,2009-07-14,Grade 5,+19596141715,-
S05978,William Evans,2015-01-04,Grade 5,+19435992983,-
S05979,Kirsten Walker,2012-09-15,Grade 5,+16498772999,490
S05980,Gregory Burns,2011-04-16,Grade 4,+19133935132,-
S05981,Dominic Allen,2007-04-26,Grade 1,+12663100977,-
S05982,Jesus Hall,2015-10-27,Grade 4,+12138409806,-
S05983,Jessica Day,2016-02-09,Grade 4,+17054744420,440
S05984,Jacob Hines,2008-04-03,Grade 5,+17323489553,720
S05985,Zachary Mckee,2006-04-21,Grade 2,+18738594149,355
S05986,Dawn Martin,2018-02-18,Grade 3,+15276792844,59826
S05987,Laurie Spears,2006-10-27,Grade 2,+18924024185,436
S05988,Jamie Garrett,2016-07-10,Grade 4,+16879859401,-
S05989,Stanley Thomas,2017-04-27,Grade 2,-,-
S05990,Carl Moore,2012-03-15,Grade 4,+13163716494,0814
S05991,Daniel Robertson,2015-06-22,Grade 2,+12363208179,6585
S05992,Jared Gonzalez,2010-05-07,Grade 1,+13305977211,-
S05993,Steven Page,2018-12-12,Grade 5,+13874973088,-
S05994,Ryan Park,2007-01-18,Grade 4,+18137706331,28463
S05995,Marcus Cisneros,2014-05-08,Grade 3,-,-
S05996,Sara Garcia,2008-05-01,Grade 5,+18778556998,8407
S05997,Dean Torres,2011-04-13,Grade 5,+13689274313,-
S05998,Amy Jennings,2011-12-16,Grade 2,+16488009014,861
S05999,Patricia Nixon,2016-08-13,Grade 3,+13202703073,78605
S06000,Craig Hart,2009-12-31,Grade 5,+17763536854,11483
S06001,John Lawson,2006-11-11,Grade 5,+15848205254,29642
S06002,Amy Thomas,2015-03-24,Grade 1,-,-
S06003,Jennifer Valdez,2015-06-17,Grade 1,+15745522503,7054
S06004,Amanda Phelps,2008-07-18,Grade 4,+18224629769,-
S06005,Alexis Garcia,2010-06-07,Grade 4,+18733633871,097
S06006,Jamie Hernandez,2009-04-18,Grade 3,+12238253111,-
S06007,James Jimenez,2009-12-05,Grade 5,+15915256842,-
S06008,Sherry Rose Dds,2006-08-22,Grade 1,+12744177024,449
S06009,Cody Davis,2009-04-15,Grade 1,+14659769612,72361
S06010,Emily Rose,2008-01-10,Grade 4,-,-
S06011,Matthew Bernard,2017-01-09,Grade 5,+17322153918,-
S06012,Craig Williams Phd,2017-02-19,Grade 2,+15169471812,-
S06013,Dale Larson,2009-01-05,Grade 2,+14954558299,-
S06014,Carrie Williams,2008-09-08,Grade 5,+15725005030,-
S06015,Troy Maxwell,2014-07-31,Grade 1,+13097977521,-
S06016,Kathryn Turner,2016-11-27,Grade 1,+12316319431,-
S06017,James Howe,2010-12-06,Grade 3,+17566842748,193
S06018,Tina Roberts,2013-01-14,Grade 3,+13113124727,219
S06019,John Wise,2018-09-12,Grade 3,+13038499761,-
S06020,Melinda Martinez,2007-12-20,Grade 1,+15658468812,94949
S06021,Joshua Robinson Md,2012-05-12,Grade 4,+12597716014,687
S06022,Zachary Medina,2006-10-12,Grade 5,+17274859685,42303
S06023,Steven Wilson Dds,2016-02-05,Grade 1,+15152335271,27067
S06024,Jamie Walker,2016-04-05,Grade 2,+13584746018,995
S06025,Kathy Lopez Md,2013-05-30,Grade 2,+14324780342,549
S06026,Benjamin Gill,2012-04-14,Grade 3,+16202676975,-
S06027,Brian Lee,2016-03-11,Grade 1,+16855869118,-
S06028,Ethan Nguyen,2010-06-05,Grade 2,+19723867736,38121
S06029,Scott Grant,2007-02-12,Grade 1,+14172975925,8158
S06030,Jessica Wolf,2011-04-01,Grade 2,+19506237183,2725
S06031,Elizabeth Mccormick,2007-06-17,Grade 1,+12807672541,6518
S06032,Miguel Coleman,2009-10-24,Grade 4,+16965821175,9617
S06033,Jason Mullen,2014-11-22,Grade 1,+13978116752,5919
S06034,Michelle Mcguire,2009-08-06,Grade 1,+19626808620,-
S06035,Kaitlin Park,2016-11-22,Grade 1,+16605674136,193
S06036,Dustin Buckley,2007-03-15,Grade 1,+16805750188,0649
S06037,Tanya Simpson,2009-09-17,Grade 3,+16212831143,-
S06038,Alexander Cortez,2017-08-25,Grade 2,+12999660909,63927
S06039,Dana Harris,2012-05-14,Grade 2,+12566313482,1885
S06040,Emily Porter,2013-03-16,Grade 2,+19987684939,-
S06041,Christine Velasquez,2018-01-08,Grade 4,+17627561645,-
S06042,Joseph Hunter,2014-04-10,Grade 4,+16776597702,570
S06043,Debra Bates,2012-07-27,Grade 5,+19024140426,476
S06044,Miss Jasmine Nelson Md,2008-12-12,Grade 3,+16198106137,-
S06045,Chad White,2006-10-30,Grade 2,+19112786082,-
S06046,Deborah Jenkins,2011-08-01,Grade 3,+13128931236,81724
S06047,Paul Andrews,2009-01-10,Grade 5,+17964960180,257
S06048,Mathew Ramirez,2018-05-22,Grade 5,+14219804774,95331
S06049,William Anderson,2008-07-23,Grade 2,+13862606493,563
S06050,Amanda Harris,2006-10-02,Grade 2,+12625003589,-
S06051,Larry Gross,2009-06-07,Grade 1,+13416602073,-
S06052,Andrew Castro,2012-05-30,Grade 1,-,-
S06053,Tanya Miller,2010-05-18,Grade 4,+14886589660,7015
S06054,Matthew Levy,2009-01-17,Grade 4,+15309828864,60723
S06055,David Wells,2016-04-02,Grade 1,+12996309633,92315
S06056,Natalie Santos,2010-08-07,Grade 5,+13053649034,-
S06057,Dennis White,2008-11-05,Grade 3,+18163117985,5428
S06058,Jeffrey Sanders,2014-04-26,Grade 2,+19777300596,-
S06059,Bradley Taylor,2010-03-22,Grade 5,+19252662809,5420
S06060,Jackie Mills,2009-07-30,Grade 2,-,-
S06061,Joseph Thomas,2014-10-31,Grade 2,+13944217024,-
S06062,Jill Stone,2013-05-11,Grade 2,+16086937440,-
S06063,Robert Yang,2006-08-28,Grade 4,+15846046574,72919
S06064,Jason Hale,2009-07-15,Grade 3,+14665161763,-
S06065,Jennifer Potter,2006-07-25,Grade 1,+16189955060,-
S06066,Mark Jensen,2016-06-17,Grade 2,+14074076331,9633
S06067,Christian Ford,2007-09-23,Grade 5,+12582063016,243
S06068,Jennifer Cain,2015-04-21,Grade 4,+16202057962,179
S06069,Miranda Nelson,2008-06-14,Grade 2,+17526959687,940
S06070,Juan Smith,2018-06-26,Grade 5,+13137400084,-
S06071,Jeffrey Taylor,2009-06-12,Grade 2,+17836837070,9495
S06072,Adam Gardner,2012-10-18,Grade 1,+18288747209,90351
S06073,Valerie Sanchez,2006-06-10,Grade 3,+13027401591,-
S06074,Brendan Thompson,2015-05-21,Grade 2,+13983800290,-
S06075,Jonathan Weber,2011-01-21,Grade 4,+16174301116,-
S06076,Mary Byrd,2009-11-08,Grade 3,+19229980133,1601
S06077,Dr. Gregory Lloyd,2011-11-04,Grade 5,+16297759127,906
S06078,Nicholas Collins,2015-12-18,Grade 1,+19818804325,-
S06079,Mercedes Allen,2017-03-16,Grade 1,+12047232156,-
S06080,Scott Walton,2008-09-08,Grade 3,+15356387438,-
S06081,Gabrielle Bell,2010-10-08,Grade 4,+12158196378,5354
S06082,John Smith,2007-08-28,Grade 3,+17019832435,-
S06083,David Edwards,2010-03-20,Grade 3,+19552854418,466
S06084,John Harris,2012-06-29,Grade 2,+17113791928,-
S06085,Timothy Saunders,2018-12-04,Grade 1,+19169287764,5819
S06086,Wayne Kennedy,2016-11-09,Grade 4,+18914299354,-
S06087,Kayla Dawson,2013-04-03,Grade 2,+12995807163,-
S06088,Linda Roberts,2013-04-11,Grade 2,+15908779617,7357
S06089,Jonathan Johnson,2016-07-23,Grade 4,+12085333814,-
S06090,Jorge Hurley,2015-05-17,Grade 5,+13604328826,382
S06091,Jody Garcia,2017-06-08,Grade 2,+15906974361,514
S06092,Kristin Martin,2014-02-12,Grade 1,+16546884682,9886
S06093,Billy Foster,2013-04-20,Grade 2,+17107748856,3439
S06094,Erica Hayden,2012-01-03,Grade 3,+18053665676,53955
S06095,Emily Robinson,2019-02-07,Grade 1,+18292424779,-
S06096,Amy Stevens,2009-09-01,Grade 5,-,-
S06097,Alex Glover,2008-03-17,Grade 2,+16442488386,-
S06098,Amanda Morris,2017-12-18,Grade 1,+18895183099,0342
S06099,Caleb Wilkinson,2011-09-19,Grade 4,+19642077528,-
S06100,Jason Ray,2007-01-06,Grade 2,+19779852271,39535
S06101,Kimberly Duke,2012-07-01,Grade 5,+17148370027,9652
S06102,Michael Barrett,2012-07-27,Grade 2,+19307393592,475
S06103,Emily Rodriguez,2015-06-13,Grade 2,+16239311577,982
S06104,Monica Kelley,2014-07-05,Grade 5,+18374682839,571
S06105,Lisa Williamson,2011-06-11,Grade 2,-,-
S06106,Debra Smith,2012-12-29,Grade 1,+12443848721,-
S06107,Thomas Walsh,2018-05-29,Grade 4,+17936498374,-
S06108,Darlene Harris,2017-08-23,Grade 5,+17344392016,866
S06109,Vincent Dunn,2012-05-24,Grade 2,+13448778004,10534
S06110,Richard Arnold,2017-01-15,Grade 3,+18579652864,064
S06111,Anita Mckay,2017-06-29,Grade 4,+12296251111,-
S06112,Kristine Newman,2017-12-15,Grade 5,+17444937599,-
S06113,Thomas Wilson,2015-06-22,Grade 2,+18657135475,5432
S06114,Leslie Robinson,2017-01-10,Grade 5,+14833642312,-
S06115,Nicholas Ellis,2019-01-21,Grade 3,+18345481474,97598
S06116,Timothy Potter,2011-10-16,Grade 1,+19543299839,-
S06117,John Boyd,2008-03-17,Grade 4,+17849392140,1312
S06118,Carrie Ali,2012-07-10,Grade 4,+19056135094,20689
S06119,William Steele,2008-05-25,Grade 2,+18297829161,-
S06120,Kenneth Holmes,2016-04-03,Grade 2,+17462819891,236
S06121,Tracy Arroyo,2007-04-29,Grade 3,+13094367210,473
S06122,Andrew Middleton,2015-08-09,Grade 5,+17817663254,48940
S06123,Nicholas Reed,2011-08-23,Grade 3,+13685131150,5114
S06124,Elizabeth Adams,2016-03-04,Grade 2,+13496470156,8285
S06125,Joanna Torres,2015-09-16,Grade 5,+18925440760,385
S06126,Steven Smith,2012-08-25,Grade 5,+13238495263,-
S06127,Matthew Butler,2008-09-27,Grade 5,+18369782615,4589
S06128,Andrea Campbell,2016-09-06,Grade 2,+19393645281,05980
S06129,Jason Davis,2011-12-12,Grade 3,+18085338662,-
S06130,Amanda Morris,2012-11-09,Grade 5,-,-
S06131,Tiffany Cain,2008-06-23,Grade 3,+18877593119,-
S06132,Kristine Stewart,2009-01-07,Grade 4,-,-
S06133,William Brown,2009-03-30,Grade 1,+18282820397,-
S06134,Michelle Tanner,2019-02-27,Grade 3,+17298940595,9611
S06135,Matthew Pacheco,2018-05-13,Grade 1,+18632106320,5382
S06136,Rachel Martinez,2018-09-21,Grade 1,+19062244003,-
S06137,Jodi Lewis,2014-02-02,Grade 5,+15845565047,06250
S06138,Christopher Perry,2014-10-31,Grade 3,+14099798620,957
S06139,Nicole Turner,2014-07-05,Grade 1,-,-
S06140,Eric Alexander,2015-11-29,Grade 4,+14019422531,-
S06141,Matthew Bailey,2015-11-20,Grade 4,+12069158902,-
S06142,Devin Gray,2018-07-24,Grade 5,-,-
S06143,Pamela Hall,2009-06-09,Grade 2,+17143189873,-
S06144,Phillip Reyes,2015-01-05,Grade 3,+19746010565,61062
S06145,Justin Johnson,2018-01-06,Grade 1,+18884855373,98292
S06146,Holly Fleming,2018-08-29,Grade 5,+17157875864,-
S06147,Sara Foster,2018-04-20,Grade 3,+15562730465,-
S06148,Casey Haney,2015-05-03,Grade 3,+17458999126,-
S06149,Megan Lloyd,2012-07-14,Grade 1,+16273068621,886
S06150,Timothy Sims,2011-06-19,Grade 3,+18455402406,524
S06151,Audrey Fisher,2009-02-21,Grade 4,+12427545964,4719
S06152,Cheryl Mora,2014-04-26,Grade 2,-,-
S06153,Gina Johnson,2008-12-27,Grade 1,+16655584625,4025
S06154,Sean Schmidt,2015-05-17,Grade 1,+13716768932,88815
S06155,Edward Frank,2008-12-29,Grade 2,+17102334247,-
S06156,Luis Hill,2013-04-10,Grade 2,+15415580730,89684
S06157,Douglas Alvarez,2007-09-22,Grade 5,+17238858716,166
S06158,Victor Edwards,2013-12-24,Grade 1,+13668088025,03686
S06159,Scott Frederick,2011-11-20,Grade 2,+14317961715,-
S06160,Amanda Bush,2018-10-02,Grade 5,-,-
S06161,Christopher Flores,2017-08-04,Grade 3,+17678715479,-
S06162,Ashley Soto,2006-10-05,Grade 1,+17789533037,52025
S06163,Anne Melendez,2006-09-27,Grade 4,+14666340244,05387
S06164,Maria White Dvm,2010-07-21,Grade 5,+12035051419,569
S06165,Michael Hudson,2007-11-07,Grade 1,+12562091740,90903
S06166,Kathleen Roth,2016-05-27,Grade 2,+18322072511,8577
S06167,Matthew Carroll,2009-08-10,Grade 3,+14763405310,191
S06168,Hayden Arellano,2014-09-04,Grade 1,+12817489325,-
S06169,Mark Church,2011-10-13,Grade 4,+12446645703,581
S06170,Leslie Monroe,2014-04-02,Grade 5,+19923435645,28540
S06171,Nathan Jones,2008-01-15,Grade 1,+18573699610,2087
S06172,Stacy Larsen,2009-02-07,Grade 5,+12347902067,6502
S06173,Wesley Barnett,2015-01-07,Grade 4,+12638625891,-
S06174,John Orozco,2007-01-30,Grade 1,+15716824405,498
S06175,Katherine Moore,2018-01-16,Grade 5,+16467807259,9116
S06176,Travis Shaffer,2012-01-08,Grade 2,+14746378109,346
S06177,Aaron Kline,2016-07-30,Grade 3,+12834138965,-
S06178,David Jordan,2011-08-13,Grade 4,+12616820670,-
S06179,Ralph Nelson,2018-02-10,Grade 5,+16996024393,-
S06180,Randy Villa,2016-09-24,Grade 2,+13096502725,91364
S06181,Sierra Reynolds,2017-11-08,Grade 2,+14903863785,-
S06182,Carolyn Rodriguez,2008-10-29,Grade 4,+19012143397,045
S06183,Christine Flores,2016-03-03,Grade 3,+17499749351,71455
S06184,William Williams,2009-12-11,Grade 5,+13062990430,-
S06185,Daniel Myers,2018-07-21,Grade 5,+16528911993,22471
S06186,Faith Burch,2007-09-21,Grade 4,+18905300372,-
S06187,Mark Richards,2016-10-23,Grade 3,+15209003311,094
S06188,Darrell Robles,2007-11-05,Grade 4,+14424567068,63671
S06189,Kathleen Baker,2009-06-30,Grade 3,+13166838959,-
S06190,Nicholas Rodriguez,2008-03-28,Grade 3,+12424463123,512
S06191,Matthew White,2011-11-20,Grade 4,+19552869802,-
S06192,Leon Hall,2012-04-26,Grade 3,+16612073572,1680
S06193,Olivia Livingston,2008-06-02,Grade 2,+19178646873,-
S06194,Erica Atkinson,2007-12-16,Grade 5,+18563530625,-
S06195,Michelle Miller,2013-12-29,Grade 4,+17652059708,920
S06196,Colton Johnson Dvm,2012-11-25,Grade 3,+18159365918,-
S06197,Robin Fernandez,2010-01-29,Grade 5,+14798012400,-
S06198,Sara Austin,2013-02-14,Grade 5,+13914918344,634
S06199,Kimberly Bennett,2015-12-26,Grade 5,+15048918269,-
S06200,Cassandra Riley,2010-07-31,Grade 5,+17349506244,296
S06201,Melody Wells,2012-03-16,Grade 4,+17463883222,-
S06202,Brandon Parsons,2009-12-04,Grade 1,+17137757742,-
S06203,Heather Wagner,2009-05-18,Grade 4,+19892721095,-
S06204,Ashley Green,2016-11-02,Grade 3,+14502623945,09037
S06205,Luke Young,2014-03-20,Grade 3,+18343119523,3652
S06206,Ronnie Bullock,2015-01-14,Grade 3,+18659208827,-
S06207,Rick Pitts,2009-01-01,Grade 1,+12334712315,728
S06208,Anita Webb,2007-07-23,Grade 3,+19576263029,7433
S06209,Brittany Campos,2008-09-13,Grade 4,+12958510395,-
S06210,Chad Powell,2013-07-20,Grade 3,+14712007487,9924
S06211,Nicholas Frost,2009-04-06,Grade 4,+13249377311,-
S06212,Ronnie Webb,2008-10-01,Grade 5,+15775693511,8513
S06213,Carol Fields,2015-05-25,Grade 3,+19215011686,-
S06214,Carmen Alvarado,2006-11-22,Grade 4,+18913671437,-
S06215,Ricky Jimenez,2017-09-01,Grade 2,+18235481071,54326
S06216,Angel Patel,2019-02-16,Grade 5,-,-
S06217,George Barnes,2012-02-07,Grade 2,+19073997383,735
S06218,Kyle Zimmerman,2018-06-13,Grade 2,+14814978216,-
S06219,Amy Sanchez,2010-12-14,Grade 4,+16194822610,-
S06220,John Lewis,2008-12-28,Grade 5,+17154917241,-
S06221,Adrian Murray,2010-10-22,Grade 4,+12493648502,1296
S06222,Christopher Phillips,2013-09-20,Grade 1,+13902173535,94931
S06223,Brandon Fields,2011-09-12,Grade 1,+13783627880,-
S06224,Scott Garcia,2010-05-10,Grade 1,+18923932839,-
S06225,Haley Davis,2011-05-10,Grade 5,+15935068662,-
S06226,Mr. Frank Escobar,2018-10-14,Grade 1,+14727557320,076
S06227,Joseph Pittman,2010-07-06,Grade 1,+14603013379,247
S06228,Joseph Johnson,2011-09-28,Grade 4,+13069382754,-
S06229,Glenn Herman,2006-12-24,Grade 5,+13109285993,-
S06230,Joseph Robinson,2019-02-05,Grade 4,+14664250025,3089
S06231,Corey Stone,2018-02-23,Grade 5,+14949249187,126
S06232,Allison George,2016-04-23,Grade 5,+16442467368,93998
S06233,Elizabeth Love,2009-01-12,Grade 2,-,-
S06234,Amanda Mcdonald,2013-07-15,Grade 3,+16206062011,-
S06235,Lisa Martin,2018-02-08,Grade 1,+18583293758,814
S06236,Nichole Fernandez,2015-12-13,Grade 1,+14063660970,-
S06237,Adam Morgan,2016-08-20,Grade 5,+14938239352,83988
S06238,James Sanchez,2010-09-10,Grade 5,+19789956837,990
S06239,Allison Wilson,2011-11-18,Grade 1,+16524761105,-
S06240,Elizabeth Stewart,2006-11-16,Grade 4,-,-
S06241,Kristina Moore,2018-03-08,Grade 4,+12526349171,-
S06242,Jonathan White,2019-02-26,Grade 1,+14633254872,851
S06243,James Ward,2014-08-25,Grade 4,+18865121817,4271
S06244,Sarah Peters,2014-10-09,Grade 4,+18609913572,66246
S06245,Ronald Wright,2018-01-30,Grade 5,+16158955480,5146
S06246,Thomas Martinez,2007-12-18,Grade 1,+19337480895,40103
S06247,Jason Rowe,2014-06-16,Grade 5,+16819926765,-
S06248,Rachel Wheeler,2018-01-23,Grade 5,+16904388479,-
S06249,Anne Cooper,2013-07-06,Grade 5,+13583754979,-
S06250,Lonnie Lynch,2014-12-26,Grade 2,+14959990440,0567
S06251,Mr. Christopher Chen,2012-08-07,Grade 1,+12082688037,622
S06252,Pamela Bryant,2010-04-03,Grade 1,+15896126104,-
S06253,Mary Lee,2009-09-20,Grade 4,+19713702962,59051
S06254,Danielle Robinson,2006-05-21,Grade 3,+14848927246,-
S06255,Julie Hughes,2017-11-07,Grade 4,+14417116671,69204
S06256,Chad Howard,2014-02-27,Grade 4,+19456474211,575
S06257,Sarah Meyer,2018-07-16,Grade 1,+13056206548,617
S06258,Tammy Cox,2016-03-10,Grade 2,+19014143045,-
S06259,April Odonnell,2013-11-10,Grade 3,+12509212567,824
S06260,Alicia Morris,2008-11-26,Grade 3,+13234333137,5409
S06261,Cody Gilbert,2017-05-04,Grade 4,+14554734128,815
S06262,Maurice Levy,2007-01-06,Grade 3,+19777862375,-
S06263,Debra Adams,2007-08-23,Grade 2,+15474070663,8732
S06264,Brittany Jackson,2013-04-26,Grade 1,+14224451180,-
S06265,Mr. Russell Nunez Jr.,2010-12-08,Grade 4,+17682814153,8641
S06266,Jeremiah Holmes,2016-07-09,Grade 5,+15162566050,0431
S06267,Michelle Smith,2016-06-29,Grade 1,+16018686006,-
S06268,Lisa Lowe,2014-10-15,Grade 3,+16058771842,0624
S06269,Jasmine Thomas,2009-02-18,Grade 4,+15884228575,878
S06270,Amber Brown,2017-10-17,Grade 2,+17443557847,1855
S06271,Sara Wells,2009-10-14,Grade 3,+14884141723,7112
S06272,Jennifer Miller,2010-12-15,Grade 1,+12823913472,-
S06273,Dr. Billy Stephens,2017-06-07,Grade 1,+18706085770,-
S06274,James Davis,2014-08-02,Grade 4,+19862352898,558
S06275,Danny Herrera,2016-05-17,Grade 1,+12733034251,659
S06276,Paige Stanley,2012-06-07,Grade 2,+19654454345,5465
S06277,Lonnie Pena,2011-07-08,Grade 1,+14853147765,4122
S06278,Charles Schroeder,2010-06-23,Grade 4,+17374365067,3329
S06279,Autumn Watson,2014-12-30,Grade 2,+13953247139,770
S06280,Alexandria Jones,2016-12-29,Grade 5,+16968334748,142
S06281,Kim Ward,2007-03-07,Grade 3,+12865008315,-
S06282,Thomas Reyes,2006-06-05,Grade 4,+12834194905,-
S06283,Kyle Jackson,2016-08-17,Grade 1,+17785342582,93794
S06284,Ethan Johnson,2007-05-07,Grade 3,+19966259576,6080
S06285,Lisa Mayer,2013-07-28,Grade 4,+19345882038,7768
S06286,Melissa Carter,2017-05-31,Grade 1,+19515196159,-
S06287,Dennis Lopez,2018-09-20,Grade 1,+14588298172,81115
S06288,Kimberly Santos,2008-01-11,Grade 4,+12907831183,-
S06289,Jeremy Schroeder,2009-01-22,Grade 2,-,-
S06290,Sarah Reilly,2009-08-03,Grade 4,+16946938524,73025
S06291,Cody Combs,2015-12-23,Grade 4,+18812131654,912
S06292,Hunter Barr,2014-02-23,Grade 1,+13494440735,2695
S06293,Jonathan Stephens,2008-04-30,Grade 5,+15989606734,254
S06294,Joseph Watson,2014-04-26,Grade 3,+14832942239,31926
S06295,Emily Barker,2016-04-15,Grade 1,+17009700764,819
S06296,Andrew Roth,2018-08-04,Grade 5,+15767523311,8608
S06297,James Norman,2015-11-10,Grade 2,+18857009764,-
S06298,Michael Jenkins,2014-09-23,Grade 2,+18298467562,-
S06299,Carolyn Mendoza,2019-01-22,Grade 5,+15598680568,9138
S06300,Nicholas Owen,2014-12-14,Grade 2,+12498108481,4235
S06301,Emily Perez,2010-02-26,Grade 3,+15447989180,492
S06302,Susan White,2013-06-18,Grade 1,+17198439839,33009
S06303,Brenda Tate,2015-08-06,Grade 5,+19423746446,9227
S06304,Heather Nelson,2013-04-11,Grade 3,+17452302194,546
S06305,Ryan Zuniga,2014-12-07,Grade 5,+13326298854,-
S06306,Oscar Sanford,2018-07-19,Grade 5,+17298720072,712
S06307,Ruben Alexander,2017-03-31,Grade 2,+12483332022,7355
S06308,Zoe Gamble,2013-07-21,Grade 3,+14264041046,-
S06309,Allen Thompson,2013-09-30,Grade 5,+16707403573,-
S06310,Jennifer Silva,2016-07-23,Grade 5,+18278312352,652
S06311,Alicia Cherry,2009-07-02,Grade 1,+16698662212,100
S06312,Julia Mitchell,2016-01-06,Grade 4,+12357544489,7730
S06313,Joshua Moore,2009-01-09,Grade 2,-,-
S06314,Mckenzie Mcdowell,2012-11-26,Grade 3,-,-
S06315,Julie Cook,2013-01-30,Grade 3,+14256151731,06584
S06316,Charles Eaton,2008-07-21,Grade 5,+17745379772,-
S06317,Samantha Ramirez,2011-08-23,Grade 4,+15156189977,064
S06318,Carrie Wu,2006-07-13,Grade 1,+18475437391,-
S06319,Lawrence Casey,2006-09-17,Grade 5,+17012750049,-
S06320,Amy Cowan,2007-01-09,Grade 3,+17899093313,6977
S06321,Alexander Hoover,2014-06-28,Grade 4,+16078019216,722
S06322,Christopher Lewis,2012-05-01,Grade 2,+12438104550,1265
S06323,Taylor Johnson Dds,2011-09-06,Grade 5,+15498164142,-
S06324,Marc Davis,2018-09-06,Grade 2,+12632185119,612
S06325,James Herring,2008-03-03,Grade 5,+13053441229,-
S06326,Patricia Terry,2010-06-17,Grade 1,+15763674921,64798
S06327,Joshua Ponce,2016-05-06,Grade 1,+17015413310,-
S06328,Gary Cunningham,2012-04-24,Grade 2,-,-
S06329,Brett Cisneros,2015-11-13,Grade 1,+19082640861,541
S06330,Colin Crosby,2017-08-12,Grade 2,+12385981014,21593
S06331,Jean Jackson,2015-01-17,Grade 1,+18296641133,-
S06332,William Day,2010-10-13,Grade 4,+19729742048,-
S06333,Jody Stephenson,2008-08-16,Grade 5,+12466823049,45726
S06334,Gabriella Patton,2010-04-13,Grade 2,+18234658850,-
S06335,Mark Bradford,2010-03-27,Grade 4,+19294705226,346
S06336,Mitchell Hayes,2006-11-24,Grade 4,+16943445534,902
S06337,Joel Morales,2007-08-30,Grade 3,+12065555098,-
S06338,Troy Rogers,2014-04-02,Grade 2,+15069008216,-
S06339,Stephanie Morgan,2015-08-07,Grade 1,+18843561766,918
S06340,Sharon Massey,2009-06-13,Grade 2,+18099762496,2515
S06341,Justin Lewis,2012-09-29,Grade 5,-,-
S06342,Kimberly Stone,2017-05-04,Grade 3,+15043718508,-
S06343,Kelly Johnson,2011-10-04,Grade 1,+13285034730,50963
S06344,Dr. Victoria Walton,2018-04-28,Grade 5,+16549102640,0238
S06345,Sarah Fletcher,2006-07-21,Grade 1,+15908863767,3769
S06346,Andrew Anderson,2009-07-17,Grade 3,+19625217246,-
S06347,Michael Ho,2015-08-02,Grade 2,+18855733465,-
S06348,Timothy Shaw,2007-10-11,Grade 4,+19206301594,-
S06349,Katie Rasmussen,2016-02-25,Grade 3,+16915655372,862
S06350,Lawrence Miller,2009-04-11,Grade 5,+18377766337,67903
S06351,Alexander Andrews,2009-02-02,Grade 2,+19317426502,-
S06352,Danielle Owen,2018-01-05,Grade 5,+17025028405,-
S06353,Andre Collins,2011-05-06,Grade 2,+17248388205,182
S06354,Shannon Clark,2010-07-07,Grade 5,+16469583641,-
S06355,Raymond Schmidt,2008-03-22,Grade 3,+18547017596,95835
S06356,Chad Hunt,2009-12-03,Grade 2,+14317913367,-
S06357,Kathleen Foster,2014-04-17,Grade 5,+14334533080,53307
S06358,Rodney Smith,2006-12-08,Grade 5,+12212072475,786
S06359,Jacqueline Campbell,2014-12-31,Grade 4,+13842236706,-
S06360,Jessica Clark,2018-05-07,Grade 1,+16997056361,6593
S06361,Kelli Rogers,2015-03-26,Grade 4,+18136639323,5708
S06362,Samuel Moore,2015-04-22,Grade 1,-,-
S06363,Antonio Taylor,2008-02-14,Grade 5,+18763253593,-
S06364,Nathan Mcdonald,2006-12-25,Grade 1,+18196071322,304
S06365,Shawn Hubbard,2013-01-09,Grade 5,+15729810585,-
S06366,Cody Fields,2014-02-19,Grade 4,+14115440126,-
S06367,Shannon Richards,2009-04-22,Grade 2,+13237953262,-
S06368,Haley Mckinney,2007-11-21,Grade 3,+13225784572,42904
S06369,Daniel White,2006-08-11,Grade 5,+16649124512,510
S06370,Charles Hall,2010-10-20,Grade 5,+16555736886,35408
S06371,David Butler,2017-11-25,Grade 1,+19007833202,67555
S06372,Shelly Wilson,2009-08-22,Grade 5,+18036494642,-
S06373,Dawn Humphrey,2009-07-10,Grade 3,+19687763175,67831
S06374,Tyler Anderson,2012-07-14,Grade 5,+16699703485,3089
S06375,Sheri Brooks,2017-04-27,Grade 4,+18117595797,168
S06376,Brenda Williams,2012-09-11,Grade 4,+15705880558,6671
S06377,Justin Lopez,2011-11-12,Grade 2,+19143338084,4642
S06378,Michael Whitaker,2007-08-24,Grade 3,+19223568971,08473
S06379,Holly Sanford,2017-12-25,Grade 1,+14014215543,73613
S06380,Cathy Mcguire,2016-08-10,Grade 1,-,-
S06381,Casey Herrera,2015-09-18,Grade 5,+19012399988,-
S06382,Jonathan Palmer,2012-01-01,Grade 5,+19808088330,88723
S06383,Andrew Huff,2010-05-22,Grade 1,+14888343870,5486
S06384,Debra Harrington,2014-10-26,Grade 2,+14206968223,578
S06385,Jesus Johnson,2010-11-30,Grade 5,+17495293996,-
S06386,Karen Evans,2010-08-25,Grade 3,+16989793392,1736
S06387,Kenneth Marquez,2009-01-30,Grade 1,+16934287678,904
S06388,Charles Chandler,2008-06-26,Grade 4,+17906737321,-
S06389,Nicole Davis,2014-08-03,Grade 4,+14653936603,477
S06390,Patricia Johnson,2010-10-05,Grade 1,+15484379450,45824
S06391,Michelle Smith,2006-09-27,Grade 2,+18746062682,611
S06392,Christina Miller,2017-05-30,Grade 4,+15598646520,1242
S06393,Nicole Gibson,2008-12-31,Grade 3,+15088330925,13988
S06394,Eric Kelly,2018-02-26,Grade 5,-,-
S06395,Jessica Kidd,2007-06-29,Grade 4,+18553918838,896
S06396,Patricia Brown,2010-05-05,Grade 3,+16086307348,-
S06397,Timothy Brooks,2017-10-26,Grade 2,+14034261923,-
S06398,Richard Hickman,2016-12-23,Grade 4,+13212436582,-
S06399,Richard Salinas,2013-02-26,Grade 2,+14253265420,-
S06400,Alexander Johnson,2006-11-10,Grade 2,+19909240854,-
S06401,Kevin Cook,2014-09-27,Grade 1,+15042185271,88321
S06402,Marissa Berg,2010-07-13,Grade 3,+17836470582,-
S06403,Jessica Jackson,2010-10-20,Grade 3,+12754967227,6558
S06404,Susan Ward,2017-04-20,Grade 5,+13682717059,-
S06405,Anne Vasquez,2018-10-14,Grade 2,+18819773809,544
S06406,Michelle Hutchinson,2011-11-13,Grade 5,+15404160521,34937
S06407,Robin Patterson,2013-07-29,Grade 3,+13756036706,2585
S06408,Joseph Taylor,2017-01-08,Grade 4,+17669190978,736
S06409,Derek Glover,2018-05-20,Grade 4,+18165616468,756
S06410,Jesse Love,2014-10-27,Grade 3,+18898506710,-
S06411,Maria Faulkner,2015-07-27,Grade 2,+17504750919,-
S06412,Michelle Cook,2014-10-17,Grade 3,+17658410094,356
S06413,Sharon Peters,2012-04-04,Grade 2,+14149602875,6643
S06414,Lindsay Hughes,2014-01-01,Grade 2,+13682889329,-
S06415,Cheryl Estrada,2013-04-03,Grade 5,+13653970742,-
S06416,Paul Dyer,2013-09-09,Grade 3,+12619566395,-
S06417,Kim Osborne,2009-03-23,Grade 3,+16243011697,-
S06418,Samuel Bradley,2006-12-07,Grade 5,+16206887697,47678
S06419,Larry Moody,2008-04-12,Grade 5,+16224182557,069
S06420,Jill Mclean,2015-06-07,Grade 3,+16946643876,-
S06421,Lindsay Rivera,2012-10-15,Grade 3,+12815229582,816
S06422,Lauren Ballard,2014-05-11,Grade 5,+13988491167,-
S06423,Kaitlyn Allison,2008-11-28,Grade 3,+12377623306,-
S06424,James Wolfe,2006-05-12,Grade 5,+13689276475,-
S06425,Jeremy Alvarez,2011-07-08,Grade 2,+12217067611,4364
S06426,Misty Hernandez,2018-07-19,Grade 1,+16002472021,-
S06427,Christopher Barker,2011-11-25,Grade 3,+16787389277,-
S06428,Andrea Brooks,2011-01-13,Grade 3,+19135527008,-
S06429,David Scott,2006-10-02,Grade 4,+13308510203,413
S06430,John Lane,2013-03-26,Grade 3,+15612622032,8859
S06431,James Frost,2012-07-19,Grade 4,+15869909705,95774
S06432,Wendy Christian,2009-05-31,Grade 5,+19525623869,24802
S06433,Kristin Moreno,2013-05-01,Grade 1,+13608889857,-
S06434,Rick Elliott,2015-05-27,Grade 2,+17775479722,818
S06435,Dr. Jennifer Richardson Md,2013-02-03,Grade 5,+13422398425,-
S06436,Mindy Curtis,2019-01-10,Grade 2,+19566288573,82682
S06437,Alexander Miller,2008-05-25,Grade 3,+12233699775,78957
S06438,Marisa Bender,2013-10-20,Grade 5,+17714677454,90100
S06439,Theresa Clay,2010-10-20,Grade 4,+16435483977,-
S06440,Emily Robinson,2007-12-03,Grade 5,+15753434523,350
S06441,Matthew Lopez,2011-03-14,Grade 1,+13938917265,-
S06442,Brett Barnes,2008-08-10,Grade 1,-,-
S06443,Todd Reyes,2007-07-13,Grade 3,+12098525628,-
S06444,Donna Sanders,2009-03-17,Grade 5,+19368164931,52552
S06445,Michael Alvarez,2006-05-06,Grade 2,+13393680440,-
S06446,Charles Romero,2008-02-13,Grade 3,+17082440559,964
S06447,Bryan Floyd,2009-05-18,Grade 2,+14005761926,2096
S06448,Karen Hayes,2017-08-27,Grade 1,+15499755112,0482
S06449,Allison Garcia,2017-10-21,Grade 3,-,-
S06450,Mark Santana,2008-06-08,Grade 4,+13318348572,-
S06451,Carly Lowe,2018-05-10,Grade 3,+18059923422,98145
S06452,Christopher Todd,2014-08-10,Grade 2,+17393755532,555
S06453,Kelly Reyes,2006-06-18,Grade 2,+17223012185,-
S06454,Nathan Munoz,2017-09-24,Grade 5,+14053794591,-
S06455,Victor Morgan,2016-11-28,Grade 5,+15148164997,-
S06456,Margaret Diaz,2013-01-13,Grade 5,+15032433643,03136
S06457,Lisa Soto,2015-07-12,Grade 2,+13975522194,-
S06458,Alexander Patterson,2014-02-11,Grade 2,+18602627738,070
S06459,Jerry Montoya,2008-02-03,Grade 3,+16263758476,-
S06460,Roger Hodges,2015-12-07,Grade 5,+18473042205,0327
S06461,Jennifer Lane,2015-07-02,Grade 5,+12555107843,-
S06462,Jennifer Townsend,2006-09-14,Grade 1,+15859356404,917
S06463,Monica Herring,2010-07-27,Grade 4,+13265976440,-
S06464,Theresa Miller,2011-12-25,Grade 4,+19397922182,0074
S06465,Brittany Knight,2009-12-30,Grade 4,+18827747389,-
S06466,James Brooks,2006-10-02,Grade 3,+12864246146,54882
S06467,Mark Stanley,2014-05-23,Grade 5,+19754601748,15947
S06468,Robert Williams,2017-07-06,Grade 3,+13473240839,-
S06469,Kristen Avery,2008-04-10,Grade 4,+13144946600,491
S06470,Beth Robinson,2013-09-23,Grade 1,+12065887631,-
S06471,Matthew Charles,2010-06-03,Grade 1,+15235679895,-
S06472,Lisa Solomon,2009-01-27,Grade 2,+14955528450,-
S06473,Dale Riley,2018-11-22,Grade 5,+14867363642,-
S06474,Steven Yates,2008-07-26,Grade 2,+13902580818,-
S06475,Ryan Schneider,2011-05-04,Grade 5,+19513042298,-
S06476,Stuart Robinson,2006-11-20,Grade 2,+18637012225,46907
S06477,Teresa Garcia,2012-12-14,Grade 3,+12884715375,2380
S06478,Brenda Frye,2014-04-24,Grade 3,+14799727000,-
S06479,Katherine Preston,2007-06-21,Grade 5,+12878835131,429
S06480,Dale Garcia,2007-10-01,Grade 1,+12327841478,7136
S06481,Natalie Clark,2011-06-09,Grade 4,+12656504425,4113
S06482,James Garrison,2011-04-13,Grade 4,+17045902713,539
S06483,Linda Carter,2008-06-16,Grade 4,-,-
S06484,Jacob Gonzalez,2006-04-13,Grade 3,+18937251887,-
S06485,Bruce Lloyd,2016-07-19,Grade 1,+12664540378,15037
S06486,Michael Wright,2018-01-02,Grade 1,+18087967325,-
S06487,Mary Heath,2012-09-08,Grade 4,+14413601503,-
S06488,Monique Gray,2014-09-21,Grade 1,+19684871372,-
S06489,Kyle Pugh,2014-02-17,Grade 4,+14996182316,7962
S06490,Candice Vargas,2014-09-19,Grade 5,+14643157594,527
S06491,Amber Duncan,2019-02-27,Grade 1,-,-
S06492,Ricardo Sanchez,2014-12-26,Grade 3,+18394841649,-
S06493,Sarah Moore,2018-11-07,Grade 5,-,-
S06494,Carl Myers,2012-03-17,Grade 1,+16544141548,131
S06495,Carla Smith,2010-08-31,Grade 3,-,-
S06496,Kirk Pacheco,2010-01-09,Grade 4,+18059822995,-
S06497,Leah Moses,2013-01-30,Grade 3,+17766766141,-
S06498,Andrew James,2007-01-06,Grade 2,+16778338149,525
S06499,Jeffrey Brock,2012-06-10,Grade 4,+18362475745,36743
S06500,Charles Singleton,2006-11-30,Grade 3,+12095712080,7814
S06501,Lauren Beard,2017-05-28,Grade 4,+14984250431,-
S06502,Melanie Navarro,2015-09-03,Grade 4,+13917104169,-
S06503,Angela Jones,2009-02-25,Grade 4,+16102805040,-
S06504,Megan Short,2010-02-10,Grade 1,+12413418016,418
S06505,Dawn Carter,2018-04-02,Grade 1,+12782556929,-
S06506,Heather Martinez,2011-09-17,Grade 4,+16966860711,495
S06507,Brandy Mendez,2016-06-30,Grade 2,+12603413528,678
S06508,Stephanie Russell,2006-12-25,Grade 3,+17368333580,-
S06509,Emma Lopez,2017-04-23,Grade 4,+19246959917,13001
S06510,Kathleen Conrad,2017-04-04,Grade 3,+13879781139,1740
S06511,Eric Henry,2012-03-06,Grade 5,+19254464492,79162
S06512,Angela Jones,2014-03-18,Grade 4,+16163321134,344
S06513,Joshua Barnes,2013-02-25,Grade 3,+15934974544,02760
S06514,Michael Harris,2014-05-07,Grade 3,+15107592368,6353
S06515,Michael Patton,2016-12-25,Grade 1,+16643338597,36757
S06516,Andrew Fleming,2015-03-09,Grade 4,+18045501680,15863
S06517,Brittney Mitchell,2016-03-20,Grade 5,+19064831101,5692
S06518,Kelly Kane,2016-09-26,Grade 5,+14768820207,82955
S06519,Stephen Brooks,2014-03-25,Grade 3,+14432407770,-
S06520,Deborah Mccoy,2008-07-29,Grade 3,+19036206424,521
S06521,Jill Wright,2015-09-26,Grade 3,+15316482772,-
S06522,Mr. Jason Kim Phd,2013-02-07,Grade 5,+19346819621,-
S06523,Sandra Marks,2013-08-27,Grade 4,+18343931853,235
S06524,Richard Berry,2007-11-11,Grade 3,+12492010822,-
S06525,Daniel Miller,2016-01-27,Grade 3,+14038091836,3449
S06526,Felicia Waters,2013-11-13,Grade 1,+16272269654,4747
S06527,Diana James,2019-02-22,Grade 4,+13427577460,-
S06528,Kenneth Rodriguez,2015-04-27,Grade 2,+15827029201,-
S06529,Nicholas Williams,2012-03-11,Grade 2,+14609592162,602
S06530,Sonia Hawkins,2007-11-27,Grade 3,+15042340970,1349
S06531,Andrew Chapman,2006-11-03,Grade 5,-,-
S06532,Tonya Allen,2018-06-02,Grade 1,+14335198708,3517
S06533,James Perkins,2008-10-06,Grade 5,+15004773886,2401
S06534,Eric Fritz,2011-11-19,Grade 3,+16478578361,-
S06535,Richard Webb,2010-06-24,Grade 3,+15195414296,-
S06536,Donald Davis,2008-08-19,Grade 1,+12105809852,-
S06537,Jodi Lee,2011-06-09,Grade 3,+13236924004,-
S06538,Justin Lopez,2011-07-07,Grade 2,+17558129674,-
S06539,Robert Mckenzie Dvm,2010-12-03,Grade 2,+18482259712,13151
S06540,William Cole,2007-03-26,Grade 2,+19989734613,07231
S06541,Brandon Allen,2011-07-09,Grade 3,+17283529698,7411
S06542,Sarah Chen,2017-11-07,Grade 1,+19177993722,-
S06543,Dominique Valenzuela,2008-08-24,Grade 2,-,-
S06544,Heather Thomas,2018-05-04,Grade 5,+13966128326,-
S06545,Kellie Meza,2011-04-19,Grade 1,+19519682408,715
S06546,Kyle Craig,2018-06-14,Grade 1,+13955417479,-
S06547,Jon Jarvis,2014-03-28,Grade 4,+15944058135,0337
S06548,Belinda Daniels,2008-06-17,Grade 2,+13929946743,-
S06549,Joseph Castro,2015-05-22,Grade 2,+19075997818,519
S06550,Matthew Williams,2017-11-13,Grade 4,+14397158319,-
S06551,Diane Clark,2007-12-21,Grade 1,+14496755707,7507
S06552,Karen Freeman,2013-03-23,Grade 1,+15618051757,616
S06553,Alexandria Diaz,2011-07-04,Grade 3,+12667805839,01979
S06554,Charles Mcmahon,2015-02-24,Grade 3,+12783849388,-
S06555,Julie Lawrence,2010-11-20,Grade 4,-,-
S06556,Brittany James,2008-04-16,Grade 3,+15739899642,7095
S06557,Wesley Brooks,2010-12-12,Grade 5,+13578198449,-
S06558,Jo Williams,2010-06-17,Grade 4,+19469765005,77731
S06559,Clinton Brewer,2011-02-07,Grade 5,+16907650894,-
S06560,Kristina Johnson,2006-05-12,Grade 4,+19389323210,00268
S06561,Christine Mora,2006-08-22,Grade 3,+12312729324,63446
S06562,Diane Welch,2011-06-25,Grade 4,+13765414220,6975
S06563,Erika Marsh,2016-10-24,Grade 1,+18949492429,62648
S06564,Debra Rodriguez,2010-01-25,Grade 3,+16584239226,7851
S06565,Stephen Pitts,2013-12-17,Grade 3,-,-
S06566,Abigail Carter,2014-12-16,Grade 5,+18782321859,793
S06567,Kimberly Rogers,2016-10-07,Grade 4,+13776178602,7948
S06568,Daniel Owens,2017-01-21,Grade 1,+16932740252,0731
S06569,William Noble,2017-12-06,Grade 3,+12745461977,467
S06570,Benjamin Ross,2015-11-25,Grade 5,-,-
S06571,Miranda Guzman,2007-05-17,Grade 2,+16334887988,-
S06572,Megan Pope,2017-04-22,Grade 3,+18027646395,157
S06573,Julie Rodriguez,2011-01-13,Grade 5,+17313381889,-
S06574,Amy Barnett,2016-06-30,Grade 2,+19117148917,-
S06575,Barbara Cline,2006-11-17,Grade 4,+13207619793,79610
S06576,Mrs. Maria Mcconnell,2016-01-21,Grade 1,+12616950740,42920
S06577,Andrew Mitchell,2010-02-16,Grade 3,+17553580108,726
S06578,Casey Smith,2006-09-06,Grade 2,+19756197480,-
S06579,Cathy Taylor,2012-07-22,Grade 1,+13248499100,8113
S06580,Logan Phillips,2013-01-30,Grade 2,+17649563804,-
S06581,Scott Kennedy,2016-05-27,Grade 4,+14136237901,-
S06582,Nicole Anthony,2007-07-20,Grade 5,+13834504916,1204
S06583,Brian Hernandez,2014-12-06,Grade 2,+16296041816,19418
S06584,Heather Anderson,2012-05-26,Grade 4,+19459008604,-
S06585,Francisco Benton,2014-08-04,Grade 4,+12339469861,19438
S06586,Gabrielle Todd,2012-06-25,Grade 1,+15952818257,-
S06587,Crystal Acosta,2008-09-25,Grade 1,+18273349654,90927
S06588,Johnny Cummings,2011-08-10,Grade 1,+18358140961,0112
S06589,Julie Jensen,2018-06-27,Grade 3,+18565642599,-
S06590,Pamela Villegas,2017-02-13,Grade 3,+12613918351,3450
S06591,Betty Payne,2015-04-14,Grade 4,+12593137977,-
S06592,Dylan Harris,2008-04-20,Grade 4,+17139022708,-
S06593,Derrick Powell,2009-12-24,Grade 2,+18885571657,6490
S06594,Gina Pearson,2011-02-16,Grade 2,+14488165418,59848
S06595,Kevin Welch,2008-10-31,Grade 5,+12894060674,-
S06596,John Chan Md,2008-05-04,Grade 2,-,-
S06597,Raymond Scott,2018-09-13,Grade 1,+16956932484,70364
S06598,Jessica Tran,2006-08-13,Grade 5,+14753367309,-
S06599,Monica Wells,2016-11-24,Grade 2,+13689980245,52527
S06600,Christina Herrera,2015-05-05,Grade 4,+14754196075,671
S06601,Sherry Brown,2016-01-24,Grade 5,+18159343954,-
S06602,Caleb Lam,2014-02-02,Grade 4,-,-
S06603,Don Harmon,2013-06-11,Grade 3,+16696807926,-
S06604,Christopher Anderson,2012-12-06,Grade 4,+19646711672,2912
S06605,Caitlin Duarte,2017-10-11,Grade 3,-,-
S06606,Matthew Martinez,2013-03-05,Grade 5,+16967169123,-
S06607,Erin Thomas,2007-04-09,Grade 2,+19082514646,72782
S06608,Janet Kelley,2016-03-10,Grade 5,-,-
S06609,Richard Martin,2017-06-07,Grade 2,+19906076323,5436
S06610,Juan Thomas,2007-07-31,Grade 5,+13427777345,88145
S06611,Jennifer Thomas,2007-10-30,Grade 2,+14996890279,14384
S06612,Daniel Jacobs,2016-10-24,Grade 3,+15224699981,62133
S06613,Matthew Nash,2010-03-15,Grade 2,+13625538092,781
S06614,Andrew White,2007-03-05,Grade 5,+12826685285,-
S06615,Kelsey Ross,2018-11-20,Grade 5,+19524616117,-
S06616,David Lopez,2009-08-27,Grade 1,+19339028336,-
S06617,Christine Griffith,2006-05-27,Grade 2,+12065692191,2417
S06618,John Becker,2014-09-22,Grade 2,+12958643152,606
S06619,Shawn Bailey,2012-02-17,Grade 1,+18155384115,8751
S06620,Jeremy Smith,2015-08-01,Grade 3,+12692273397,674
S06621,Joshua Boyd,2015-02-25,Grade 1,-,-
S06622,Stephanie Mcdaniel,2007-09-22,Grade 2,+16513669797,67319
S06623,Jeffrey Kent,2013-06-04,Grade 3,+13677301439,070
S06624,John Perez,2012-09-17,Grade 3,+13737373773,-
S06625,Tony Ellis,2008-04-08,Grade 2,+16326829404,-
S06626,Laura Gonzalez,2012-09-23,Grade 5,+13749740339,-
S06627,Michael Martin,2008-10-27,Grade 4,+17257511817,893
S06628,Wayne Middleton,2011-10-02,Grade 1,+19773823554,-
S06629,John Clarke,2010-05-23,Grade 5,-,-
S06630,Brenda Davis,2014-05-28,Grade 3,+15262903647,0806
S06631,Miguel Horton,2012-09-08,Grade 3,+19023171740,9041
S06632,Paula Daniels,2018-08-11,Grade 5,+14537037233,-
S06633,Jennifer Porter,2013-04-14,Grade 5,+12307077954,79229
S06634,Joel Gutierrez,2015-04-03,Grade 3,+19873843473,-
S06635,Gabrielle Jones,2018-02-13,Grade 2,+17714131753,3823
S06636,Kaitlyn Good,2013-09-25,Grade 3,+17746820429,704
S06637,Carl Hopkins,2011-12-04,Grade 5,+12965686187,-
S06638,Joseph Bean,2009-10-11,Grade 3,+14202601153,7202
S06639,Aaron Hopkins,2017-01-15,Grade 3,+17632452871,4231
S06640,Kimberly Allen,2008-01-17,Grade 4,+17223345111,27218
S06641,Sherri Acosta,2006-06-27,Grade 1,+13136091238,-
S06642,Amanda Moreno,2013-02-03,Grade 2,+12693190361,1083
S06643,Grace Graham,2009-06-07,Grade 4,+12433019341,5932
S06644,Monica Burch,2006-10-22,Grade 1,+17659908070,1913
S06645,William Brown,2013-11-16,Grade 2,+18296847083,79829
S06646,Dillon Marquez,2011-04-05,Grade 5,-,-
S06647,Jacob Turner,2018-01-27,Grade 1,+14668330820,8273
S06648,Michael Shelton,2009-09-08,Grade 3,+19846391277,41413
S06649,Anna Fowler,2009-09-25,Grade 1,+17137593768,34062
S06650,Sue Martinez,2010-06-16,Grade 2,+17873487187,114
S06651,Kyle Bailey,2009-11-27,Grade 3,+15629449599,21625
S06652,Thomas Miller,2008-02-05,Grade 1,+19195345019,725
S06653,Jacqueline Warren,2012-11-03,Grade 3,+17563859738,01360
S06654,Daniel Torres Jr.,2012-08-14,Grade 2,+16142833782,8742
S06655,Lauren Douglas,2018-11-12,Grade 1,+17916484107,0034
S06656,Brittany Brewer,2012-12-15,Grade 5,+13178452979,15295
S06657,Kimberly Larson,2018-09-12,Grade 1,-,-
S06658,Alejandro Miller,2009-11-16,Grade 1,+14567865958,27641
S06659,Christopher Moody,2016-01-05,Grade 2,+12125716005,631
S06660,Matthew Perkins,2011-02-17,Grade 2,+18003718950,470
S06661,Ashley Campbell,2007-12-30,Grade 3,+13078083104,4260
S06662,Debra Douglas,2017-02-05,Grade 1,+13428151405,5846
S06663,Anne Walker,2009-05-03,Grade 5,+12022360619,-
S06664,Steven Rose,2009-04-02,Grade 2,+14689223528,76596
S06665,Brian Jones,2011-03-14,Grade 3,-,-
S06666,Jessica Perkins,2012-03-07,Grade 1,+16117141267,4132
S06667,Kevin Leon,2014-07-25,Grade 1,+13407319370,-
S06668,Joshua Hooper,2006-07-07,Grade 5,+16244845178,6645
S06669,Jenna Orozco,2008-10-15,Grade 2,+14148639251,7394
S06670,Peter Johnson,2008-09-25,Grade 3,-,-
S06671,Joshua Hensley,2007-08-03,Grade 2,+17082149360,-
S06672,Sierra Campbell,2011-09-28,Grade 5,+16986672957,-
S06673,Bobby Clayton,2006-06-14,Grade 5,+19322603952,-
S06674,Tracie Andrews,2016-12-27,Grade 4,+18206786024,0886
S06675,Jennifer Flores,2007-01-14,Grade 1,+16985293079,4778
S06676,Jim Mcgee,2008-05-02,Grade 5,+12689161936,585
S06677,Ryan Bailey,2010-06-02,Grade 4,+19558544878,-
S06678,Debbie Hunt,2018-08-02,Grade 5,-,-
S06679,Matthew Porter,2015-12-02,Grade 5,-,-
S06680,Wendy Fields,2010-09-19,Grade 2,-,-
S06681,Ariana Stevens,2009-07-03,Grade 1,+15328933273,0249
S06682,Kenneth Gonzales,2007-02-28,Grade 3,+19112568652,629
S06683,Hannah Williams,2017-05-08,Grade 3,+17913614507,723
S06684,Lisa Williams,2018-04-03,Grade 4,+13178088015,858
S06685,Sandra Clements,2014-06-20,Grade 2,+17584217915,1329
S06686,Molly Parker,2013-08-12,Grade 5,+17029294106,53242
S06687,Tina Dyer,2010-10-14,Grade 5,+13923925117,-
S06688,Ryan Blair Md,2015-07-31,Grade 4,+13012253840,-
S06689,Rhonda Taylor,2015-05-24,Grade 3,+15234650741,-
S06690,Dr. Jeffrey Malone Dds,2018-03-31,Grade 4,+16182871644,-
S06691,Kristin Frederick,2019-03-02,Grade 2,+17389388728,72336
S06692,Stacey Lee,2014-05-04,Grade 5,+18382034977,044
S06693,Tracy Estrada,2014-01-24,Grade 4,+15076441467,-
S06694,Gabriel Robinson Jr.,2015-11-07,Grade 5,+16385726110,-
S06695,Mark Castro,2013-01-20,Grade 3,+17807914846,-
S06696,Tonya Morales,2009-04-18,Grade 5,+17823131292,-
S06697,Angela Richards,2011-06-06,Grade 5,+14348959773,-
S06698,Marc Kemp,2016-11-21,Grade 1,+12655257061,7449
S06699,Andrew Watson,2006-12-07,Grade 2,+18296798686,-
S06700,Calvin Herman,2007-01-15,Grade 4,+13713181604,-
S06701,Yolanda Levy,2013-02-19,Grade 2,+19166046711,-
S06702,Clinton Espinoza,2013-11-05,Grade 5,+14642765239,88345
S06703,Shannon Hickman,2008-01-08,Grade 1,+15736091985,309
S06704,Abigail Johns,2014-07-06,Grade 1,+13602401083,7208
S06705,Brian Lynch,2018-01-02,Grade 4,+19357864207,-
S06706,Donna Meyers,2015-07-23,Grade 2,+12789202416,8191
S06707,Taylor Duncan,2014-07-31,Grade 1,+15982158449,-
S06708,Ronald Watson,2009-05-03,Grade 3,+17074101901,637
S06709,Michael Lewis,2015-12-31,Grade 2,+16908340594,6019
S06710,April Harris,2010-07-01,Grade 3,+15185097585,030
S06711,Thomas Marks,2018-08-20,Grade 1,+14405559518,-
S06712,Steven Brown,2011-02-17,Grade 3,+16665739982,508
S06713,Amber Bell,2008-06-05,Grade 1,+17539465747,61310
S06714,Kaitlyn Robinson,2012-08-10,Grade 5,+17436542751,422
S06715,Jessica Reed,2017-03-02,Grade 3,+13279583439,612
S06716,Kayla Hernandez,2012-12-17,Grade 5,+17208452320,-
S06717,Donna Page,2010-04-22,Grade 3,+13175316709,62026
S06718,Andre Ashley,2010-04-16,Grade 5,+16652133469,4803
S06719,Kristin Norris,2016-03-05,Grade 5,+19504788408,14950
S06720,Wendy Smith,2018-12-05,Grade 2,+18178740102,2177
S06721,Dr. Jennifer Hernandez,2006-03-12,Grade 3,+16452473554,-
S06722,Melissa Mitchell,2015-06-11,Grade 4,+14102507344,-
S06723,Anita Ward,2010-01-03,Grade 3,+17917901120,65933
S06724,Brandon Stevens,2008-03-04,Grade 1,+18546761401,-
S06725,Richard Miller,2011-10-16,Grade 5,+12433612946,518
S06726,Erin Petersen,2016-04-17,Grade 2,+12545302928,67405
S06727,Carolyn Brown,2011-03-10,Grade 1,+13495704708,5968
S06728,Aaron Pena,2012-09-04,Grade 5,+18818030049,01684
S06729,Cynthia Smith,2018-01-21,Grade 3,+13317997121,06240
S06730,Carl Garrett,2010-10-24,Grade 3,+13869559772,707
S06731,Mitchell Hawkins,2010-10-04,Grade 4,+18999116726,-
S06732,Jessica Richardson,2016-10-10,Grade 4,+16005866002,01030
S06733,Marcus Potter,2009-01-29,Grade 3,+14268902790,480
S06734,James Edwards,2009-10-17,Grade 1,+17807001842,-
S06735,Joanne Jones,2012-12-13,Grade 2,+19008324793,1907
S06736,Rachel Mcdonald,2015-12-29,Grade 2,+13566356925,562
S06737,Thomas Choi,2009-08-23,Grade 4,+13882416351,-
S06738,Stacy Mayo,2016-12-16,Grade 2,+13472574545,890
S06739,Pamela Soto Phd,2014-05-05,Grade 5,+18948018332,-
S06740,Shelby Noble,2011-05-24,Grade 3,+19755874585,-
S06741,Kristina Espinoza,2013-01-06,Grade 2,-,-
S06742,Angela Gonzalez,2009-08-03,Grade 4,+12124857754,-
S06743,Matthew Hopkins,2017-10-10,Grade 2,+14967265505,5080
S06744,Stacey Crawford,2007-09-12,Grade 1,+19025054588,75341
S06745,April Ferguson,2016-07-21,Grade 4,+15062415209,-
S06746,Henry Moore Dvm,2006-12-29,Grade 5,+12306957179,-
S06747,Alicia Davis,2010-08-05,Grade 1,+12667315793,576
S06748,Henry Sanchez,2017-05-15,Grade 2,+12338945872,-
S06749,Cynthia Estrada,2006-08-05,Grade 5,+15337230122,812
S06750,Jacob Zhang,2017-05-19,Grade 4,+18087950436,948
S06751,Penny Wells,2006-10-25,Grade 4,+15379157974,-
S06752,Mrs. Nancy Taylor,2009-02-21,Grade 5,+13995917854,08156
S06753,William Hart,2013-02-01,Grade 5,+16958112244,81599
S06754,Fernando Haynes,2010-11-03,Grade 4,+13184019038,366
S06755,Sierra Bartlett,2012-12-23,Grade 2,+15699369496,6616
S06756,Justin Hardy,2018-01-09,Grade 3,+12182571485,-
S06757,Dr. Erin Kennedy,2013-01-14,Grade 1,+14816116319,-
S06758,Lisa Gomez,2014-07-06,Grade 2,+12953468318,-
S06759,Keith Nguyen,2009-07-24,Grade 3,-,-
S06760,Joy Gomez,2016-11-27,Grade 2,+12977885342,66361
S06761,Melissa Cruz,2007-12-05,Grade 4,+13209406364,107
S06762,Rebecca Harris,2007-09-15,Grade 3,+15643887991,444
S06763,Caleb Evans,2017-06-21,Grade 1,+16176530409,584
S06764,Sarah Rios,2014-08-05,Grade 1,+12625962678,10289
S06765,Olivia Aguilar,2009-06-18,Grade 5,+12538100715,948
S06766,Jeffrey Martinez,2009-04-21,Grade 2,+17019086513,6742
S06767,Deborah Brewer,2015-06-17,Grade 2,+13799851183,-
S06768,Daniel Manning,2011-09-22,Grade 1,+19556054166,-
S06769,Andrea Carter,2017-06-24,Grade 5,+16036003758,-
S06770,William Sharp,2006-12-19,Grade 5,+19126304251,-
S06771,Christopher Alvarez,2012-03-10,Grade 2,+19167770078,-
S06772,Brandon Steele,2013-12-31,Grade 1,+17539378206,-
S06773,Mary Ferguson,2007-12-04,Grade 3,+17234952993,8575
S06774,Ashley Pearson,2006-08-11,Grade 4,+15016334592,106
S06775,Kenneth Drake,2011-06-04,Grade 2,+14563805151,-
S06776,Sergio Alvarez,2015-01-24,Grade 1,+15219173590,7855
S06777,Julia Garcia,2018-02-14,Grade 2,+12518158130,07542
S06778,Carmen Skinner,2007-07-15,Grade 4,+13612071416,-
S06779,Stephanie Thompson,2018-06-14,Grade 3,+12908473146,-
S06780,Tina Higgins,2018-06-10,Grade 5,+14857114909,49834
S06781,Valerie Mcdonald,2015-11-10,Grade 2,+13337309842,-
S06782,Paul Williams,2008-02-11,Grade 4,+12858518082,20138
S06783,Christina Thomas,2014-02-21,Grade 2,+12053268262,749
S06784,Robert Walker,2009-08-23,Grade 2,+17242859673,734
S06785,Michelle Jacobson,2006-03-29,Grade 4,+15013169167,-
S06786,Monica Ford,2014-12-06,Grade 1,+19225267226,5232
S06787,Jeffery Burke,2019-01-30,Grade 4,+14128452524,9558
S06788,Clarence Daniels,2015-12-28,Grade 5,+12243007889,-
S06789,Daniel Dyer,2017-05-13,Grade 3,+17605460633,-
S06790,Michael Blake,2007-02-11,Grade 5,+15658830023,2468
S06791,Scott Turner Jr.,2009-12-15,Grade 3,+15386561467,5702
S06792,Diane Medina,2007-03-07,Grade 5,+15875977751,-
S06793,Kyle Baldwin,2014-02-19,Grade 3,+13776045498,595
S06794,Katherine Jacobs,2007-05-16,Grade 2,+19144875501,3188
S06795,Cody Campbell,2012-02-06,Grade 3,+17522879848,114
S06796,Martin Coleman,2011-11-02,Grade 1,+19822858123,-
S06797,Carlos Cooper,2016-10-14,Grade 3,+14887058815,-
S06798,Charles Rhodes,2009-05-26,Grade 4,+12017020516,-
S06799,Daniel Villegas,2017-06-23,Grade 4,-,-
S06800,Amy Smith,2016-09-20,Grade 2,+14206985323,897
S06801,Joyce Buck,2008-01-31,Grade 3,+14602068025,74715
S06802,Jessica Alvarado,2009-06-19,Grade 2,+15886325955,7691
S06803,Nathan Sanchez,2012-02-16,Grade 5,+13517034261,590
S06804,Corey Gray,2010-02-25,Grade 2,+12336158153,-
S06805,Nathan Lopez,2016-07-12,Grade 2,+19409712962,6795
S06806,Katherine Craig,2007-08-07,Grade 1,+16127996583,6653
S06807,Richard Christian Md,2017-09-15,Grade 5,+18297223958,3076
S06808,Luis Stanley,2015-01-26,Grade 1,+17502119176,0008
S06809,Shannon Hester,2016-08-23,Grade 4,+17768818502,4760
S06810,Angela Howard,2015-09-29,Grade 3,+15303667746,-
S06811,Hannah Kelly,2006-10-06,Grade 5,+16112703862,-
S06812,Victoria Martin,2008-03-12,Grade 2,+14414005513,3508
S06813,Allison Martinez,2011-10-31,Grade 2,+17564849504,-
S06814,Ryan Mitchell,2008-06-08,Grade 1,+12274468115,-
S06815,Lawrence Mitchell,2018-09-10,Grade 2,+16677567765,61281
S06816,Lindsay Compton,2007-12-31,Grade 5,+14227567135,-
S06817,Jacqueline Harvey,2007-07-09,Grade 2,+17383865868,5469
S06818,Stephanie Davis,2012-06-25,Grade 2,+12753283085,-
S06819,Craig Lucas,2016-03-01,Grade 3,+15604843500,459
S06820,Jeremy Crosby,2012-07-08,Grade 1,-,-
S06821,Stephen Jackson,2008-04-09,Grade 1,+14206960738,-
S06822,Erin Ingram,2013-07-16,Grade 3,+12186075857,74120
S06823,Alexander Thomas,2008-08-11,Grade 3,+14785601272,67156
S06824,David Mills,2017-04-03,Grade 4,+13963154905,-
S06825,Kelly Fisher,2010-02-20,Grade 4,+18746296133,84161
S06826,Kelly Osborne,2012-02-07,Grade 2,+17806902044,2453
S06827,James Robertson,2006-08-26,Grade 4,+13552115338,2643
S06828,David Schultz,2007-07-15,Grade 5,+13204677306,8752
S06829,Jennifer Young,2011-08-23,Grade 3,+16343042040,6100
S06830,Rebecca Trevino,2014-03-04,Grade 1,+14042542863,2336
S06831,Julia Escobar,2009-04-06,Grade 5,-,-
S06832,Christopher George,2009-01-01,Grade 4,+16115732332,9215
S06833,Janet Rogers,2012-07-30,Grade 2,+15485453994,-
S06834,Javier Young,2008-01-24,Grade 2,+17003605278,-
S06835,Greg Huerta,2007-09-19,Grade 5,+12989178426,-
S06836,Joel Hall,2016-02-12,Grade 1,+19068746196,849
S06837,Lauren Sanders,2010-06-28,Grade 5,+12687058332,-
S06838,Elizabeth Thomas,2009-03-14,Grade 5,+13086510722,-
S06839,Andrew Guerrero,2011-03-06,Grade 1,+12668275970,5330
S06840,Michael White,2014-04-22,Grade 3,+12973179362,-
S06841,Kenneth Mills,2006-10-11,Grade 4,+12118633391,-
S06842,Sarah Richards,2016-06-23,Grade 4,+13499255711,-
S06843,Rebecca Flynn,2019-01-13,Grade 2,+15584196040,-
S06844,Jamie Jones,2013-06-09,Grade 4,+19244602661,249
S06845,Adrienne Ball,2014-01-06,Grade 5,+13187686368,-
S06846,Gina Williams,2017-08-16,Grade 4,+19727779037,30689
S06847,Charles Graves,2009-11-29,Grade 1,+17244199968,5698
S06848,Theodore Mcmahon,2007-01-25,Grade 5,+17718426331,-
S06849,Paul Ellis,2006-08-24,Grade 3,+15584403130,-
S06850,David Franklin Jr.,2012-01-13,Grade 5,+14596176966,773
S06851,Charles Sutton,2007-02-14,Grade 1,+12906030613,-
S06852,Allison White,2014-05-20,Grade 4,+14692482654,63023
S06853,Pamela Nguyen,2018-05-10,Grade 5,+17546004104,-
S06854,Matthew Cruz,2015-11-27,Grade 5,+18744746267,-
S06855,Brittney Andersen,2017-07-21,Grade 2,+18874478043,393
S06856,Cassandra Quinn,2014-03-11,Grade 3,+13262903602,391
S06857,Melissa Thomas,2018-10-03,Grade 5,+14117877280,83093
S06858,Matthew Koch,2014-12-26,Grade 5,+18538696306,-
S06859,Heather Smith,2011-04-10,Grade 3,+12537264610,-
S06860,Eric Glover,2010-12-20,Grade 1,+12124720624,-
S06861,Anthony Castillo,2007-04-21,Grade 4,+13526835937,327
S06862,Ian Figueroa,2016-10-01,Grade 3,+14865294655,-
S06863,Katie Moore,2012-09-27,Grade 2,+12065894446,-
S06864,Mario Wang,2011-02-05,Grade 3,+14828885015,668
S06865,Nathan Ross Md,2012-03-14,Grade 2,+14217814207,-
S06866,Kristen Haley,2016-08-05,Grade 1,-,-
S06867,Kevin Thompson,2012-09-03,Grade 3,+15398240821,80220
S06868,Daniel Thomas,2019-02-13,Grade 4,+19795828976,221
S06869,Christina Ibarra,2010-09-15,Grade 5,+12777285629,-
S06870,Marcus Baker,2011-11-21,Grade 1,+17945138693,6741
S06871,Erin Clark,2009-11-29,Grade 2,-,-
S06872,Amanda Graham,2010-05-01,Grade 2,+17003903602,77832
S06873,Barry Mata,2007-03-27,Grade 1,+13537274169,49116
S06874,Valerie Ponce,2007-11-02,Grade 2,+17005979198,8168
S06875,Barbara Kirby,2014-01-19,Grade 5,+12374998242,-
S06876,Stephen Wells,2016-05-13,Grade 2,+16107712510,007
S06877,Jon Guzman,2013-04-21,Grade 3,+17233550452,76961
S06878,Joel Campbell,2010-06-10,Grade 3,+19302996843,752
S06879,Brad Smith,2010-05-18,Grade 4,+19474262769,-
S06880,Catherine Dixon,2007-10-26,Grade 4,+17404096357,-
S06881,Joseph Lawson,2008-07-06,Grade 2,+15582824539,-
S06882,Deborah Shaw,2014-06-29,Grade 1,+13005194756,541
S06883,Daniel Cross,2006-11-05,Grade 5,+17869026296,73250
S06884,Jose Blake,2006-10-15,Grade 3,+19038704848,555
S06885,Lisa Gibson,2014-02-04,Grade 2,+17446530801,-
S06886,Raymond Martinez,2013-11-20,Grade 5,+17008260937,3433
S06887,Leonard Logan,2017-05-14,Grade 1,+15542321250,-
S06888,Amanda Bryant,2006-11-18,Grade 5,+13199464213,9906
S06889,Angie Rodriguez,2006-11-25,Grade 4,+12575013247,-
S06890,Christopher Mcdonald,2015-11-28,Grade 3,+16347792891,8965
S06891,Sara Guerrero,2019-02-05,Grade 3,-,-
S06892,Brandon Huang,2007-08-11,Grade 2,+14495997936,9259
S06893,Julia Woodard,2014-05-21,Grade 4,+16052581279,43566
S06894,Mary Sherman,2010-02-21,Grade 4,+15234259952,-
S06895,Jordan Duncan,2007-09-24,Grade 5,+13694124092,96608
S06896,Carlos Nguyen,2006-04-19,Grade 3,+17382323529,5828
S06897,Scott Garza,2015-09-27,Grade 2,+16706760175,-
S06898,Louis Calderon,2016-02-01,Grade 5,+15346474360,311
S06899,Christopher Melendez,2018-06-26,Grade 5,+16199009271,-
S06900,Angie Mcknight,2007-11-25,Grade 2,+15644266533,-
S06901,Kenneth Buchanan,2011-04-13,Grade 2,+18429327595,-
S06902,Christian Clay,2006-06-16,Grade 5,+15965359631,-
S06903,Jacob Lee,2019-01-29,Grade 5,+15852767750,683
S06904,Mark Lane,2016-07-06,Grade 1,+15633248721,-
S06905,Jodi Avila,2007-10-07,Grade 3,+17884222061,616
S06906,Gail Mcclure,2006-09-21,Grade 4,+17988597701,-
S06907,Angela Pruitt,2014-01-25,Grade 5,+12129583303,37815
S06908,John Rodriguez,2008-03-27,Grade 3,+16372630337,7098
S06909,Joseph Murphy,2008-07-26,Grade 4,+18882552785,4646
S06910,Scott Bishop,2018-08-17,Grade 2,+17553354514,-
S06911,Aaron Cherry,2009-10-19,Grade 1,+17049734419,5908
S06912,Karen Hale,2012-06-27,Grade 4,+15488977436,-
S06913,Belinda Pearson,2009-10-09,Grade 2,+19538816182,3135
S06914,Rachel Brooks,2013-12-02,Grade 1,+14409359908,37028
S06915,Erin Jimenez,2012-08-14,Grade 5,+17316089732,-
S06916,Elizabeth Simon,2014-07-04,Grade 5,+13193078975,640
S06917,William Vazquez,2015-10-02,Grade 4,+18025476775,-
S06918,Ashley Ochoa,2013-11-08,Grade 5,+12207320382,91523
S06919,Haley Howell,2016-11-09,Grade 5,+17158912751,697
S06920,Amanda Colon,2008-08-04,Grade 3,+16335645913,676
S06921,Donald Medina,2011-03-30,Grade 4,+14948366448,73998
S06922,Alicia Underwood,2010-12-08,Grade 5,+13477062599,6730
S06923,James Miller,2015-05-23,Grade 1,+16202787937,107
S06924,Heidi Rogers,2018-03-23,Grade 1,+13427480406,14901
S06925,Hannah Huber,2013-02-26,Grade 3,+15727670140,-
S06926,Brandi Williams,2018-11-19,Grade 2,+19167371487,70221
S06927,Douglas Delgado,2014-12-21,Grade 4,+17547118407,803
S06928,Jason Grimes,2019-01-14,Grade 4,+19792871359,78172
S06929,Bruce Taylor,2017-06-21,Grade 3,+12173479839,97806
S06930,Kari Thompson,2009-06-17,Grade 3,+12455562597,2831
S06931,Justin Garner,2014-09-12,Grade 3,+13057625659,-
S06932,Andrew Cunningham Md,2009-06-27,Grade 2,+17816927509,262
S06933,Robert Dunn,2014-07-06,Grade 2,+14568711686,-
S06934,Jennifer Holden,2017-04-02,Grade 1,+12822770590,849
S06935,Dr. Michael Hernandez,2007-10-06,Grade 2,-,-
S06936,Carl Banks,2015-06-26,Grade 2,+15888201254,67175
S06937,Ryan Shields,2016-12-29,Grade 4,+16887683010,-
S06938,Angel Boyer,2007-01-28,Grade 2,+19163634016,-
S06939,Whitney Harvey,2014-07-15,Grade 1,+16463896628,93414
S06940,Christian Garza,2016-01-27,Grade 5,+15907159426,-
S06941,Carmen Cortez,2014-10-22,Grade 1,+14856227625,-
S06942,Brian Matthews,2007-06-13,Grade 4,+12996974490,77554
S06943,Matthew Weaver,2017-04-30,Grade 2,+15406785113,6244
S06944,Joshua Brown,2016-10-27,Grade 2,+15505944724,-
S06945,Stacey Gomez,2013-04-03,Grade 3,+18596535952,5527
S06946,Howard Dalton,2016-08-14,Grade 4,+16548390468,-
S06947,Edward Fleming,2008-10-02,Grade 1,+13175432893,-
S06948,Gregory Hoffman,2012-07-26,Grade 5,+13076233715,739
S06949,Bianca Riley,2011-11-25,Grade 3,+15376935229,188
S06950,Timothy Williams,2008-10-11,Grade 3,+14829608297,872
S06951,Hunter Miller,2017-04-12,Grade 1,-,-
S06952,Mary James,2007-08-02,Grade 4,+14536489912,26513
S06953,Autumn Graham,2014-12-31,Grade 2,+12926400030,8080
S06954,Holly Green,2015-11-28,Grade 1,+16297112781,246
S06955,Dr. Denise Wilson,2013-10-11,Grade 5,+15479306769,-
S06956,Allen Smith,2014-01-28,Grade 2,+19572192595,-
S06957,Michelle Keith,2013-07-13,Grade 4,+14112680662,-
S06958,David Perez,2008-11-19,Grade 1,+18112682261,-
S06959,Nathaniel Rodriguez,2015-09-02,Grade 2,+12937215798,18808
S06960,Andrea Kim,2012-07-24,Grade 3,+19737933195,850
S06961,Patrick Turner,2013-05-22,Grade 2,+19973878252,33536
S06962,Gabriel Reed,2010-08-24,Grade 1,+19102034689,60836
S06963,Jason Rodriguez,2012-05-21,Grade 3,-,-
S06964,Jackson Carpenter,2010-02-23,Grade 3,+17153212634,-
S06965,Heather Bailey,2010-03-01,Grade 4,+15242711956,-
S06966,Sylvia Sweeney,2017-12-26,Grade 2,+15847330092,5671
S06967,Michele Hatfield,2014-09-24,Grade 2,+15047032721,80798
S06968,Darrell Morton,2009-10-26,Grade 1,+13006536970,42286
S06969,Christina Ortiz,2008-08-11,Grade 1,+16493506576,32042
S06970,Robert Huff,2010-06-14,Grade 1,+12465422801,65001
S06971,Wendy Alvarez,2012-12-04,Grade 1,+14859351040,1043
S06972,Amy Morton,2014-10-31,Grade 1,+14037231516,2356
S06973,Hannah Holland,2014-08-07,Grade 5,+18009292167,926
S06974,Keith Smith,2009-03-21,Grade 4,+18773280065,185
S06975,Ryan Johnson,2017-11-07,Grade 1,+13146591017,8552
S06976,Ryan Mejia,2008-06-22,Grade 5,+15707256644,-
S06977,Joshua Delgado,2009-05-29,Grade 4,+12696531039,1701
S06978,Gary Guzman,2017-01-04,Grade 3,+18282058744,-
S06979,Stacey Hughes,2012-05-27,Grade 3,+16993902352,-
S06980,Jim Holt,2013-02-06,Grade 4,+14488312487,-
S06981,Stacey Gonzales,2011-06-04,Grade 4,+15868782332,5554
S06982,Lisa Thomas,2013-10-31,Grade 4,+19483940176,-
S06983,Rebecca Reeves,2012-04-21,Grade 5,+12404763984,40264
S06984,Maxwell Lawson,2007-05-02,Grade 4,+16508923268,-
S06985,Richard Aguirre,2014-03-23,Grade 3,+13119795535,70578
S06986,Kenneth Snyder,2012-06-29,Grade 1,+13115373403,-
S06987,Tiffany Chang,2013-01-29,Grade 2,-,-
S06988,Andrew Evans,2008-01-01,Grade 2,+12079272328,3994
S06989,Alexandra Lee,2009-10-08,Grade 3,+16108264260,2243
S06990,Jeremy Arias,2014-09-12,Grade 5,-,-
S06991,Traci Coleman,2018-04-21,Grade 4,+19695922638,-
S06992,Edward Harris,2009-04-01,Grade 1,+14166180619,7323
S06993,Melissa Meyer,2011-03-22,Grade 5,+15015305331,089
S06994,Paul Obrien,2017-10-11,Grade 3,+14596769643,171
S06995,Bonnie Mills,2013-07-11,Grade 3,+16075655933,-
S06996,Michael Smith Dvm,2014-06-26,Grade 2,+13985592506,-
S06997,Megan Stewart,2015-09-16,Grade 4,+16837224109,-
S06998,Steven Brown,2013-09-23,Grade 2,+15343877067,-
S06999,Cynthia Walls,2007-01-31,Grade 1,+15608669708,-
S07000,Daniel Jacobs,2013-12-08,Grade 3,+19958811622,218
S07001,Eric Taylor,2016-06-17,Grade 4,+12369543570,476
S07002,Elizabeth Stark,2018-10-21,Grade 2,+15498629316,468
S07003,James Terry,2016-10-18,Grade 3,+12327341767,8586
S07004,Jennifer Nixon,2011-10-30,Grade 5,+18562469362,23120
S07005,Paul Woods,2010-05-10,Grade 2,+19247053919,-
S07006,Stephanie Wright,2009-02-19,Grade 3,+15509854048,30781
S07007,Francis Morrison,2009-01-18,Grade 4,+14303446561,59269
S07008,Lori Nolan,2013-04-19,Grade 5,+18182608801,11350
S07009,Daniel Green,2018-01-03,Grade 5,+17569829893,-
S07010,Hayley Clark,2011-03-29,Grade 4,+16405995522,464
S07011,Robert Graves,2006-11-09,Grade 5,-,-
S07012,Tiffany Martin,2015-03-27,Grade 5,+19384610346,6105
S07013,Angela Jenkins,2010-07-07,Grade 2,+16277899688,6969
S07014,Kenneth Brown,2011-02-12,Grade 3,+15902045648,16389
S07015,Melissa Scott,2010-08-20,Grade 3,+16302133708,811
S07016,Rebekah Butler,2011-12-29,Grade 3,+15298735992,21960
S07017,Diana Pruitt,2017-11-23,Grade 5,+15335902960,98999
S07018,Yvonne Stone,2013-05-21,Grade 3,+13609913226,-
S07019,Madison Cannon,2015-07-04,Grade 3,+18733448783,-
S07020,Robert Harris,2017-10-02,Grade 3,+12884348603,-
S07021,Jared Sanchez,2013-10-29,Grade 1,+18897804317,27399
S07022,Amanda Huff,2007-01-11,Grade 3,+17635732617,-
S07023,Earl Rose,2007-12-15,Grade 4,+16799048608,56332
S07024,Andrea Davies,2012-01-16,Grade 1,+13758754654,-
S07025,Taylor Wilson,2006-08-02,Grade 1,+13586697476,4489
S07026,Bradley Scott,2008-09-15,Grade 5,+15312611899,-
S07027,Brent Hawkins,2016-04-29,Grade 2,+13059377843,-
S07028,Danielle Reyes,2012-12-29,Grade 5,+17515132836,0326
S07029,Jennifer Thornton,2017-05-11,Grade 2,+12945866417,-
S07030,James Marshall,2011-08-21,Grade 4,+12953208041,1507
S07031,David Patel,2009-09-01,Grade 5,+16067631700,-
S07032,Kevin Gordon,2017-07-10,Grade 3,+12058490389,-
S07033,Kelly Martin,2009-01-03,Grade 2,+14376183423,29261
S07034,Kathleen Smith,2008-01-23,Grade 5,+14806913980,58188
S07035,Brandy Lee,2015-04-22,Grade 5,+17146817077,-
S07036,Brianna Gonzalez,2012-11-27,Grade 4,+19124556085,998
S07037,Jason Hooper Md,2015-06-28,Grade 1,+13524978800,4809
S07038,Austin Lawrence,2011-01-30,Grade 3,+19403997028,62909
S07039,Patrick Preston,2012-10-17,Grade 5,+19714926624,-
S07040,Wayne Holland,2018-06-28,Grade 5,+16958816369,31562
S07041,Jennifer Jennings,2014-11-13,Grade 2,+14056543430,65766
S07042,Pamela Skinner,2006-11-30,Grade 4,+16663137994,98173
S07043,Holly Collins,2013-05-17,Grade 4,+15952982218,1469
S07044,Nicholas Wright,2009-11-20,Grade 4,+15295312398,-
S07045,David Payne,2015-09-04,Grade 2,+17513039027,-
S07046,William Rodriguez,2007-10-04,Grade 3,+13519582942,-
S07047,Beth Rowe,2009-11-02,Grade 2,-,-
S07048,Kathryn Jenkins,2016-07-31,Grade 4,+16378027673,62762
S07049,Megan Gomez,2010-07-28,Grade 5,+13946236713,40906
S07050,Deborah Freeman,2014-03-19,Grade 1,+15144764984,197
S07051,Jose Williams,2016-07-11,Grade 2,+12816182612,793
S07052,Joyce Howard,2006-08-13,Grade 3,+12293710330,-
S07053,Bradley Brown,2009-12-09,Grade 3,+15809165892,65332
S07054,Briana Watkins,2013-12-25,Grade 3,+19799366377,569
S07055,Susan Perez,2017-07-03,Grade 2,+13975691184,-
S07056,David Madden,2007-09-14,Grade 4,+12707496830,-
S07057,Stephanie Scott,2017-07-30,Grade 1,+13125279433,7234
S07058,Joseph Fletcher,2018-05-13,Grade 1,+14752616409,-
S07059,Ryan Harris,2016-08-07,Grade 5,+15414136176,537
S07060,Brandon Richardson,2013-03-03,Grade 5,+13496177421,284
S07061,David Powell,2018-04-22,Grade 2,+18768393397,1032
S07062,Wendy Carroll,2017-07-09,Grade 1,+15512189190,-
S07063,Robert Mills,2016-09-27,Grade 4,+14884824181,-
S07064,Theodore Turner,2013-06-24,Grade 3,+12648907375,-
S07065,Sarah Cervantes,2013-09-15,Grade 1,+15499656983,18643
S07066,Lisa Esparza,2017-08-05,Grade 1,+13677854138,-
S07067,Stephanie Cook,2013-12-12,Grade 2,+12165699179,-
S07068,James Oconnor,2015-01-18,Grade 2,+19602613467,0238
S07069,Darryl Henderson,2012-01-03,Grade 5,+16979473191,640
S07070,Timothy Rose,2010-01-27,Grade 5,+14107034808,1971
S07071,Angel Clark,2012-06-21,Grade 5,+17332491517,-
S07072,Jaime Perry,2017-08-30,Grade 4,-,-
S07073,Jonathan Hines,2016-01-23,Grade 5,+17957492865,55418
S07074,Grace Watkins,2014-12-25,Grade 1,+13949394800,919
S07075,Mr. Joe Watts,2007-01-30,Grade 5,+15839399604,800
S07076,Kirsten Roberson,2006-10-24,Grade 3,-,-
S07077,Angel Nunez,2008-03-15,Grade 3,+13463886004,-
S07078,Jill Herman,2017-01-22,Grade 4,+17434278572,384
S07079,Zachary Briggs,2017-10-29,Grade 4,-,-
S07080,Natalie Clark,2014-07-27,Grade 5,+12675136933,-
S07081,Christy Murphy,2016-10-19,Grade 5,+15016105464,-
S07082,Jennifer Klein,2013-08-11,Grade 1,+18713450446,42558
S07083,Paul Cole,2013-01-29,Grade 3,+13888823904,213
S07084,Chase Jensen,2013-05-09,Grade 1,+16174028491,-
S07085,Toni Johnson,2015-02-09,Grade 2,+14925174801,-
S07086,David Davis,2012-12-07,Grade 2,+15257071572,039
S07087,Alexis Gutierrez,2006-11-05,Grade 3,+14499795478,7478
S07088,Mrs. Cassandra Butler Dvm,2011-10-10,Grade 3,+16857371140,24452
S07089,Shaun Mccullough,2010-01-18,Grade 3,+12143723343,-
S07090,Jacqueline Reynolds,2014-07-27,Grade 5,+13963315238,-
S07091,Corey Jones,2012-06-19,Grade 3,+12908981976,330
S07092,Allison Chavez,2016-02-07,Grade 4,+14469787680,62512
S07093,Aaron Taylor,2016-07-31,Grade 5,+14168632691,-
S07094,Wendy Gonzalez,2010-08-07,Grade 1,+15924982020,-
S07095,Erica Koch,2007-10-02,Grade 4,+16324810988,-
S07096,Kelly Alvarez,2014-04-30,Grade 2,+18562576885,-
S07097,Danny Foster,2018-05-04,Grade 1,+12899581565,-
S07098,Dr. Sharon Bailey,2018-09-17,Grade 3,+18992648723,-
S07099,James Williams,2015-02-05,Grade 2,+18443818316,-
S07100,Heidi Lee,2015-08-05,Grade 5,+15758311510,8125
S07101,Julian Lopez,2006-07-12,Grade 1,+16528437176,4224
S07102,Heather Deleon,2007-05-02,Grade 4,+14525047366,80320
S07103,Michael Flores,2008-05-25,Grade 2,+18545151738,-
S07104,Matthew Bailey,2017-12-14,Grade 5,+14808635829,-
S07105,Ryan Schmitt,2009-09-12,Grade 3,+13066077653,903
S07106,Mary Duke,2011-04-09,Grade 1,+12997868594,-
S07107,Kayla Schwartz,2009-01-30,Grade 5,+12959507748,5377
S07108,Ann Anderson,2018-05-20,Grade 4,+19007711936,192
S07109,Edward Lamb,2016-07-14,Grade 3,+14043142983,680
S07110,Dr. Amanda Morales,2017-03-27,Grade 4,+17954092816,-
S07111,Phillip Mayer,2011-07-14,Grade 4,+16723507669,8125
S07112,Ronald Austin,2014-12-29,Grade 4,+12778328825,-
S07113,Megan Mendez,2006-04-15,Grade 3,+14444317638,4730
S07114,Julie Collins,2007-08-05,Grade 2,+17598519583,-
S07115,Jeremy Goodwin,2015-03-27,Grade 4,+16497637010,-
S07116,Antonio Lewis,2011-06-08,Grade 3,+15202182281,247
S07117,Holly Buck,2013-08-17,Grade 1,+12436699447,-
S07118,Brandon Barnes,2016-04-17,Grade 1,+18697435261,979
S07119,Julie Mcmillan,2017-11-18,Grade 3,+19129115932,-
S07120,Vanessa Harrison,2013-11-03,Grade 5,+18239308440,6748
S07121,Taylor Smith,2008-09-29,Grade 4,+16399434791,2661
S07122,Paige Mejia,2014-01-24,Grade 3,+16168203032,733
S07123,Adam Wong,2006-03-19,Grade 2,+19332071597,98134
S07124,Shelley Richardson,2008-02-02,Grade 4,+12527435366,-
S07125,William Sosa,2007-03-26,Grade 5,+17238480282,-
S07126,Samantha Downs,2008-09-12,Grade 5,+14646185696,914
S07127,Paul Fields,2018-06-23,Grade 1,+19312089984,6267
S07128,Robert Norton,2015-07-01,Grade 4,+19893836534,-
S07129,Cody Baker,2009-08-08,Grade 1,+16315499859,277
S07130,Andrea Scott,2018-03-14,Grade 1,+18194104184,-
S07131,James Olson,2011-01-30,Grade 4,+12172009238,-
S07132,Miss Amanda Sanders,2007-06-05,Grade 2,+13747822663,-
S07133,Nicole Howell,2017-08-05,Grade 4,+18877969932,35692
S07134,Michael Mcguire,2017-11-26,Grade 4,+19968481631,32349
S07135,Stephanie Evans,2013-03-16,Grade 4,+15692216569,-
S07136,Lindsey Mckay,2015-07-28,Grade 1,+18595550154,-
S07137,Daniel Franklin,2016-05-16,Grade 2,+17395704362,-
S07138,Rachel White,2007-03-28,Grade 5,+12163090823,7137
S07139,Keith Church,2014-01-14,Grade 5,+18519940817,030
S07140,Brian Kelly,2014-03-25,Grade 5,+14044494689,7018
S07141,Gregory Bennett,2016-01-15,Grade 1,+17798010454,4933
S07142,David Smith,2006-03-20,Grade 2,+16167150969,-
S07143,Sara Sutton,2006-11-23,Grade 2,+17374902764,1856
S07144,Adam Allison,2016-07-29,Grade 5,+19874578733,1815
S07145,Ryan Garcia,2016-11-07,Grade 1,+19114953028,242
S07146,Jeffrey Blackburn,2010-08-21,Grade 2,+14564178548,-
S07147,Stacy Ray,2009-12-11,Grade 4,+15363503651,9998
S07148,Alexandra Alvarez,2009-11-23,Grade 1,+14173077445,1639
S07149,Martha Wong,2006-05-04,Grade 5,+13178604658,40634
S07150,Derek Cohen,2013-03-09,Grade 5,+19415881451,-
S07151,Wendy Brennan,2018-09-10,Grade 4,+12915082804,626
S07152,Brian Roy,2016-09-16,Grade 1,+18162889570,-
S07153,Sarah Brown,2010-08-17,Grade 4,+19277359220,6002
S07154,Chloe Hernandez,2015-12-27,Grade 1,+13099558130,3256
S07155,Judy Hughes,2012-05-27,Grade 4,+17392297928,3721
S07156,Michael Nelson,2017-05-14,Grade 1,+15265443725,222
S07157,Michaela Pugh,2011-06-02,Grade 5,+14017242939,91531
S07158,Mitchell Martin,2014-05-18,Grade 1,+16258346215,717
S07159,James Trevino,2014-04-22,Grade 4,+19416283205,-
S07160,Nicholas Russell,2016-10-28,Grade 2,+14475009301,-
S07161,Carrie Perez,2011-11-06,Grade 5,+13963912406,-
S07162,William Wilson,2018-04-19,Grade 4,+17955439357,83163
S07163,David Davis,2009-12-28,Grade 1,+18927457918,11158
S07164,Stephen Barnett,2017-10-12,Grade 4,+17004654224,-
S07165,Danielle Foster,2009-04-10,Grade 5,+19765349731,-
S07166,Lisa Anthony,2012-02-21,Grade 3,+12954815037,278
S07167,William Coffey,2006-03-14,Grade 4,+12739264349,0765
S07168,Larry Riley,2009-01-03,Grade 3,+15833369059,5585
S07169,Jacob Lee,2016-03-19,Grade 1,+14737361718,8618
S07170,Brooke Burns,2015-07-03,Grade 5,+18963513815,6310
S07171,Kari Figueroa,2010-01-25,Grade 3,+15399208973,-
S07172,Ryan Caldwell,2018-06-25,Grade 4,+13333454573,78501
S07173,Max Mills,2006-11-11,Grade 4,+16423489544,47028
S07174,Joe Levine,2010-04-04,Grade 4,+14148696577,132
S07175,Joshua Odonnell,2013-11-23,Grade 3,+15757578565,-
S07176,Sharon Higgins,2015-02-02,Grade 5,+18359643730,-
S07177,Timothy Deleon,2006-09-27,Grade 3,+13026625753,815
S07178,Ashlee Morales,2018-05-08,Grade 2,+18889675785,006
S07179,Kenneth West,2015-04-08,Grade 1,+15532959716,754
S07180,Trevor Joseph,2008-01-04,Grade 1,+14027875933,75600
S07181,Frank Doyle,2014-07-26,Grade 2,-,-
S07182,Charles Phillips,2017-07-12,Grade 2,+18773591998,733
S07183,Crystal Harris,2013-02-09,Grade 1,+14033148526,208
S07184,Misty Horn,2011-01-19,Grade 4,+15177638089,-
S07185,Sydney Dixon,2008-02-22,Grade 2,+14638205230,-
S07186,Pamela Johnson,2010-03-22,Grade 1,+13592146711,43629
S07187,Catherine Walker,2008-04-01,Grade 5,+15956036883,-
S07188,Kelly Hill,2006-05-17,Grade 5,+14404208184,76012
S07189,Carla Hinton,2013-07-20,Grade 2,-,-
S07190,Abigail Soto,2013-01-10,Grade 1,+15535547843,79696
S07191,Amy Crawford,2006-06-15,Grade 3,+12603824232,0708
S07192,Vanessa Robertson,2007-10-21,Grade 2,+14489871626,484
S07193,Mr. Hector Sutton Jr.,2011-12-23,Grade 1,+18903593393,8327
S07194,Ebony Guzman,2011-12-14,Grade 3,+16457145259,-
S07195,Christy Fields,2011-07-17,Grade 3,+13766307875,19551
S07196,Amy Richardson,2013-09-28,Grade 2,+13823372115,-
S07197,Fernando Henry,2015-05-10,Grade 3,+15122260382,-
S07198,Jonathan Johnson,2006-01-06,Grade 2,+16764954109,09854
S07199,Stephen Douglas,2013-04-26,Grade 5,+19988851670,-
S07200,Kimberly Mejia,2010-04-23,Grade 3,+15292955511,4922
S07201,Chase Weber,2006-11-30,Grade 5,+14739464024,-
S07202,Madeline Rojas,2009-04-19,Grade 1,+14475207779,463
S07203,Roger Underwood,2014-12-07,Grade 3,+18689774808,501
S07204,David Simpson,2014-04-30,Grade 2,+17062344320,-
S07205,Stephanie Howell,2007-05-06,Grade 5,+13878324113,23689
S07206,Diana Cruz,2017-01-25,Grade 2,+15722340902,622
S07207,Alison Henderson,2008-07-22,Grade 2,+15877481172,-
S07208,Nicole Mccoy,2009-07-21,Grade 1,+13507693849,-
S07209,Brian Stout,2008-07-20,Grade 3,+13928524177,-
S07210,Sandra Vang,2007-01-02,Grade 2,+19625245881,597
S07211,Jesse Williams,2006-03-21,Grade 4,+16082448913,20521
S07212,Laurie Rose,2014-02-04,Grade 3,-,-
S07213,Troy Dudley,2017-07-25,Grade 2,+19979726752,40171
S07214,Angela Ramos,2018-03-30,Grade 4,+17327177765,995
S07215,Nicole Norton,2007-08-19,Grade 3,+18695069457,4595
S07216,Miguel Johnston,2017-09-19,Grade 3,+17049494805,083
S07217,John Lee,2009-07-06,Grade 2,+13109992534,9600
S07218,Janet Wells,2012-03-11,Grade 1,+16987294621,3114
S07219,Garrett Vang,2015-08-06,Grade 5,+15155503785,012
S07220,Anna Fields,2010-07-25,Grade 1,+12359395702,-
S07221,Richard Castro,2006-03-28,Grade 1,+16737553154,36586
S07222,Judy Stewart,2013-06-11,Grade 1,+13839215231,59996
S07223,Katrina Moses,2011-06-14,Grade 5,+16713138074,-
S07224,Scott Robles,2009-08-13,Grade 2,+17754723427,85477
S07225,Jodi Galvan,2013-11-25,Grade 2,+12722955900,-
S07226,Bryan Ponce,2007-12-01,Grade 5,+17897224862,25578
S07227,Richard Johnson,2008-06-05,Grade 3,+19982733063,-
S07228,Gary Mitchell,2006-11-30,Grade 4,+16582941318,-
S07229,Terry Wall,2008-05-07,Grade 2,+15554028765,-
S07230,Lauren White,2016-09-28,Grade 3,+19908599408,10672
S07231,Edward Brown,2010-05-26,Grade 3,+15828858761,33473
S07232,Richard Hamilton,2018-01-03,Grade 3,+17842795344,2490
S07233,Julia Miller,2013-08-11,Grade 4,+13555642901,998
S07234,Tiffany Cherry,2013-06-07,Grade 2,+19628551426,1307
S07235,Christopher Banks,2017-05-30,Grade 5,+15939726585,488
S07236,Susan Garza,2010-01-06,Grade 2,+17503299443,-
S07237,Mitchell Perez,2006-04-28,Grade 2,+19413813684,-
S07238,Robert Hudson,2018-07-09,Grade 4,+17682402914,2689
S07239,William Smith,2011-06-21,Grade 1,+13795490230,-
S07240,Marissa Hall,2009-09-08,Grade 5,+18833838169,-
S07241,Vicki Patterson,2009-08-26,Grade 1,+14003371673,2235
S07242,Edwin Mcdaniel,2013-03-14,Grade 2,+16547375119,591
S07243,Jesse Kaiser,2008-04-18,Grade 3,+19705133456,-
S07244,Chelsea Hernandez,2007-08-24,Grade 3,-,-
S07245,Dr. Kristina Lee,2016-01-01,Grade 4,+13654086137,926
S07246,Gina Spencer,2006-06-14,Grade 5,+13634815066,-
S07247,Thomas James,2012-07-03,Grade 5,+12615628240,21090
S07248,Anthony Gilbert,2009-01-06,Grade 4,+12974151581,-
S07249,Dean Vargas,2010-12-15,Grade 1,+12013661060,-
S07250,Rodney Simpson,2008-11-24,Grade 2,+17618887540,-
S07251,Amanda Watson,2018-02-07,Grade 1,+14382955448,2406
S07252,Erica Tucker,2013-06-16,Grade 3,+19453452795,6569
S07253,Michael Young,2008-04-15,Grade 1,+13817495473,175
S07254,Sabrina Yates,2013-10-29,Grade 4,+19696178728,-
S07255,Andrew Jimenez,2011-05-11,Grade 3,+15694932772,-
S07256,Jose Hall,2018-05-13,Grade 4,+17914714714,5742
S07257,Nancy Nelson,2017-12-01,Grade 4,+16554066257,30047
S07258,Julia Bryan,2015-01-12,Grade 1,+18112223159,-
S07259,Ann White,2007-08-26,Grade 4,+13677680476,-
S07260,Sarah Morris,2015-05-11,Grade 3,+15452964965,2700
S07261,Stefanie Murphy,2016-02-17,Grade 1,+19936547261,39630
S07262,Antonio Walter Dds,2014-07-27,Grade 3,+18695430691,6000
S07263,Chad Carter,2016-10-24,Grade 3,+18143999080,-
S07264,Richard Mcdonald Iii,2011-12-17,Grade 4,+14144438093,383
S07265,Matthew Glass,2012-06-16,Grade 5,+19623621048,09753
S07266,Charles Johnson,2008-03-02,Grade 1,+15143252604,-
S07267,Lauren Hayes,2016-08-20,Grade 3,+13848352915,4334
S07268,Scott Smith,2011-06-10,Grade 2,+16605842536,-
S07269,Toni Fuller,2013-05-05,Grade 2,-,-
S07270,Jason Nguyen,2008-03-02,Grade 5,+16787182602,37510
S07271,Dylan Steele,2006-09-21,Grade 4,+13209856680,-
S07272,Tina Allen,2008-10-30,Grade 2,+17495829065,7993
S07273,Sherry Rodriguez,2009-11-03,Grade 2,+16328776135,8415
S07274,Charles Bryan,2015-02-20,Grade 5,+13596946197,617
S07275,Wesley Brewer,2014-02-18,Grade 3,+19908771552,-
S07276,David Payne,2012-06-26,Grade 2,+14176896592,8643
S07277,Shawna Osborn,2018-12-12,Grade 5,+17977493269,-
S07278,Jordan Chen,2017-01-27,Grade 4,+15414753995,-
S07279,Lauren Maldonado Dds,2018-08-08,Grade 5,+17805208865,75690
S07280,David Owens,2011-09-16,Grade 4,+17839283635,00452
S07281,Jacob Lopez,2011-01-31,Grade 5,+19263212823,6837
S07282,Darren Lee,2009-04-07,Grade 4,+18016207960,-
S07283,Charles Allison,2017-08-22,Grade 4,+19894523021,07834
S07284,Jerome Woods,2017-02-18,Grade 2,+19979095134,0209
S07285,Gary Wilson,2010-02-16,Grade 5,+14383363841,504
S07286,Nicholas Russell,2008-01-23,Grade 3,+14053693835,-
S07287,Sonya Ball,2016-03-18,Grade 4,+15748729580,-
S07288,Andrew Underwood,2010-06-20,Grade 1,-,-
S07289,Tracy Rivas,2007-05-03,Grade 1,+18202331433,15097
S07290,Lisa Elliott,2009-02-18,Grade 4,+14846590554,005
S07291,Shannon Powell,2008-02-02,Grade 2,+16733541979,-
S07292,Willie Baker,2009-09-16,Grade 4,+15595696653,90606
S07293,Andrew Johnson,2009-08-31,Grade 3,+17777759523,85974
S07294,Dominique Simpson,2012-03-25,Grade 4,+19898466637,-
S07295,Keith Hudson,2012-06-04,Grade 4,+16706840658,69165
S07296,Angel Hines,2013-11-25,Grade 4,+12125998121,787
S07297,Deborah Thomas,2008-10-14,Grade 4,+12658516417,727
S07298,Sean Smith,2012-08-10,Grade 3,-,-
S07299,Patrick Moon,2009-07-09,Grade 1,+12553045463,58272
S07300,Kevin Martinez,2010-11-26,Grade 1,+12355609967,900
S07301,Renee Calhoun,2009-12-06,Grade 1,+18603155508,-
S07302,Michelle Hughes,2013-07-23,Grade 1,+12813985160,-
S07303,Kimberly Mendoza,2010-02-25,Grade 3,+18757691747,8899
S07304,Carol Phillips,2008-06-10,Grade 1,+14159878464,50776
S07305,Alice Jackson,2011-06-09,Grade 2,+18654086015,28130
S07306,Rachel Morton,2018-12-01,Grade 2,+16665617027,58685
S07307,Jessica Parks,2018-01-17,Grade 2,+12727109299,-
S07308,Charles Wells,2016-06-07,Grade 1,+12619653171,5235
S07309,Tommy Wilson,2013-05-11,Grade 1,+12077612543,2110
S07310,Tamara Ortega,2009-08-21,Grade 3,+14855745298,92063
S07311,Tara Smith,2008-06-20,Grade 1,+13396021907,46019
S07312,Melinda Strong,2007-05-27,Grade 1,+13017090261,5647
S07313,Nicholas Hooper,2015-04-23,Grade 5,+12544795429,-
S07314,Nichole Hall,2017-03-07,Grade 4,-,-
S07315,Sharon Moore,2017-02-28,Grade 5,+17167868435,-
S07316,Jesse Robbins,2011-12-28,Grade 4,+14582766198,-
S07317,Ryan Brandt,2007-08-20,Grade 1,+15959741530,368
S07318,Jared Smith,2009-12-25,Grade 5,+18642646685,-
S07319,Jaime Chung,2013-03-06,Grade 4,+14073603119,709
S07320,Spencer Cox Md,2016-03-02,Grade 1,+17477549681,260
S07321,Stephanie Fernandez,2016-03-21,Grade 3,+16418440775,-
S07322,Susan Wright,2011-08-14,Grade 2,+18556785188,6992
S07323,Amanda Wade,2007-08-05,Grade 4,+13882370953,-
S07324,Michael Morgan,2013-05-10,Grade 2,+12606149764,97048
S07325,Dalton Rodriguez,2012-12-15,Grade 3,+12352734654,-
S07326,Christina Brown,2019-02-01,Grade 4,+15323410239,2129
S07327,David Meyer,2013-08-29,Grade 2,+16547149890,-
S07328,Melissa Henderson,2015-01-31,Grade 5,-,-
S07329,Anthony Powell,2015-11-25,Grade 2,+17664748897,72578
S07330,Wanda Williams,2016-01-03,Grade 2,+14866771718,-
S07331,Daniel Benson,2017-03-18,Grade 3,+12527969942,921
S07332,Nicole Ball,2007-07-07,Grade 1,+14447869276,-
S07333,Nicole Schmidt,2008-06-08,Grade 2,+18478509822,7184
S07334,Lisa Nelson,2008-09-08,Grade 4,+13725488059,-
S07335,Theresa Murphy,2010-03-20,Grade 5,+19025989318,906
S07336,Daniel Henry,2013-10-19,Grade 5,+15367473758,18291
S07337,Steven Ramos,2013-01-13,Grade 3,+15264893881,090
S07338,Christina Brown,2017-04-22,Grade 3,+15107365878,532
S07339,Michael Watkins,2015-10-18,Grade 1,+13947509506,-
S07340,Nicholas Berg,2017-09-08,Grade 3,+17672801545,-
S07341,Crystal Curtis,2009-09-11,Grade 3,+13026563185,9045
S07342,Derek Norman,2017-12-29,Grade 4,+14556243038,-
S07343,Dr. Hannah Shaffer Md,2013-03-19,Grade 3,+13096716653,1323
S07344,Michael Smith,2008-09-10,Grade 3,+14194159302,421
S07345,Laura Mcdonald,2018-01-30,Grade 5,+19566805279,9837
S07346,Jose Jones,2018-06-10,Grade 2,+14735427353,9420
S07347,Wendy Sandoval,2013-12-22,Grade 3,+14294934027,392
S07348,Bryan Carey,2010-06-08,Grade 1,+18009768203,8326
S07349,Kevin Brown,2014-06-14,Grade 5,+18562400153,0109
S07350,Terry Pacheco,2016-03-08,Grade 4,+14075432970,45826
S07351,Nicholas Dickson,2011-06-11,Grade 2,+19009645689,13699
S07352,Amanda Moran,2017-10-08,Grade 5,+12659768250,5738
S07353,James Petersen,2013-12-16,Grade 5,+13732634252,5696
S07354,Matthew Rodriguez,2007-04-10,Grade 4,+12476783310,-
S07355,Kenneth Willis,2006-06-08,Grade 5,-,-
S07356,Darren Tran,2017-05-08,Grade 3,+13973192646,699
S07357,Mr. Alexander Keller Jr.,2009-06-12,Grade 3,+15044876707,46213
S07358,Brittany Dickson,2012-02-28,Grade 2,-,-
S07359,Robert Miles,2007-06-14,Grade 4,+16399375934,197
S07360,Leah Kirk,2010-12-23,Grade 5,+18616667861,26024
S07361,Morgan Wallace,2017-12-26,Grade 1,+14017849517,997
S07362,Robin Green,2015-05-19,Grade 1,+12837343266,-
S07363,Thomas Lee,2016-01-17,Grade 4,+13453820685,-
S07364,Dillon Clark,2010-03-18,Grade 3,+12542963136,-
S07365,Thomas Mccarthy,2007-09-25,Grade 5,+19884026711,9727
S07366,Gerald Larsen,2008-05-23,Grade 2,+16647197773,1202
S07367,Susan Mendez,2013-12-05,Grade 4,+13314149942,436
S07368,Joseph Wilkins,2013-03-01,Grade 1,+18085375780,-
S07369,Zachary Conner,2007-01-10,Grade 2,+13863357674,560
S07370,Jeremy Martinez,2018-12-31,Grade 4,+14687678156,783
S07371,Amy Spencer,2011-04-26,Grade 3,+15337854241,-
S07372,Thomas Lopez,2015-12-15,Grade 1,+14588653087,4915
S07373,Eric Santiago,2012-11-26,Grade 2,+12225246230,25023
S07374,Thomas Price,2009-09-11,Grade 5,-,-
S07375,Michelle Fuentes,2009-11-02,Grade 4,+13633028530,-
S07376,Kristen Cohen,2019-01-28,Grade 1,+19113375953,-
S07377,Devin Rivers,2007-03-31,Grade 4,+19045782138,1574
S07378,Christopher Wood,2016-11-03,Grade 5,+14095389200,028
S07379,Olivia Black,2009-03-13,Grade 3,+12358750072,08127
S07380,William Black,2006-11-18,Grade 4,+17059411651,-
S07381,Alicia Willis,2017-03-06,Grade 2,+16143971508,80683
S07382,Jermaine Morales,2014-11-08,Grade 5,+15157874888,50089
S07383,Jessica Webb,2010-05-03,Grade 1,+18908160224,40788
S07384,Patricia Crawford,2010-02-16,Grade 5,+14916157373,4704
S07385,Michael Lewis,2014-10-29,Grade 3,+12533941546,631
S07386,Paul Acosta,2018-02-01,Grade 5,-,-
S07387,Julie Wallace,2012-04-02,Grade 3,+18407186124,-
S07388,Lisa Jackson,2015-12-25,Grade 1,+13843808360,00599
S07389,Sheena Eaton,2016-01-23,Grade 4,+18294105094,306
S07390,Darrell Brooks,2014-02-24,Grade 3,+16023280980,-
S07391,Philip Deleon,2014-08-15,Grade 1,+19752111032,97830
S07392,Shane Miller,2012-09-11,Grade 5,+15795961363,-
S07393,Ralph Buck,2018-05-11,Grade 1,+13626011379,34908
S07394,Keith Chaney Jr.,2012-06-10,Grade 3,+14518964166,08077
S07395,Harold Guerra,2014-07-22,Grade 2,+18993553394,-
S07396,Antonio Miller,2006-05-25,Grade 4,+12252608704,10019
S07397,Daniel Hunter,2015-11-10,Grade 3,+16668201353,-
S07398,Margaret Mcdowell,2013-12-02,Grade 2,+18632936338,185
S07399,Melissa Wood,2006-11-05,Grade 4,+16499113627,678
S07400,Sheri Vang,2013-03-31,Grade 4,+18492938865,66811
S07401,Mrs. Amanda Wong,2018-04-27,Grade 3,+16793183983,98851
S07402,Jacob Stewart,2014-01-09,Grade 5,+15168992470,-
S07403,James Larson,2009-10-09,Grade 5,-,-
S07404,Bianca Carter,2013-06-11,Grade 1,+17986816753,79687
S07405,Kyle Diaz,2012-08-20,Grade 5,+13469708372,-
S07406,Jordan Bradley,2018-11-12,Grade 4,+19588184245,-
S07407,Mark Mccoy,2013-06-01,Grade 2,+19988750058,07800
S07408,Melissa Ayers,2010-07-18,Grade 1,-,-
S07409,Larry Thomas,2018-09-21,Grade 3,-,-
S07410,Christina Pollard,2016-08-28,Grade 1,-,-
S07411,Wendy Bryant,2012-03-12,Grade 1,+18348688430,4001
S07412,Luis Aguirre,2013-12-04,Grade 5,+14266358599,4951
S07413,Charles King,2010-12-11,Grade 5,+16357017651,71625
S07414,Dalton Reynolds,2018-01-29,Grade 5,+14518672161,793
S07415,Rachael Hudson,2017-09-08,Grade 2,+15212777011,518
S07416,Tonya Avila,2014-07-16,Grade 4,+17773154957,42396
S07417,Michael Hampton Md,2018-11-19,Grade 3,-,-
S07418,Joshua Day,2009-06-24,Grade 3,+13549928654,977
S07419,Brian Gill,2007-06-25,Grade 1,+13404328648,820
S07420,Kayla Johnson Md,2017-03-10,Grade 3,+17868377368,-
S07421,Matthew Beard,2015-11-26,Grade 2,+12425639582,25229
S07422,Kelly Dixon,2011-11-25,Grade 4,+19465002952,6553
S07423,Mark Zhang,2012-04-06,Grade 1,+19185016440,49163
S07424,Christopher Meyers,2011-08-25,Grade 2,+14506469889,492
S07425,Dr. Gary Payne,2018-10-23,Grade 2,+17014203142,7128
S07426,Trevor Stark,2018-03-13,Grade 4,+18569640835,57157
S07427,Reginald Ryan,2011-04-30,Grade 5,+19109428124,549
S07428,James Miller,2018-11-10,Grade 5,+12346308433,365
S07429,Mary Hatfield,2012-02-20,Grade 1,+12382598495,197
S07430,Michael Kennedy,2017-10-23,Grade 1,+19284172726,-
S07431,Joel Anderson,2017-05-10,Grade 3,+14964758294,-
S07432,Travis Edwards,2015-01-03,Grade 1,+12555988300,12001
S07433,Dr. Katrina Hunt,2013-03-19,Grade 4,+17896033478,30865
S07434,Heather Day,2008-08-06,Grade 1,+15553810352,-
S07435,Melissa Turner,2008-02-20,Grade 2,+17522000169,-
S07436,Carrie Buchanan,2009-03-31,Grade 3,+16442648764,0159
S07437,Justin Day,2007-06-23,Grade 1,+19137258680,-
S07438,Corey Smith Jr.,2010-06-30,Grade 2,+12685444682,916
S07439,Karen Scott,2010-05-14,Grade 4,+13308428930,-
S07440,Sydney Anderson,2010-04-25,Grade 1,+15967301554,-
S07441,Alexis Kelley,2009-09-28,Grade 3,+19165050527,-
S07442,Shelley Smith,2018-12-11,Grade 5,+16439980476,-
S07443,Kyle Alvarez,2010-01-14,Grade 5,+18243507460,-
S07444,Mark Good,2006-04-11,Grade 1,+13004386795,-
S07445,Katherine Carlson,2014-03-04,Grade 5,+14172006721,-
S07446,Shelby Bean,2016-05-26,Grade 3,+13712470465,-
S07447,Tiffany Ramos,2010-05-17,Grade 2,+19505626476,-
S07448,Rachel Clark,2018-02-23,Grade 2,+15893704732,6424
S07449,Adam Moore,2015-05-17,Grade 4,+16692975397,-
S07450,Sarah Brown,2009-01-01,Grade 2,+15664114723,0160
S07451,Anne Leon,2015-04-27,Grade 1,+13212496108,-
S07452,Alvin Austin,2007-05-05,Grade 3,-,-
S07453,Joan Porter,2011-06-16,Grade 4,+15844239650,839
S07454,Gregory Thomas,2011-11-22,Grade 4,-,-
S07455,Carol Mcguire,2013-08-23,Grade 5,+13032691594,091
S07456,Jason Rodriguez,2011-04-16,Grade 3,+16515944049,-
S07457,Regina Garcia Dds,2006-11-14,Grade 2,+16776565277,66745
S07458,Willie Sloan,2017-02-21,Grade 5,+16449455108,332
S07459,Sean Thompson,2006-09-07,Grade 1,+15277973414,-
S07460,Savannah Mclean,2014-12-07,Grade 2,+16787821753,1753
S07461,Thomas Edwards,2012-11-09,Grade 5,+18405994381,-
S07462,Clifford Jones,2011-06-26,Grade 4,-,-
S07463,Joe Shepherd,2016-03-16,Grade 2,+16209538339,2667
S07464,Jonathan Mcgee,2011-09-11,Grade 4,+15002356737,-
S07465,Maurice Snyder,2008-03-10,Grade 5,+17253701991,691
S07466,Devon Morris,2009-02-08,Grade 1,+15682461540,-
S07467,Paul Roy,2017-05-17,Grade 3,+19758717285,-
S07468,Erica King,2018-12-28,Grade 3,+12253797231,-
S07469,Victoria Richard,2008-08-21,Grade 2,+18728049852,0121
S07470,Timothy Oliver,2008-07-05,Grade 3,+12289954065,437
S07471,Anthony Powell,2009-11-11,Grade 4,+14665732486,-
S07472,Russell Wilson Dvm,2006-08-27,Grade 4,+17408710672,740
S07473,Ashley Merritt,2016-07-25,Grade 4,+19699125867,879
S07474,Jocelyn Joyce,2009-08-20,Grade 1,+13229212496,55726
S07475,Andrew Soto,2012-08-24,Grade 2,+14699962092,-
S07476,Diana Collins,2016-08-05,Grade 5,+19365185887,091
S07477,Gregory Brooks,2009-07-24,Grade 5,+14512864514,-
S07478,Nicole Holmes,2011-10-15,Grade 4,+13464615148,7866
S07479,Stephanie Gibbs,2007-05-26,Grade 3,+19079075298,2767
S07480,Beth Werner Md,2010-10-04,Grade 4,+18368246623,315
S07481,Wesley Gibson,2012-04-30,Grade 4,+14005750913,-
S07482,Erin Miller,2012-07-19,Grade 4,+17727175807,132
S07483,Megan Riley,2014-05-08,Grade 1,+19864295847,619
S07484,Nicholas Herrera,2014-12-17,Grade 5,+15678911982,73596
S07485,Claire Murray,2012-12-27,Grade 2,+14602840475,65883
S07486,Toni Oneill,2009-02-21,Grade 5,+12106664676,9353
S07487,David Rodriguez,2011-01-13,Grade 3,+17499612263,8533
S07488,Mrs. Heidi Mitchell Md,2019-02-26,Grade 5,+17506096700,1382
S07489,Sandra Ortiz,2016-02-28,Grade 3,+19226761399,144
S07490,Gregory Joyce,2008-02-19,Grade 3,+15308190357,4209
S07491,Timothy Marshall,2017-01-07,Grade 2,+17957963990,-
S07492,Tonya Castillo,2010-01-07,Grade 3,-,-
S07493,Michael Cooper,2007-10-09,Grade 2,+19285301541,00960
S07494,Jenna Watkins,2006-10-14,Grade 1,+18527033242,-
S07495,Hailey Walsh,2008-10-07,Grade 1,+19313586331,3012
S07496,Kathleen Nguyen,2018-04-16,Grade 3,-,-
S07497,Travis Johnson,2017-04-19,Grade 5,+14887692607,-
S07498,Katherine Allen,2014-12-29,Grade 4,+16453944387,-
S07499,Karen Reynolds,2008-10-14,Grade 2,+18473005122,-
S07500,Charles Ryan,2015-09-19,Grade 5,+15987066644,435
S07501,James Skinner,2016-01-24,Grade 2,+14314200633,979
S07502,Larry Berry,2016-06-01,Grade 2,+16019184587,80649
S07503,Breanna Ferguson,2010-07-08,Grade 5,+16576921889,-
S07504,Mike Price Dvm,2014-11-23,Grade 1,+19446272057,6611
S07505,Derek Stone,2016-03-06,Grade 3,-,-
S07506,Susan Gibbs,2016-07-22,Grade 4,+18145238934,-
S07507,Theresa Davenport,2017-08-02,Grade 5,+16797139715,294
S07508,Glenn Williams Jr.,2016-06-09,Grade 3,+19866853347,16366
S07509,Douglas Brown,2013-10-15,Grade 5,+17983221012,-
S07510,Michael Sandoval,2015-02-12,Grade 4,+19388490071,-
S07511,Kevin Smith,2015-12-28,Grade 5,+12018715337,83385
S07512,Karen Sanchez,2017-12-08,Grade 3,+14709556397,55311
S07513,Jason Moore,2010-07-23,Grade 4,+19765513383,515
S07514,Robert Brown,2006-04-29,Grade 1,+13696712633,643
S07515,Kenneth Brown,2009-12-27,Grade 3,+17418831178,-
S07516,Linda Franklin Dds,2009-05-14,Grade 4,+13648782374,-
S07517,Kathryn Simmons Dds,2014-12-04,Grade 4,+16235698646,7626
S07518,Douglas Lewis,2011-08-01,Grade 2,+15829242811,890
S07519,Carl Gardner,2010-02-02,Grade 4,+14463159172,-
S07520,Robert Rios,2014-07-30,Grade 5,+14154853785,-
S07521,Daniel Vargas,2018-12-01,Grade 3,+15283381336,-
S07522,Stephen Smith,2012-06-12,Grade 2,+16439145504,4259
S07523,Jennifer Koch,2014-03-22,Grade 3,+18398212040,6545
S07524,Lori Branch,2011-06-16,Grade 1,+14159369867,4564
S07525,Mark Lewis,2014-06-20,Grade 1,+15192125900,-
S07526,Samuel Ponce,2009-08-14,Grade 2,+18328839327,-
S07527,Raven Robles,2016-05-08,Grade 2,+13986542034,294
S07528,Dr. Michael Suarez,2010-05-20,Grade 3,+15262356999,-
S07529,Sarah Bond,2006-11-20,Grade 4,+19174675703,947
S07530,Melissa Williams,2016-08-28,Grade 4,+12186457853,1545
S07531,Robin Jimenez,2006-05-30,Grade 5,-,-
S07532,Julia Oneal,2006-05-23,Grade 1,+12164692611,-
S07533,James Mcdonald,2014-02-06,Grade 5,+16487687595,-
S07534,Brian Pollard,2013-08-31,Grade 2,+19098298094,0514
S07535,Alicia King,2010-12-11,Grade 1,+19953620036,8782
S07536,Nathan Robinson,2015-09-17,Grade 5,+14953944182,5601
S07537,Robert Baker,2013-08-28,Grade 3,+16155853442,06739
S07538,Jamie Wong,2019-02-01,Grade 2,+14276924494,-
S07539,Ashley Diaz,2008-01-03,Grade 2,+17444995150,081
S07540,Carl Nelson,2009-06-24,Grade 5,+16245201015,707
S07541,Mr. Mark Day Ii,2015-11-05,Grade 1,+13263463456,294
S07542,Lisa Powers,2007-07-28,Grade 5,+19799022452,506
S07543,Arthur James,2015-04-24,Grade 2,+16766317727,-
S07544,Thomas Odonnell,2014-08-03,Grade 4,+13345162899,-
S07545,Jodi Pena,2014-11-04,Grade 3,+13803717518,1711
S07546,David Lowe,2012-07-21,Grade 4,+14767122265,-
S07547,Aaron Rangel,2012-06-05,Grade 4,+17229929496,7449
S07548,John Munoz,2007-09-19,Grade 5,+19029264767,05302
S07549,Frank Gibbs,2014-09-10,Grade 1,-,-
S07550,Daniel Espinoza,2008-12-04,Grade 1,+16686761970,131
S07551,Christopher Alvarado,2006-10-06,Grade 5,+17937406503,455
S07552,Austin Daniels,2006-02-11,Grade 5,+12249726771,16457
S07553,Mr. David Barnes,2016-11-18,Grade 2,+19695120572,-
S07554,John White,2010-01-17,Grade 3,+18279461585,3452
S07555,Bailey Ward,2014-09-23,Grade 2,+12189857402,6747
S07556,Darren Rodgers,2007-10-25,Grade 5,+16805336812,93256
S07557,Rebecca Parker,2016-03-05,Grade 1,-,-
S07558,Amy Bishop,2016-05-16,Grade 4,+19178610040,-
S07559,Eric Williams,2007-08-28,Grade 3,+18439077474,1033
S07560,Cynthia Malone,2016-07-22,Grade 4,+16848897137,80306
S07561,Susan Spencer,2019-02-19,Grade 4,+16902758397,947
S07562,Kristen Burton,2018-10-26,Grade 1,+13208948939,-
S07563,Danny Powell,2011-02-19,Grade 1,+17185547032,0060
S07564,Anthony Thomas,2006-08-04,Grade 3,+16972955022,109
S07565,Stephanie Richards,2011-11-17,Grade 5,+17138035444,-
S07566,Clifford Butler Jr.,2015-11-10,Grade 4,+16944108327,5342
S07567,Rachel Leonard,2010-01-31,Grade 1,+15307724168,-
S07568,Caroline Cummings,2015-02-14,Grade 1,-,-
S07569,Vincent Thompson,2011-01-31,Grade 5,+13612333557,43805
S07570,Heather Tyler,2007-01-30,Grade 2,+18068020394,22012
S07571,Candace Hayes,2017-09-22,Grade 5,+17382748541,528
S07572,Joshua Griffin,2016-08-30,Grade 4,+18836486262,-
S07573,Lisa Nelson,2016-04-23,Grade 2,-,-
S07574,Crystal Smith,2011-07-19,Grade 2,+16266634427,88048
S07575,Matthew Jimenez,2016-07-16,Grade 5,+12984638353,-
S07576,Sean Rivers,2018-04-10,Grade 1,+14019075862,00451
S07577,Sheila Bass,2008-10-09,Grade 1,+15825772022,-
S07578,Cory Wilson Md,2016-02-15,Grade 1,+12756221749,98403
S07579,Jessica Church,2008-01-24,Grade 3,+12542013240,040
S07580,Jessica Allen,2017-05-28,Grade 4,+12377063277,-
S07581,Timothy Daniels,2016-07-12,Grade 1,+14387445529,-
S07582,James Salas,2018-12-13,Grade 5,+17503780279,9864
S07583,Marcus Garcia,2016-08-24,Grade 1,+13805651628,-
S07584,Rachel Hart,2009-08-02,Grade 2,+18517380365,-
S07585,Kimberly Moore,2009-10-04,Grade 2,+19682770766,15066
S07586,Jessica Hunt,2008-12-31,Grade 4,+18229234566,209
S07587,Raymond Lucas,2014-11-09,Grade 5,+12675009038,-
S07588,Randy Massey,2012-02-25,Grade 4,+13127564632,-
S07589,Robert Gibson,2018-01-21,Grade 2,+12735707209,5253
S07590,Mr. Carl Salinas Md,2015-08-25,Grade 2,+17873939247,06236
S07591,Kimberly Taylor,2013-07-26,Grade 5,+19073657187,849
S07592,Brian Wilcox,2009-08-19,Grade 3,+15968688571,-
S07593,Stephanie Brown,2010-07-08,Grade 2,+15357596825,-
S07594,Stephanie Ramirez,2015-05-26,Grade 3,+19987752340,-
S07595,Shelby Beck,2017-07-12,Grade 2,+16364317096,-
S07596,Dylan Nelson,2018-07-28,Grade 2,+17045541607,-
S07597,Mrs. Tina Rosales,2007-10-31,Grade 3,+18683471591,-
S07598,Earl White,2013-01-16,Grade 2,+18663636927,-
S07599,Deborah Daniels,2008-08-10,Grade 5,+15863203719,-
S07600,Holly Downs,2013-06-09,Grade 1,+12219979748,-
S07601,Jacqueline Carson,2008-06-05,Grade 5,+19959670475,25088
S07602,Marie Cole Md,2011-03-08,Grade 1,+15015566099,907
S07603,Charles Robles,2014-03-09,Grade 2,+18603878086,6324
S07604,Bianca Davis Dvm,2015-04-16,Grade 4,+15696990412,98434
S07605,Paul Schultz,2013-04-21,Grade 4,+18193543018,687
S07606,Tammy Jones,2014-10-31,Grade 2,-,-
S07607,Cynthia Lawrence,2008-04-19,Grade 5,+16563826283,-
S07608,James Williamson,2011-06-10,Grade 5,+15395564788,7602
S07609,Matthew Lewis,2016-01-09,Grade 4,+13358685397,0768
S07610,John Colon,2018-10-26,Grade 4,+15274109615,5819
S07611,David Mccormick,2015-01-17,Grade 3,+13408206092,-
S07612,Amanda Smith,2018-10-11,Grade 5,+13099468487,01463
S07613,Dwayne Romero,2018-06-04,Grade 3,+14547328647,869
S07614,Joshua Avila,2015-10-27,Grade 3,+15467958060,-
S07615,Kristen Baxter,2008-04-17,Grade 3,+12379803174,580
S07616,Francisco Mitchell,2009-07-28,Grade 5,+14082064767,9383
S07617,Mathew Rogers,2013-08-30,Grade 3,+16439348245,-
S07618,John Reid,2017-07-27,Grade 4,+15186178994,-
S07619,Melanie Mata Phd,2009-03-30,Grade 2,+12135431399,-
S07620,Steven Jackson,2011-12-25,Grade 1,+16699019000,9798
S07621,Michael Lewis,2010-05-27,Grade 5,+12058636176,-
S07622,Dustin Holmes,2014-08-25,Grade 2,+12452719947,52820
S07623,Julie Gibson,2015-01-02,Grade 2,+17325732418,00755
S07624,Kenneth Washington,2007-08-21,Grade 4,+18164060490,68557
S07625,Mary Owens,2008-12-10,Grade 3,+19004905064,7946
S07626,Robin Davis,2017-07-21,Grade 4,+12607560724,257
S07627,Eric Robinson,2018-04-25,Grade 5,+14616948189,-
S07628,Veronica Padilla,2012-10-13,Grade 4,+17522430759,54331
S07629,Patricia Diaz,2014-10-12,Grade 2,+12658292315,98355
S07630,Juan Gomez,2014-08-06,Grade 1,+17232688776,58551
S07631,Kyle Gibson,2017-08-22,Grade 2,+14945384446,730
S07632,David Miller,2014-09-18,Grade 1,+19146572463,-
S07633,Regina Serrano,2012-03-19,Grade 4,+12522772335,68718
S07634,Anthony Barr,2019-01-20,Grade 4,+14244801779,-
S07635,Gavin Williams,2012-10-05,Grade 5,+16238800898,-
S07636,Toni Adams,2007-08-31,Grade 4,+12177321436,887
S07637,Catherine Wiley,2008-05-09,Grade 1,+19385964287,37060
S07638,Emily Guerrero,2016-02-09,Grade 5,+14544918920,11334
S07639,Mary Hall,2007-01-16,Grade 1,+18878427435,-
S07640,Denise Garza,2009-07-26,Grade 5,+14326452504,-
S07641,Kevin White,2016-12-17,Grade 3,+16149509902,484
S07642,Pamela Martinez,2009-06-18,Grade 2,+12788265021,9123
S07643,Steven Cruz,2014-10-01,Grade 5,+19836509973,-
S07644,Amy Riggs,2014-06-19,Grade 4,+16467731584,0621
S07645,William Bailey,2008-02-05,Grade 3,+17178412898,-
S07646,Robert Hernandez,2017-06-19,Grade 3,+12165139053,-
S07647,David Vasquez,2017-08-16,Grade 4,+19843791153,5928
S07648,Jamie Hudson,2016-07-07,Grade 5,+16434816485,-
S07649,Amy King,2014-08-23,Grade 3,+13206928224,-
S07650,Lisa Robinson,2018-04-26,Grade 5,-,-
S07651,Cassie Melendez,2011-02-15,Grade 2,+15465401979,-
S07652,Jay Carter,2010-05-04,Grade 4,+17528602870,-
S07653,Tamara Stanley,2011-05-30,Grade 5,+14528377389,-
S07654,Jacob Hudson,2019-01-16,Grade 4,+12314315755,05530
S07655,Ann Lawrence,2008-04-05,Grade 3,+16997909718,-
S07656,Christopher Roth,2011-04-05,Grade 3,+12708700509,-
S07657,Emily Mckenzie,2007-03-06,Grade 3,+18274790903,272
S07658,Cristina Montoya,2014-12-19,Grade 3,-,-
S07659,Kim Nguyen,2013-11-14,Grade 3,-,-
S07660,David Martinez,2016-07-22,Grade 2,+15427371744,-
S07661,Benjamin Torres Jr.,2010-02-27,Grade 4,+17733282729,4569
S07662,Joel Thompson,2014-07-02,Grade 5,+13108746807,-
S07663,Kimberly Hendricks,2011-05-24,Grade 5,+13576602818,4516
S07664,Brian Gonzalez,2013-07-03,Grade 3,+13047499758,0176
S07665,Teresa Moore,2008-11-29,Grade 5,+14177429169,911
S07666,Stephanie Chavez,2012-02-10,Grade 2,+13014101141,-
S07667,Amy Lawrence,2011-10-24,Grade 3,+13562500430,28688
S07668,Helen Joyce,2007-10-15,Grade 4,+16432945354,433
S07669,Jon Washington,2008-01-05,Grade 3,+17888284198,360
S07670,Terry Mcintyre,2006-04-20,Grade 2,+14829437769,-
S07671,Paul Savage,2011-09-26,Grade 2,-,-
S07672,Brian Yang,2011-09-04,Grade 3,+16234942753,548
S07673,Brian Dougherty,2016-06-30,Grade 2,+18522074721,5698
S07674,Andre Gordon,2008-09-15,Grade 4,+13342283006,-
S07675,Jennifer West,2006-10-17,Grade 5,+16435726731,-
S07676,Jessica Mcclain,2011-11-11,Grade 3,+13269012914,-
S07677,Eddie Briggs,2012-03-19,Grade 3,+13536058704,-
S07678,Ellen Allen,2007-05-23,Grade 2,+19026805389,683
S07679,William Nguyen,2008-11-24,Grade 2,+18073897164,-
S07680,Ashley Houston,2012-02-09,Grade 2,+13752287720,434
S07681,Michelle Franco,2012-01-16,Grade 5,+14947022207,880
S07682,Michael Diaz,2010-02-16,Grade 4,-,-
S07683,David Velez,2008-04-24,Grade 2,+14753771166,-
S07684,Judy Lewis,2014-03-27,Grade 1,+18643549046,105
S07685,Michele Best,2010-05-01,Grade 2,+12164275856,-
S07686,Jonathan Rodriguez,2010-01-09,Grade 3,-,-
S07687,Spencer Avila,2011-03-04,Grade 5,+14557870768,-
S07688,Lauren Fritz,2011-07-13,Grade 4,+14042927795,6415
S07689,Noah Moore,2006-08-01,Grade 5,-,-
S07690,Kara Dunn,2011-02-16,Grade 2,+19064202283,-
S07691,Laurie Hicks,2015-09-28,Grade 5,+15093711508,45569
S07692,Virginia Williamson,2007-07-04,Grade 3,+16149518945,771
S07693,Thomas Taylor,2013-11-06,Grade 2,+19375034267,-
S07694,Becky Murphy,2006-08-20,Grade 2,+14326123236,7804
S07695,Hayley Phillips,2014-01-25,Grade 4,+17612226629,-
S07696,Donna Grimes,2009-10-08,Grade 3,+13643894189,-
S07697,Sara Hines,2012-08-23,Grade 5,+19628015522,361
S07698,Mary Ryan,2008-08-01,Grade 4,+14954240159,037
S07699,Mark Cruz,2010-10-30,Grade 3,+18554515266,-
S07700,Christine Rosario,2014-08-03,Grade 2,+13515731458,-
S07701,Michael Davis,2011-11-14,Grade 4,+18226211665,-
S07702,Morgan Moore,2010-04-16,Grade 1,+18719967954,-
S07703,Zachary Smith,2007-09-15,Grade 1,+15764788601,087
S07704,Deborah Mckee,2012-03-08,Grade 2,+19275863002,-
S07705,Brittany Reynolds,2017-04-17,Grade 1,+14533123445,673
S07706,Heather Shaw,2010-05-05,Grade 2,+17022176903,15713
S07707,Tara Hess,2010-01-20,Grade 4,+12129759173,4426
S07708,Nathan Matthews,2006-04-10,Grade 4,+12965001368,02017
S07709,Chad Henderson,2007-01-25,Grade 4,+17097500314,1755
S07710,David Olsen,2015-01-16,Grade 5,+12572480940,48674
S07711,James Carroll Jr.,2013-08-16,Grade 1,+17337789286,-
S07712,Brian Tate,2013-07-03,Grade 4,+12734948340,-
S07713,Kayla Martin,2007-07-07,Grade 2,+12612693010,93323
S07714,Andrew Simmons,2016-03-18,Grade 3,+12025727005,-
S07715,Cassandra Bowen,2014-10-01,Grade 5,+15893115444,616
S07716,Danielle Lopez,2017-04-20,Grade 1,+14167989418,-
S07717,Kathryn Paul,2007-01-20,Grade 2,+19567113605,941
S07718,Richard Thompson,2010-11-20,Grade 4,+17482774321,-
S07719,Margaret Perez,2011-12-14,Grade 2,+12948390984,62057
S07720,John Black,2017-01-31,Grade 5,+15434654415,324
S07721,Joshua Weeks,2009-05-18,Grade 3,+18204319757,-
S07722,Oscar Norris,2011-09-07,Grade 2,+12946621458,-
S07723,Derek Morris,2011-07-11,Grade 4,+13224702912,549
S07724,Fred Davis,2017-08-23,Grade 2,+15793108212,-
S07725,Samuel Walter,2014-04-02,Grade 5,+15174527295,7196
S07726,Christopher Campbell,2009-05-09,Grade 4,+12262348051,4018
S07727,Melanie Barber,2012-06-01,Grade 5,+14257737398,-
S07728,Joshua Weaver,2012-01-04,Grade 2,+13946989982,02955
S07729,Matthew Martin,2010-07-20,Grade 5,+12283559184,144
S07730,Jessica Nelson,2007-03-26,Grade 3,+12452258542,360
S07731,Michelle Sandoval,2006-07-03,Grade 4,+16774546479,-
S07732,Molly Burns,2011-02-14,Grade 2,+16968446259,-
S07733,Barry Ward,2017-07-03,Grade 2,+14922394217,62027
S07734,Jamie Woods,2012-06-11,Grade 3,+18644252628,99914
S07735,Ashley Snyder,2011-08-21,Grade 3,+18647234403,66447
S07736,Adam Taylor,2019-02-21,Grade 5,+19567398243,9275
S07737,Nicole Watson,2008-08-01,Grade 2,+12788685715,-
S07738,Timothy Jones,2012-08-17,Grade 1,+16426487863,674
S07739,Kathryn Perez,2010-10-11,Grade 1,+12878284959,0177
S07740,Ms. Laura Collins,2018-08-07,Grade 5,+14178250051,525
S07741,Kelly Sanders,2016-05-01,Grade 4,+19396620450,-
S07742,Lori Beck,2018-03-01,Grade 1,+16185431508,-
S07743,Mr. Robert Mcdowell Dvm,2015-07-20,Grade 3,+19315587726,1999
S07744,Amy Brady,2017-10-07,Grade 1,+18126987846,69495
S07745,Tina Gillespie,2010-04-12,Grade 2,+17632146249,-
S07746,Beth Davis,2018-06-17,Grade 5,+14242218806,-
S07747,Gail Brown,2014-12-07,Grade 4,-,-
S07748,Jeremy Ruiz,2008-01-28,Grade 3,+18815060594,-
S07749,Barry Willis,2008-08-29,Grade 2,+15634684672,-
S07750,Michele Wilson,2008-03-12,Grade 4,+15784644232,-
S07751,Vanessa Moran,2014-04-22,Grade 3,+18535309071,-
S07752,Eric Holmes,2014-07-18,Grade 5,+14887057217,-
S07753,Joseph Johnson,2006-03-11,Grade 2,+13262849194,-
S07754,Sharon Gutierrez,2013-07-03,Grade 4,+14964884749,-
S07755,Anita Mahoney,2006-07-07,Grade 1,+16352809484,2448
S07756,Ashley Soto,2017-07-16,Grade 1,+14764293369,3587
S07757,Thomas Hernandez,2013-10-24,Grade 3,+19668927759,-
S07758,Savannah Fitzpatrick,2012-07-18,Grade 4,+16627492751,302
S07759,Brenda Alvarado,2016-07-06,Grade 2,+17038116878,4265
S07760,Kimberly Rose,2009-06-05,Grade 4,+17906255386,2727
S07761,Carlos Rose,2008-07-29,Grade 2,+13599892877,36663
S07762,Tina Smith,2008-09-07,Grade 1,+18605651761,-
S07763,Heather Newton,2009-09-12,Grade 5,+13123544844,211
S07764,Margaret Hughes,2011-10-29,Grade 1,+19989872333,7581
S07765,Howard Mcgrath,2015-01-15,Grade 4,+17986014892,464
S07766,Laura Hudson,2008-12-12,Grade 4,+18658817200,-
S07767,Benjamin Brown,2017-11-06,Grade 5,+18688384169,961
S07768,Mary Jones,2008-04-14,Grade 5,+18134490430,-
S07769,Toni Johnson,2016-05-26,Grade 4,+18205138663,-
S07770,Kaylee Roberts,2014-12-01,Grade 4,+16435132832,18498
S07771,Charles Taylor,2007-11-16,Grade 5,+19026625347,-
S07772,Ronald Garcia,2014-08-14,Grade 1,+19049859771,50424
S07773,Angela Gilbert,2015-01-05,Grade 2,+12108610442,-
S07774,Amber Berg,2019-02-25,Grade 4,+19748335650,8650
S07775,Russell Anderson,2013-04-24,Grade 4,+17785239538,6603
S07776,Jason Campbell,2006-10-10,Grade 3,+15563155025,8399
S07777,Mr. Steven Harris Md,2017-08-12,Grade 5,+15564215414,8436
S07778,Andrew Fields,2010-04-04,Grade 3,+15856476202,259
S07779,Tamara Ramsey,2015-07-24,Grade 5,+12634694175,57967
S07780,Jerry Stewart,2012-07-26,Grade 4,+13885514014,-
S07781,Aaron Sullivan,2008-07-05,Grade 4,+12803984804,707
S07782,Priscilla Richardson,2015-04-10,Grade 5,+15012719476,2743
S07783,Lisa Harvey,2009-07-12,Grade 5,+16696835237,6931
S07784,Elizabeth Brown,2009-10-06,Grade 1,+15274233569,59016
S07785,Kristin Fernandez,2010-04-28,Grade 1,+16576505764,66647
S07786,Amber Lewis,2013-11-07,Grade 5,+12964984932,-
S07787,Amy Lee,2008-07-11,Grade 3,+12903828168,-
S07788,Charles Mckinney,2007-06-29,Grade 4,+15933977011,-
S07789,Nicholas Gray,2016-06-09,Grade 1,+14725974733,93338
S07790,Carrie Gibson,2010-11-02,Grade 1,+18249046818,3516
S07791,Julian Moore,2011-03-16,Grade 2,+15157405629,339
S07792,Christian Dawson,2010-06-08,Grade 4,+13992110187,835
S07793,Nicole Stone,2010-10-15,Grade 2,+13236487067,56385
S07794,Derrick Fleming,2013-06-24,Grade 2,+15578539284,-
S07795,Jesus Williams,2017-10-16,Grade 3,+15754974875,8962
S07796,Jesus Davis,2008-07-23,Grade 3,+19107771738,979
S07797,Juan Oneill,2008-03-22,Grade 1,+13372800447,74640
S07798,Amanda Rodriguez,2007-06-04,Grade 3,+15938902406,-
S07799,Terri Rose,2009-10-31,Grade 2,+19509868085,038
S07800,Edward Smith,2017-04-20,Grade 1,-,-
S07801,Debra Hood,2009-10-03,Grade 2,+18783667937,-
S07802,Lori Watts,2018-02-26,Grade 2,-,-
S07803,Kimberly May,2009-07-31,Grade 2,+14909243779,2911
S07804,Kathryn Clayton,2012-08-28,Grade 4,+19436077435,253
S07805,Richard King,2016-02-05,Grade 5,+16897797254,-
S07806,David Fisher,2015-04-30,Grade 3,-,-
S07807,Danielle Nelson,2011-09-10,Grade 5,+17935649350,-
S07808,Kristy Diaz,2017-08-31,Grade 5,-,-
S07809,Calvin Winters,2018-10-22,Grade 5,+16069367607,58874
S07810,Nicholas Sims,2011-09-27,Grade 4,+18554818888,-
S07811,Antonio Reese,2018-08-21,Grade 1,+13884541155,175
S07812,Paul Villegas,2010-06-12,Grade 3,+19639840911,7999
S07813,Scott Peters,2007-05-17,Grade 2,+15077059813,216
S07814,Marilyn Holloway,2008-09-25,Grade 5,+17167257858,-
S07815,Gary Waters,2007-02-27,Grade 2,+15749597664,-
S07816,Laura Wright Md,2014-07-02,Grade 4,+17798580081,337
S07817,Sierra Hodges,2013-01-24,Grade 4,+13573457934,-
S07818,Kathy Anderson,2009-01-24,Grade 3,+18933678049,-
S07819,Judith Smith,2014-02-26,Grade 3,+12425239005,-
S07820,Dr. Gabriel Jackson,2014-08-12,Grade 5,+18243455632,3891
S07821,Chelsey Odonnell,2016-03-05,Grade 2,+17888424314,-
S07822,John Ferguson,2018-09-16,Grade 1,+18295527261,8842
S07823,John Gonzales,2010-02-17,Grade 3,+15292496254,260
S07824,Daniel Hess,2012-04-04,Grade 5,+13726577522,126
S07825,Denise Alexander,2010-08-04,Grade 5,+18968589499,-
S07826,Leonard Summers Dds,2010-12-16,Grade 1,+13895947058,877
S07827,Leah Powers,2007-07-18,Grade 2,+15013519771,-
S07828,William Flores,2010-10-25,Grade 3,+17997661494,012
S07829,Juan Young,2018-05-30,Grade 2,+18437070176,356
S07830,John Harrison,2018-06-07,Grade 3,+15649649313,-
S07831,Rebecca Whitehead,2014-06-08,Grade 1,+14349947089,154
S07832,Alexa Cohen,2011-01-31,Grade 3,+15052963207,16753
S07833,George Merritt,2016-08-29,Grade 3,+15385609575,7193
S07834,Rebecca Peck,2012-11-30,Grade 5,+15805374328,-
S07835,Laura Wheeler,2007-10-29,Grade 2,+18747025415,800
S07836,Brian Perez,2018-10-20,Grade 4,+14474983464,20800
S07837,Christine Kennedy,2009-11-11,Grade 3,+19673504983,1271
S07838,Valerie Kelley,2017-09-10,Grade 4,+19219787781,-
S07839,Evelyn Williams,2006-12-01,Grade 3,+12029340030,-
S07840,Blake Cantu,2015-12-28,Grade 1,+15489271864,78489
S07841,Austin Lewis,2007-11-28,Grade 5,+18594390794,-
S07842,Rita Bradley,2017-04-08,Grade 1,+13095831893,-
S07843,Jacob Kelley,2017-11-24,Grade 4,+19675269906,21770
S07844,Mr. Carl Burns,2008-05-03,Grade 4,+14527621699,05092
S07845,Tyler Suarez,2019-02-28,Grade 4,+13126565132,-
S07846,Elijah Evans,2012-09-27,Grade 5,+14264707061,10693
S07847,Megan Gutierrez,2018-05-31,Grade 1,+15892330022,-
S07848,Brandi Mcdonald,2013-08-15,Grade 2,+14323302217,1383
S07849,Matthew Roth,2012-09-16,Grade 1,+19122592716,-
S07850,Judy Hernandez,2008-01-16,Grade 3,+18825143173,143
S07851,Kevin Clark,2006-07-18,Grade 1,+13983017178,52830
S07852,Clifford Smith,2015-02-21,Grade 2,+19442183295,0701
S07853,Debra Mclaughlin,2017-12-31,Grade 1,+15239403690,-
S07854,Renee Valenzuela,2015-01-15,Grade 2,+17574032808,140
S07855,Jesse Garrett,2017-10-04,Grade 2,+19652291508,90134
S07856,Sandra Blanchard,2015-01-20,Grade 3,+17169906784,31161
S07857,Wesley Holland,2010-09-20,Grade 5,+13525523071,-
S07858,Bailey Morris,2008-03-22,Grade 4,+17037607366,7636
S07859,Katie Manning,2007-02-22,Grade 2,-,-
S07860,Michele Newman,2015-01-29,Grade 5,-,-
S07861,Lindsey Mcclure,2013-07-08,Grade 3,+12882461917,050
S07862,Jessica Hancock,2007-04-09,Grade 2,+13367779888,9048
S07863,Mckenzie Davis,2014-12-29,Grade 3,+16659845069,80088
S07864,Rachel Johnson,2012-05-22,Grade 4,-,-
S07865,Victoria Bryan,2006-04-05,Grade 3,+14749598531,91651
S07866,Cassandra White,2007-05-20,Grade 4,-,-
S07867,Sandra Sandoval,2007-12-08,Grade 3,+13375988120,22602
S07868,Beth Taylor,2009-11-03,Grade 5,+15779015160,-
S07869,Maria Ashley,2012-08-22,Grade 3,+19932283558,-
S07870,Andrew Green,2017-02-20,Grade 2,+16357111479,6500
S07871,Michelle Cunningham,2010-10-19,Grade 5,+12164510574,-
S07872,Tara Lee,2015-07-10,Grade 5,+13305165880,4871
S07873,Rebecca Warren,2014-09-05,Grade 3,+16126759627,208
S07874,Sylvia Little,2006-06-08,Grade 3,+13123004723,83855
S07875,Raymond Johnson,2015-12-30,Grade 1,+13093671089,-
S07876,Faith Thornton,2015-04-01,Grade 3,+14459375367,-
S07877,Beth Davis,2015-05-15,Grade 4,+14093612015,09393
S07878,Heather Sherman,2012-08-21,Grade 4,+13546124365,-
S07879,Ian Brown,2008-10-11,Grade 1,+19063809307,-
S07880,Javier Obrien,2007-08-26,Grade 3,+17485820856,-
S07881,Sarah Williams,2006-12-30,Grade 4,+17274791092,-
S07882,David Lindsey,2006-05-12,Grade 1,+15233309358,8310
S07883,Ashley Knapp,2008-03-27,Grade 5,+16314495860,692
S07884,William Mcintosh,2007-06-19,Grade 1,+13647158648,32368
S07885,Carolyn Rose,2013-04-28,Grade 4,+12016065990,-
S07886,Amanda Figueroa,2011-08-04,Grade 2,+14719305986,357
S07887,Eric Spencer,2014-12-06,Grade 5,+16075608447,941
S07888,Leah Murphy,2015-11-19,Grade 2,+15415939407,24872
S07889,Carolyn Stephens,2010-06-28,Grade 5,+19579546130,7867
S07890,Michael Sims,2009-09-21,Grade 3,+16686256995,-
S07891,Trevor Martin,2009-07-06,Grade 4,+15487601720,-
S07892,Ray Navarro,2010-03-12,Grade 2,+16246583458,9654
S07893,Robert Martinez,2008-12-06,Grade 3,+17105504764,-
S07894,Raymond Bautista,2015-01-29,Grade 3,+17385057836,-
S07895,James Henry,2011-05-31,Grade 1,+15257239323,6135
S07896,Karen Rhodes,2014-01-10,Grade 3,+19554148386,-
S07897,Andrew Gomez,2012-11-17,Grade 4,+17018609084,416
S07898,Casey Smith,2015-07-28,Grade 4,+17568620022,-
S07899,Jennifer Hubbard,2011-12-17,Grade 2,+16687951285,-
S07900,Megan Lee,2013-01-15,Grade 5,+19017865029,187
S07901,Mary Jarvis,2016-01-27,Grade 5,+18518551852,-
S07902,Sean Davis,2018-02-01,Grade 3,+17784277263,-
S07903,Jeffery Kidd,2010-03-19,Grade 5,+16882210880,15071
S07904,Luis Henderson,2017-02-23,Grade 5,+16234492452,-
S07905,Michelle Watkins,2006-03-17,Grade 5,+19693545079,707
S07906,Anthony Mason,2014-07-04,Grade 1,+19125518772,4687
S07907,Luis Blair,2016-11-16,Grade 1,+18175068392,-
S07908,Tamara Mclaughlin,2006-12-15,Grade 5,+17415375868,-
S07909,Jeffrey Jones,2006-06-25,Grade 5,+19505074459,-
S07910,James Molina,2019-01-28,Grade 5,+18812875551,50264
S07911,Erica Smith,2009-12-07,Grade 3,+18062134527,-
S07912,Jason Mosley,2016-01-21,Grade 2,-,-
S07913,Carrie Warren,2017-01-18,Grade 2,+14907461588,6759
S07914,Ryan Smith,2009-05-28,Grade 1,+19914740586,73693
S07915,David Manning,2011-03-08,Grade 5,+14503993339,-
S07916,Cheryl Stone,2012-09-22,Grade 4,-,-
S07917,Lauren Hale,2007-11-21,Grade 3,+16037436993,6313
S07918,Katie Scott,2015-03-27,Grade 1,+17658875743,-
S07919,Andrea Rhodes,2011-10-17,Grade 1,+16655992406,9097
S07920,Susan Smith,2008-05-17,Grade 2,+13257047601,-
S07921,Denise Bennett,2007-03-04,Grade 5,+12222776559,-
S07922,Erik Thomas,2007-08-18,Grade 4,-,-
S07923,Rachel Mccoy,2015-09-10,Grade 2,+15162175681,299
S07924,Ms. Crystal Wells Dds,2006-05-25,Grade 3,+14623742424,-
S07925,Stacy Terry,2011-12-08,Grade 4,+19117811882,-
S07926,Joseph Weaver,2010-12-10,Grade 3,+18252396529,-
S07927,Curtis Carter,2012-03-04,Grade 3,+15544777345,713
S07928,Wanda Logan,2015-09-07,Grade 2,+18385251652,-
S07929,Cody Reynolds,2008-08-28,Grade 4,+17324268590,3629
S07930,David Anderson,2009-01-27,Grade 1,+13609021555,989
S07931,David Barnes,2012-01-01,Grade 4,+14537681383,11717
S07932,Eric Haley,2008-06-12,Grade 1,-,-
S07933,Brandy Alexander,2017-11-09,Grade 4,+13598096219,-
S07934,Rebecca Richardson,2016-04-19,Grade 4,+12978829702,-
S07935,Daniel Vaughan,2014-11-29,Grade 3,+12114958497,117
S07936,Pamela Dalton,2012-01-27,Grade 5,+17669819788,-
S07937,John Marks,2007-04-11,Grade 2,+12543070797,4263
S07938,Kristin Nicholson,2014-01-01,Grade 4,+16429923747,430
S07939,James Hansen,2006-05-01,Grade 2,+19744193760,-
S07940,Robert Hayes,2009-03-23,Grade 1,+18649815549,4250
S07941,Shannon Espinoza,2011-12-09,Grade 3,+12756281021,21321
S07942,Michelle Walters,2009-09-24,Grade 4,+18794013991,-
S07943,Elizabeth Burns,2012-09-01,Grade 4,+17857429994,766
S07944,Erin Ramos,2013-12-02,Grade 4,+16436535435,037
S07945,Stephanie Ortiz,2006-10-04,Grade 2,+14053937056,4508
S07946,Steve Brown,2012-05-12,Grade 2,+17292569550,-
S07947,James Dyer,2009-12-06,Grade 2,+12936430090,-
S07948,Lori Martin,2012-08-08,Grade 3,+17605706424,09605
S07949,Joshua Cox,2006-04-22,Grade 2,+12545685341,-
S07950,Susan Vaughn,2018-05-28,Grade 5,+17769209326,-
S07951,Joseph Jackson,2011-03-09,Grade 4,+14478565158,669
S07952,Elizabeth Gomez,2017-10-31,Grade 5,+12537533563,389
S07953,Omar Sawyer,2016-12-20,Grade 3,+13587604919,77453
S07954,Leroy Harris,2017-03-23,Grade 1,+16234510807,-
S07955,Karen Thompson,2016-08-06,Grade 5,+15352928046,33976
S07956,Cynthia White,2016-04-08,Grade 3,+14163284272,-
S07957,Kevin Lopez,2010-04-16,Grade 5,+15295126990,517
S07958,Timothy Nelson,2014-05-22,Grade 4,+15383268570,72190
S07959,Curtis Mcbride,2018-07-26,Grade 2,+16705369535,-
S07960,Steven Hughes,2008-02-06,Grade 1,+19348618312,31947
S07961,Tony Kennedy,2018-11-17,Grade 4,+12179923220,-
S07962,Travis White,2016-08-07,Grade 1,+19939224861,-
S07963,Joseph Rose,2016-12-15,Grade 3,+17912437519,-
S07964,Dominic Collier,2010-08-28,Grade 4,+16055802898,200
S07965,Sara Rivera,2016-05-22,Grade 4,+12303020258,52286
S07966,Bonnie White,2008-12-24,Grade 1,+13217575109,-
S07967,Russell Bryant,2008-07-05,Grade 1,+19116232437,262
S07968,Jerry Mcgrath,2012-12-11,Grade 2,+15688131010,8681
S07969,Brittany Johnson,2018-05-20,Grade 3,+14806520423,-
S07970,Jeff Villa Jr.,2008-12-07,Grade 1,+19538641197,320
S07971,Karen Coleman,2006-09-25,Grade 3,+13796694582,8488
S07972,John Miller,2007-12-10,Grade 3,+13974538898,35852
S07973,Vanessa Rich,2015-01-06,Grade 4,+15356586552,-
S07974,Brian Deleon,2012-04-08,Grade 2,+18338111438,-
S07975,Jennifer Scott,2015-03-11,Grade 4,+12949127009,-
S07976,Fred Perez,2010-02-10,Grade 1,+12516326269,5589
S07977,Dawn Marquez,2010-09-08,Grade 5,+12108079647,476
S07978,Taylor Robinson,2012-05-07,Grade 5,+16517220195,9396
S07979,Kathryn Clayton,2013-06-15,Grade 2,+15752934289,-
S07980,Michael Ray,2011-08-29,Grade 5,+18917526034,-
S07981,Danielle Dixon,2011-09-27,Grade 4,+18068880636,-
S07982,Jose Nguyen,2013-07-22,Grade 3,-,-
S07983,Alexandra Velasquez,2009-09-30,Grade 2,-,-
S07984,Mrs. Alyssa Rice Dds,2008-01-17,Grade 3,+16538450175,188
S07985,Jeffrey Jones,2016-09-27,Grade 3,+13867832567,-
S07986,Selena Weber,2012-12-23,Grade 5,+19137175224,1589
S07987,Deborah Williams,2017-03-19,Grade 1,+17925912513,-
S07988,Jeffrey Wallace,2010-12-30,Grade 3,+17743341373,50366
S07989,William Graham,2015-05-16,Grade 4,-,-
S07990,Sarah Graham,2015-07-24,Grade 1,+19298555171,9593
S07991,Annette Morrison,2013-10-23,Grade 1,+19334416507,-
S07992,Sheena Williams,2014-02-04,Grade 3,+14737485860,6205
S07993,Derek Alexander,2009-08-03,Grade 4,+19089185081,657
S07994,Matthew Robinson,2016-10-31,Grade 3,+12745718395,5188
S07995,Christina Day,2007-05-31,Grade 3,+17539213717,-
S07996,Angela Dixon,2011-05-09,Grade 2,+14099164902,1963
S07997,Dennis Bowers,2010-04-18,Grade 2,+18596089823,653
S07998,Pamela Watson,2011-09-05,Grade 4,+19119487314,95380
S07999,Dylan Sloan,2018-10-28,Grade 3,+18534510922,66294
S08000,Ernest Henson,2011-08-23,Grade 3,+18484338025,-
S08001,Stacey Anderson,2017-08-01,Grade 5,+13387870558,4114
S08002,Amanda Miller,2008-07-25,Grade 3,+15755090246,54084
S08003,Robert Guerra,2018-01-06,Grade 2,+13337725128,-
S08004,Rhonda White,2007-10-31,Grade 5,+18947850316,-
S08005,Craig Turner,2016-05-27,Grade 5,+19368387945,6288
S08006,Timothy Kirk,2014-09-21,Grade 3,-,-
S08007,Donald Fry,2018-12-27,Grade 2,+14088268574,4017
S08008,Michael Contreras,2014-07-22,Grade 4,+14242778096,-
S08009,Heather Evans,2016-11-05,Grade 5,+13682949702,-
S08010,Jennifer Johnson,2012-05-02,Grade 1,+13917988085,-
S08011,Jonathan Savage,2009-07-28,Grade 1,+16517547832,-
S08012,Timothy Lutz Md,2011-09-14,Grade 2,+13902970420,05000
S08013,Kristie Lopez,2015-11-04,Grade 5,+13953478685,-
S08014,Andrew Anthony,2008-10-30,Grade 5,+12496962728,2449
S08015,Brittney Perez,2007-09-02,Grade 1,+19509669616,-
S08016,Ryan Park,2011-12-03,Grade 4,+15825016550,2907
S08017,Katie Hayes,2010-06-08,Grade 2,+14573478425,131
S08018,Samantha Walls,2012-07-20,Grade 3,+18204980737,-
S08019,Lisa Johnson,2011-06-02,Grade 1,+15894625442,757
S08020,Patrick King,2012-05-01,Grade 4,-,-
S08021,Dr. Tracy Fleming,2013-05-02,Grade 4,+14342724327,9289
S08022,Alexis Bentley,2011-03-28,Grade 1,+13268679271,60718
S08023,Brianna Ayala,2012-09-29,Grade 1,+13125223467,733
S08024,Darren Hawkins,2017-02-16,Grade 3,+16023225577,49488
S08025,Sean Hudson,2013-08-18,Grade 1,+18649398732,0531
S08026,Mandy Rocha,2017-09-04,Grade 5,+19797861258,7554
S08027,Dustin Alexander,2011-01-05,Grade 1,+14308659010,-
S08028,Alexandra Reynolds,2008-06-18,Grade 5,+12504650447,-
S08029,Matthew Sullivan,2008-10-11,Grade 2,+14574530461,-
S08030,Zachary Hernandez,2011-08-28,Grade 5,+19476016278,4527
S08031,Anne Jackson,2007-02-04,Grade 3,+15903648667,515
S08032,Kimberly Dillon,2015-03-18,Grade 3,+16269613769,1673
S08033,Carla Lopez,2012-08-28,Grade 4,+15182886073,67080
S08034,Lee Chen,2017-02-07,Grade 2,+18018858938,6080
S08035,Andrew Fowler,2015-08-08,Grade 1,+14629015778,996
S08036,Robin Hernandez,2016-05-23,Grade 5,+13975162020,17667
S08037,Randy Shelton,2017-04-17,Grade 1,+15928676443,-
S08038,Dylan Howell,2013-03-15,Grade 3,+13165363316,-
S08039,Misty Drake,2009-04-12,Grade 4,+12337117185,-
S08040,Derek Pratt,2007-07-19,Grade 3,+16098742497,-
S08041,Kayla Bowers,2013-06-17,Grade 2,+12959908452,27363
S08042,Catherine Golden,2016-02-17,Grade 2,+15979003088,-
S08043,Robert Ray,2009-10-12,Grade 4,+19277273419,5231
S08044,Peter Hernandez,2010-08-24,Grade 5,+14829766765,97760
S08045,Destiny Baker,2018-05-30,Grade 5,+19016175885,39271
S08046,Dr. Kelly Howell,2017-11-19,Grade 4,+13348479466,-
S08047,William Castillo,2016-06-04,Grade 4,+19306389460,-
S08048,Savannah Moreno,2013-02-24,Grade 3,+14335994611,-
S08049,Kristen Cooper,2015-03-08,Grade 1,+17973594218,202
S08050,Emma Smith,2008-06-18,Grade 1,+18833461442,07222
S08051,Leslie Johnson,2009-05-28,Grade 4,+16179330832,865
S08052,Amy Reid,2011-02-14,Grade 5,+15959936567,-
S08053,Juan Vargas,2015-03-29,Grade 4,-,-
S08054,Nicholas Allen Dds,2012-07-07,Grade 1,+16396367770,025
S08055,William Calderon,2011-11-09,Grade 3,+14428114730,-
S08056,Jacob Vaughn,2016-06-14,Grade 1,+19329739147,437
S08057,Justin Lopez,2014-04-07,Grade 2,+13812191513,-
S08058,Donald Ramsey,2011-12-12,Grade 1,+17923113111,-
S08059,Cathy Howard,2006-04-27,Grade 4,+18452155411,1591
S08060,Martin Reynolds,2010-10-27,Grade 3,+15392157658,52988
S08061,Devin Jackson,2013-05-13,Grade 1,+19218006286,-
S08062,Angela Mason,2018-06-07,Grade 3,+17975789968,-
S08063,Larry Lloyd,2017-10-16,Grade 5,+17233589950,6780
S08064,Joseph Wilkerson,2017-04-08,Grade 4,+17822468162,42429
S08065,Deborah Anderson,2013-07-27,Grade 5,+13385536505,5866
S08066,Megan Pratt,2008-09-26,Grade 2,+13928301840,087
S08067,Amy Phelps,2009-02-16,Grade 4,+12023592118,-
S08068,Joshua James,2011-01-06,Grade 2,+18793790923,3194
S08069,Jordan Guzman,2018-08-18,Grade 5,+18703699723,4292
S08070,Joseph Hamilton,2017-04-20,Grade 2,+15734826796,-
S08071,Gerald Olson,2014-05-31,Grade 5,+13687185751,-
S08072,Kylie Faulkner,2011-09-03,Grade 3,+13489234511,-
S08073,Laurie Terry,2010-12-21,Grade 1,+16637336342,134
S08074,Charlene Reyes,2009-09-27,Grade 4,+14469664470,312
S08075,Steven Friedman,2015-06-12,Grade 2,+12615677735,-
S08076,Mr. Christian Reynolds Phd,2008-08-02,Grade 3,+15805271794,8329
S08077,Derek Roth,2012-03-05,Grade 1,+18259024379,79137
S08078,Tara Stone Md,2018-10-19,Grade 1,+18924635993,-
S08079,Stephen Johnson,2009-02-26,Grade 1,+16207463170,-
S08080,Sarah Patrick,2010-08-22,Grade 3,+17142963704,-
S08081,Laurie Alvarado,2012-04-28,Grade 2,+18682200320,2960
S08082,Monica Pittman,2015-08-29,Grade 4,+18517237650,065
S08083,Angela Cummings,2017-09-19,Grade 2,+13983467935,-
S08084,Erik Hunt,2011-04-28,Grade 3,-,-
S08085,Brandi Solomon,2010-04-30,Grade 1,+18299460572,-
S08086,Tricia Goodwin,2018-03-13,Grade 4,+13958318104,-
S08087,Caitlin Burgess,2006-12-22,Grade 5,+15773182432,-
S08088,Nicholas Parks,2016-02-13,Grade 4,+16097093058,-
S08089,Daniel Dickerson,2015-02-01,Grade 4,+15819664197,6941
S08090,Madison Bradford,2008-10-17,Grade 3,+13619724469,3664
S08091,Heather Smith,2011-07-09,Grade 5,+19887587188,4655
S08092,Ann Munoz,2012-03-23,Grade 4,+13188289526,-
S08093,Mckenzie Avila,2013-02-25,Grade 2,+12812799660,-
S08094,Alicia Smith,2007-10-25,Grade 3,+18967101672,186
S08095,David Ball,2006-11-18,Grade 3,+19842583275,662
S08096,Lori Fuller,2011-10-22,Grade 4,+13907139615,3393
S08097,Lauren Gardner,2017-04-09,Grade 3,+18895427082,0445
S08098,Timothy Mclaughlin,2008-11-17,Grade 4,+19722519880,-
S08099,Kaylee Smith,2014-10-05,Grade 3,+14313944604,15316
S08100,Michael Sweeney,2007-05-09,Grade 2,+15888953012,2908
S08101,Valerie Fischer,2013-10-24,Grade 5,+14914333929,-
S08102,Carlos Phelps,2015-04-09,Grade 2,+16188596528,-
S08103,Andrea Vega,2018-10-06,Grade 5,-,-
S08104,Crystal Goodwin,2010-10-03,Grade 2,+16324544128,5689
S08105,Larry Rodriguez,2012-01-05,Grade 1,+14105359401,-
S08106,Michael Morris,2010-01-17,Grade 2,+15564704581,-
S08107,Amanda Jackson,2007-08-11,Grade 4,+16198166417,243
S08108,Kimberly Dickson,2015-06-06,Grade 3,+15149462561,782
S08109,Daniel Scott,2014-03-01,Grade 4,+12058852476,64646
S08110,Timothy Salinas,2009-12-13,Grade 4,+19892730154,2956
S08111,Michael Lindsey,2009-05-19,Grade 4,+15734986617,30612
S08112,Katherine Mcdaniel,2018-12-24,Grade 1,+18732382532,-
S08113,Emily Sandoval,2011-12-27,Grade 3,+17845362730,-
S08114,Judy Johnson Dds,2009-08-26,Grade 4,+18617070317,160
S08115,Jared Chen,2017-02-22,Grade 5,+17969332509,088
S08116,Gabriella Davis,2014-11-07,Grade 3,+13258632230,916
S08117,Jessica Johnson,2010-04-20,Grade 3,+14676549782,-
S08118,David Berry,2007-04-24,Grade 3,+19696463539,5018
S08119,Douglas Rodriguez,2010-11-11,Grade 4,+16873559974,1442
S08120,Michael Morris,2010-06-06,Grade 2,+13277642905,-
S08121,Timothy Andrews,2008-11-04,Grade 2,+14978271714,-
S08122,Derek Garcia,2018-09-17,Grade 5,+12542754213,-
S08123,Michelle Smith,2017-09-12,Grade 4,+14668766252,3765
S08124,Nancy Hayes,2009-10-23,Grade 4,+15274522105,571
S08125,Gary Jackson,2006-07-29,Grade 5,+14375475962,-
S08126,Christopher Walker,2016-05-17,Grade 5,+18915005401,334
S08127,Margaret Barajas,2006-07-14,Grade 3,+12556056392,-
S08128,Kelly Harris,2014-04-25,Grade 3,+19153669484,-
S08129,Robert Evans,2017-02-16,Grade 1,+14474050826,-
S08130,Regina Kidd,2016-02-20,Grade 1,+17224901256,-
S08131,Dustin Walker,2014-11-28,Grade 3,+16124899069,-
S08132,Amanda Cunningham,2012-09-18,Grade 2,+14882519950,198
S08133,Patrick Carter,2014-07-20,Grade 2,+19316808926,6601
S08134,Jody Castro,2010-02-22,Grade 3,+18304503126,171
S08135,Nicholas Watson,2017-07-09,Grade 5,+13663471373,-
S08136,Megan Watson,2015-07-12,Grade 3,+14658624064,85605
S08137,Patrick Jackson,2017-02-22,Grade 4,+19936095391,71989
S08138,Ann Murphy,2015-11-29,Grade 4,+13449047253,4464
S08139,Austin Kim,2016-06-15,Grade 4,+18319748145,08682
S08140,Andrew Richard,2014-06-17,Grade 1,+19043868940,-
S08141,Peter Thompson,2007-07-17,Grade 5,+12012678409,-
S08142,Elizabeth Campos,2017-10-25,Grade 3,-,-
S08143,David Johnson,2015-04-07,Grade 5,+12458931858,-
S08144,Dana Sloan,2018-04-27,Grade 1,+18662651692,0317
S08145,Stephanie Davis,2013-02-16,Grade 2,+12838889919,25844
S08146,Daniel Meyer,2015-08-08,Grade 2,+18342672098,52508
S08147,Kristin Martin,2011-10-21,Grade 3,+19168198157,9450
S08148,William Gonzales,2018-03-03,Grade 3,+19813388951,60687
S08149,Matthew Lambert,2013-08-02,Grade 2,+17616367851,-
S08150,Jessica Terry,2013-10-31,Grade 3,+16428580588,054
S08151,Anthony Russell,2012-12-21,Grade 3,+17208114323,43159
S08152,Sandy Taylor,2014-01-26,Grade 2,+16034440699,6180
S08153,Mr. Larry Callahan,2014-12-31,Grade 1,+18817123473,-
S08154,Regina Moore,2009-11-14,Grade 2,+16276780585,-
S08155,Rachel Todd,2017-09-29,Grade 2,+16299321406,5758
S08156,Kelly Jackson Dvm,2017-11-01,Grade 2,-,-
S08157,Craig Ramsey,2007-09-16,Grade 5,+16906174795,0522
S08158,Dr. Margaret Taylor Md,2007-01-01,Grade 3,+14444899733,-
S08159,Emily Wilson,2015-10-06,Grade 3,+16113752176,9404
S08160,Steven Rollins,2017-08-28,Grade 2,+13813211912,709
S08161,William Anderson,2010-12-09,Grade 5,+17049947015,928
S08162,Justin Thompson,2012-04-30,Grade 3,+15365077816,-
S08163,Stephen Dunn,2007-04-17,Grade 2,-,-
S08164,Robin Trujillo,2006-09-20,Grade 2,+18895983204,139
S08165,Larry Gonzalez,2018-03-09,Grade 5,+12913489477,-
S08166,Melissa Stevens,2007-01-27,Grade 3,+15374345962,2992
S08167,Ronald Thomas,2017-08-01,Grade 3,+13819641684,372
S08168,Steven Green,2011-09-01,Grade 4,+14348113383,25198
S08169,Laurie Mullen,2013-07-22,Grade 2,+19803791476,-
S08170,Deborah Vaughn,2013-05-31,Grade 2,+14538956433,77932
S08171,Richard Payne,2011-01-09,Grade 5,+15455709011,-
S08172,James Smith,2013-04-07,Grade 2,+12967875245,1955
S08173,Justin Tate,2007-09-27,Grade 4,+12205044988,4121
S08174,Jeremy Santos,2008-11-25,Grade 5,+19883554675,2422
S08175,Grant Martinez,2009-11-06,Grade 4,+16928498242,-
S08176,Stephen Garcia,2016-07-29,Grade 2,+14398138836,8504
S08177,Derek Austin,2012-09-28,Grade 5,+13605135197,88398
S08178,Angelica Elliott,2016-09-18,Grade 5,+17746760565,-
S08179,Roy Edwards,2008-10-27,Grade 5,+18935779107,215
S08180,Kendra Castillo,2016-06-23,Grade 4,+18906730322,-
S08181,John Rivera,2009-04-11,Grade 5,+19275607176,291
S08182,Chad Turner,2008-08-18,Grade 2,+15115384992,07980
S08183,Charles Cardenas,2008-11-18,Grade 3,+16805176949,67257
S08184,Nancy Foster,2018-10-19,Grade 5,+15767638150,1124
S08185,Natalie Church,2009-12-14,Grade 3,+18089893162,6086
S08186,Donna Peterson,2012-10-03,Grade 3,+18677712814,-
S08187,Sylvia Barajas,2012-12-12,Grade 4,+14985654518,693
S08188,Edward Phillips,2013-03-18,Grade 3,+16566789512,4965
S08189,Tina Wheeler,2013-06-06,Grade 4,+15552371947,-
S08190,Jacob Stanley,2016-05-05,Grade 1,+13523679419,0849
S08191,Miss Heather Robinson Dvm,2018-10-18,Grade 4,+15734267589,-
S08192,Megan Williams,2009-01-08,Grade 2,+13909518448,891
S08193,Janice Lutz Md,2018-07-10,Grade 3,+12335999850,160
S08194,Rebecca Salinas,2010-04-20,Grade 4,+16553619643,45664
S08195,Thomas Gonzalez,2008-02-24,Grade 3,+17807184516,8641
S08196,Susan Gray,2017-11-28,Grade 4,+12215683624,950
S08197,Christopher Beck,2018-02-11,Grade 4,-,-
S08198,Michelle Sanchez,2017-01-24,Grade 2,+16399413771,49490
S08199,Matthew Schneider,2006-07-13,Grade 4,+15353483431,-
S08200,Timothy Cunningham,2018-07-25,Grade 1,+14224094595,513
S08201,Jennifer Spencer,2013-10-15,Grade 4,+17684312420,-
S08202,Jacqueline Miller,2006-09-18,Grade 1,+15966146636,7093
S08203,Michelle Mcdonald,2018-05-23,Grade 1,+15444022573,858
S08204,Roy Martinez,2011-05-07,Grade 5,+13118692829,-
S08205,Larry Patterson,2006-10-15,Grade 5,+18994007263,-
S08206,Dustin Phillips,2017-04-17,Grade 2,+13952634392,217
S08207,Maria Clark,2010-05-04,Grade 2,+17434497231,66528
S08208,Ralph Gray,2013-05-03,Grade 4,-,-
S08209,Rhonda Scott,2006-12-08,Grade 2,+14325121141,341
S08210,Seth Campos,2018-11-12,Grade 4,+14642192369,00533
S08211,Martin Barron,2011-01-20,Grade 4,+14294841165,-
S08212,Kathleen Sanchez,2006-11-26,Grade 1,+12988468486,-
S08213,Madeline Brandt,2008-12-26,Grade 4,+12457555439,-
S08214,David Miller,2011-05-10,Grade 3,+14145458168,-
S08215,Justin Lowe,2016-07-04,Grade 2,+15253345541,33065
S08216,Richard Montgomery,2008-10-14,Grade 4,-,-
S08217,Robin Boyd,2015-08-06,Grade 2,+14485116084,0650
S08218,Ashley Miller,2010-09-28,Grade 4,+19044930382,056
S08219,Samantha Austin,2012-02-22,Grade 3,+12963877364,93366
S08220,Roger Wilson,2007-01-24,Grade 2,+19889856381,-
S08221,Taylor Nicholson,2013-12-07,Grade 4,+15516105109,-
S08222,Sherri Hunter,2012-08-24,Grade 5,-,-
S08223,Courtney Rodgers,2009-04-09,Grade 3,+14967989624,-
S08224,Jesus Robertson,2007-07-15,Grade 2,+17328513142,-
S08225,James Miller,2010-10-14,Grade 5,+12204257252,66152
S08226,Chris Carter,2016-05-08,Grade 4,+17555835942,795
S08227,Miranda Carter,2008-09-03,Grade 3,+13925624983,-
S08228,Ana Baxter,2014-02-24,Grade 4,+17203589802,8038
S08229,Steven Barnes,2017-05-22,Grade 3,+13053899060,-
S08230,Brett Hooper,2010-07-19,Grade 1,+18179889954,8536
S08231,Tamara Ewing,2016-09-10,Grade 5,+14023879052,9710
S08232,Lisa Whitaker,2009-05-12,Grade 1,+19523190636,30640
S08233,William Snyder,2008-12-09,Grade 1,+15922164443,7532
S08234,Albert Brown,2009-10-24,Grade 1,-,-
S08235,David Wilson,2014-07-24,Grade 4,+16264046883,-
S08236,Pamela Ramsey,2017-06-07,Grade 2,+16132896119,63860
S08237,Juan Snyder,2012-01-13,Grade 4,+12596539967,237
S08238,Terrance Moreno,2013-10-11,Grade 3,+13603644393,3231
S08239,Michael Mejia,2017-09-17,Grade 2,+17587252186,40179
S08240,Samuel Cordova,2008-03-23,Grade 5,+13824397597,-
S08241,David Sanders,2017-10-07,Grade 2,+14026971060,-
S08242,David Fisher,2008-08-11,Grade 1,+18826967892,-
S08243,Melissa Pittman,2012-02-28,Grade 3,+19537921181,-
S08244,Christine Arroyo,2008-02-07,Grade 2,+13095860666,-
S08245,Austin Harrison,2009-09-03,Grade 3,+18332991881,0647
S08246,Michael Wood,2006-04-20,Grade 5,+18413549926,-
S08247,Thomas Cunningham,2012-03-06,Grade 3,+17866339821,-
S08248,Samuel Rodriguez,2011-06-10,Grade 4,+16615663706,683
S08249,Eugene Morris,2018-10-24,Grade 4,+19325044833,337
S08250,Candice Christian,2014-04-26,Grade 5,+13313659840,6113
S08251,John Young,2013-12-08,Grade 3,+13899120607,-
S08252,Kayla Robles,2014-03-09,Grade 4,+14612487209,070
S08253,Ms. Tracy Sanchez Md,2008-10-02,Grade 3,+15838966054,-
S08254,Robert Jones,2012-08-28,Grade 5,+16825362008,-
S08255,Ashley Caldwell,2014-12-17,Grade 1,+19453759661,89429
S08256,Kayla Benton,2017-02-24,Grade 3,+19019954944,746
S08257,William Hobbs,2015-12-21,Grade 4,+19584828865,-
S08258,Brooke Molina,2009-12-25,Grade 2,+16359216780,-
S08259,Yvonne Stephens,2007-08-08,Grade 2,+12818943989,8510
S08260,Patrick Rodriguez,2018-12-21,Grade 5,+15477940338,-
S08261,Kelly Sandoval,2010-10-27,Grade 5,+14108009418,6488
S08262,Wendy Cantu,2015-09-07,Grade 3,-,-
S08263,Heather Jackson,2012-04-25,Grade 4,+18862673526,-
S08264,Matthew Reeves,2010-05-19,Grade 3,+14327448810,257
S08265,Mark Elliott Ii,2007-12-17,Grade 4,+15925488035,-
S08266,Nicholas Lewis,2014-01-17,Grade 2,+14758011169,1007
S08267,Alexander Moss,2018-10-25,Grade 5,+12225215587,61901
S08268,Jacob Sullivan,2008-02-04,Grade 3,+16624341653,6717
S08269,Diana Murphy,2015-09-09,Grade 1,+19288599516,825
S08270,Dylan Pena,2010-06-13,Grade 1,+12143868326,65510
S08271,Joseph Rodriguez Dds,2007-11-25,Grade 5,+16867063109,38651
S08272,Laura Evans,2010-09-10,Grade 4,+14716419511,01200
S08273,Tammy Johnson,2007-05-11,Grade 2,+17828045200,50182
S08274,Joseph Ellis,2013-02-25,Grade 4,+17434511103,-
S08275,Stephanie Beltran,2015-08-28,Grade 5,+18472912307,-
S08276,David Powell,2014-05-07,Grade 1,+18749032309,-
S08277,Daniel Ramirez,2010-12-25,Grade 5,+14177245236,035
S08278,Jessica Reynolds,2015-12-08,Grade 1,+19556738394,679
S08279,Timothy Rowland,2013-04-14,Grade 4,+12672427130,6377
S08280,Patricia Mccarty,2008-04-15,Grade 4,+16418337667,8569
S08281,Dawn Hull,2015-03-10,Grade 2,+13196793299,4255
S08282,Shannon Walters,2014-10-28,Grade 2,+17976320036,-
S08283,Mrs. Sarah Dean,2008-06-10,Grade 5,+18232140928,-
S08284,Alison Chen,2016-04-17,Grade 1,+12279258524,90090
S08285,Jeffrey Johnson,2007-04-02,Grade 2,+14832773220,805
S08286,Adriana Hammond,2007-05-23,Grade 5,+17498529492,327
S08287,Michael Lee,2008-03-02,Grade 3,+19726956211,-
S08288,Paula Webb,2011-11-16,Grade 1,+16622531783,-
S08289,Wendy Crawford,2012-02-21,Grade 3,+15903026284,915
S08290,Meghan Duncan,2008-01-22,Grade 2,+18362180579,308
S08291,Dustin Taylor,2017-02-11,Grade 1,+12276370627,-
S08292,Adam Miller,2011-06-25,Grade 3,-,-
S08293,Mark Castillo,2017-05-11,Grade 2,+15782782689,164
S08294,William Miller,2007-12-24,Grade 1,+19092139017,783
S08295,Brandi Erickson,2011-07-01,Grade 4,+15325708147,05323
S08296,Cynthia White,2009-05-09,Grade 5,+12702264672,-
S08297,Mike Ayala,2012-02-26,Grade 2,+16204433524,-
S08298,Dylan Boyd,2017-09-12,Grade 4,+16165050867,08863
S08299,Susan Martinez,2014-11-14,Grade 2,+19502311397,202
S08300,Jesse Mcguire,2009-12-24,Grade 1,+19218111288,9722
S08301,Timothy Scott,2008-11-05,Grade 4,+14914410813,347
S08302,Raymond Taylor,2013-12-23,Grade 3,+14245099940,4325
S08303,Laura Chavez,2009-12-31,Grade 1,+14415422796,844
S08304,Bradley Brady,2006-07-06,Grade 4,+16005897640,983
S08305,Jose Miller,2018-03-28,Grade 1,+16616046005,-
S08306,Ashley Spencer,2007-06-21,Grade 1,+14028266099,-
S08307,Carrie Powers,2007-08-08,Grade 1,+19389339635,349
S08308,Brandon Fox,2015-02-23,Grade 4,+15543085432,-
S08309,Juan Adams,2015-05-15,Grade 5,+14558623666,2080
S08310,James Davidson,2013-06-23,Grade 4,+15877582667,958
S08311,Angela Cross,2015-01-20,Grade 5,+13157238533,-
S08312,Michelle Ward,2015-12-21,Grade 1,+18777751799,-
S08313,John Wilson,2016-09-29,Grade 4,+12388467362,-
S08314,Joyce Johnson,2018-02-28,Grade 4,+12168747454,-
S08315,Kristen Willis,2015-10-05,Grade 1,+12476909727,0463
S08316,Tyler Brown,2009-12-18,Grade 5,+18939103835,876
S08317,Timothy Lee,2008-09-20,Grade 1,+18695908101,-
S08318,Heather Gordon,2012-10-09,Grade 3,+13488163774,4101
S08319,Cristina Miller,2013-07-11,Grade 1,+13843939558,942
S08320,Linda Black,2010-02-13,Grade 3,+14456674495,950
S08321,Danielle Boyer,2015-04-02,Grade 3,+18215665491,-
S08322,Veronica Salinas,2009-01-30,Grade 1,+15997446594,96016
S08323,Mrs. Andrea Le Dds,2009-04-18,Grade 5,+19772545539,-
S08324,Ryan Graham,2008-01-25,Grade 1,+14126283957,6145
S08325,Diana Cook,2009-12-21,Grade 4,+13605581137,8510
S08326,Michael Morales,2011-01-28,Grade 2,+16735064109,78886
S08327,Bryan Lynch,2006-03-15,Grade 4,+15873547097,0690
S08328,Lisa Zimmerman,2011-05-10,Grade 5,+14704372871,-
S08329,Fernando Powell,2017-11-08,Grade 5,+13533960232,9629
S08330,Lisa Hall,2006-09-03,Grade 2,+17393319800,91073
S08331,Alejandra Miller,2006-12-22,Grade 1,+16863692175,-
S08332,Charles Hill,2017-05-12,Grade 1,+14102840147,0833
S08333,Catherine Houston,2007-03-08,Grade 2,+12075395319,9466
S08334,Dawn Marquez,2007-08-15,Grade 5,+19882744390,-
S08335,Raymond Smith,2014-10-31,Grade 3,-,-
S08336,James Johnson,2014-11-04,Grade 1,+16993501319,-
S08337,Jay Turner,2007-02-12,Grade 2,+15472792369,-
S08338,Robert Phelps,2018-12-25,Grade 4,+14068961136,-
S08339,Chad Stevens,2018-03-21,Grade 4,+19237621037,98291
S08340,Jacqueline Graham,2014-08-16,Grade 1,+17313539300,36116
S08341,Ryan Clay,2008-05-13,Grade 5,+16932714114,-
S08342,Anthony Shaw,2009-12-27,Grade 1,+18528670137,-
S08343,Alice Ramos,2008-09-27,Grade 3,+12772600686,-
S08344,Rebekah Sanchez,2009-10-26,Grade 1,+14995855863,-
S08345,Mitchell Wood,2010-11-11,Grade 3,+12789364027,878
S08346,Bonnie Wilson,2017-04-25,Grade 3,+16915932304,1412
S08347,Tamara Mann,2009-11-29,Grade 4,+14729092203,6454
S08348,Brenda Bruce,2014-12-23,Grade 1,+17419956336,34859
S08349,Nathan Hammond,2006-11-23,Grade 1,+18036653151,-
S08350,Christopher James,2017-07-17,Grade 2,+14678069586,848
S08351,Rebecca Henderson,2012-08-13,Grade 3,+14937159255,-
S08352,Javier Walker Md,2007-12-24,Grade 1,+15543537924,497
S08353,Jeffrey Cook,2013-04-26,Grade 4,+19786854280,179
S08354,Nicholas Harris,2015-02-15,Grade 4,+17748938436,90478
S08355,Danielle Higgins,2011-05-09,Grade 2,+15517771389,-
S08356,Matthew Johnson,2016-11-08,Grade 1,+13309079551,3266
S08357,Nicole Brown,2010-01-24,Grade 4,+13067081807,49477
S08358,Gregory Holmes,2017-02-01,Grade 1,+18384529439,961
S08359,Ashley Mcdonald,2013-08-08,Grade 1,+12596971913,-
S08360,Wesley Solis,2011-07-02,Grade 2,+16885868933,-
S08361,Patricia Smith,2014-04-27,Grade 5,+15453462615,-
S08362,Brian Bradley,2012-06-21,Grade 1,+12028776669,78830
S08363,Barry Edwards,2008-04-30,Grade 5,+19726693301,6747
S08364,Dawn Hunter,2006-08-27,Grade 2,+14842070013,-
S08365,Robert Mills,2006-11-04,Grade 2,+14789123656,-
S08366,Daniel Rosales,2008-11-11,Grade 3,+12106563783,-
S08367,Kevin Rivera,2016-08-07,Grade 2,+15107217373,-
S08368,Jay Mccall,2013-02-15,Grade 5,+17033869104,8770
S08369,Alexis Kim,2014-07-24,Grade 2,+16406328736,-
S08370,Justin Jordan,2012-07-17,Grade 5,+15727601274,8007
S08371,Erin Harris,2014-10-12,Grade 1,+16942184732,9762
S08372,Kayla Allen,2007-07-29,Grade 4,+14382923329,-
S08373,Matthew Le,2016-01-02,Grade 3,+18017033653,5744
S08374,Jordan Sullivan,2014-01-26,Grade 1,+15935901297,796
S08375,Jessica Golden,2010-06-25,Grade 3,+13699016766,-
S08376,Jose Perez,2009-06-22,Grade 3,+17196416215,51368
S08377,Anne Wilson,2014-05-24,Grade 4,+16125104850,2275
S08378,Randy Benjamin,2010-08-12,Grade 2,+17046491109,-
S08379,Erik Sullivan,2017-08-17,Grade 5,+17155721566,7510
S08380,Natalie Mendez,2012-02-02,Grade 1,+16387402312,88696
S08381,Tom Price,2011-10-28,Grade 1,+15327757645,83907
S08382,Elizabeth Wade Dds,2016-01-07,Grade 5,+15024268758,69332
S08383,Matthew Santana,2007-01-21,Grade 3,+16474347376,-
S08384,Emily Montoya,2007-10-20,Grade 5,+13835498827,38218
S08385,Jean Rodriguez Md,2014-01-05,Grade 3,+18893908823,-
S08386,Jason Powell,2012-02-28,Grade 4,+14025029763,-
S08387,Aaron Floyd,2011-08-31,Grade 1,+13993352613,0072
S08388,Carolyn Gonzalez,2019-02-06,Grade 5,+18929590557,-
S08389,Joshua Fischer,2011-02-14,Grade 4,+19764955057,8858
S08390,Lisa Johnson,2006-10-04,Grade 4,+12927132003,60624
S08391,Anne Duffy,2010-04-04,Grade 2,+14972664779,434
S08392,Scott Young,2012-07-01,Grade 5,+12969259368,8704
S08393,Johnny Cox,2012-05-05,Grade 4,+12632426222,260
S08394,Jesus Manning,2017-12-11,Grade 2,+14107290145,-
S08395,Mark Ward,2009-03-13,Grade 5,+14702649300,791
S08396,Karen Lyons,2015-06-03,Grade 3,+18474948129,99074
S08397,Sharon Jimenez,2019-02-04,Grade 2,+14238804278,5638
S08398,Scott Williams,2018-04-13,Grade 3,+12239062099,-
S08399,Angela Smith,2018-04-30,Grade 3,+13334930482,-
S08400,Randall Watts,2009-12-01,Grade 5,+18193578518,848
S08401,James Pierce,2011-04-22,Grade 3,+16514405649,-
S08402,Holly Carr,2018-07-29,Grade 3,+19792463689,476
S08403,Nicholas Wagner,2010-03-01,Grade 2,+18127495445,06515
S08404,Terry Frederick,2006-10-10,Grade 1,+16364404731,0272
S08405,Patricia Thompson,2008-04-22,Grade 1,+18365633702,032
S08406,Tracy Murphy,2012-08-09,Grade 3,+13482498004,-
S08407,Stuart Romero V,2013-09-03,Grade 1,+17129217187,-
S08408,Caitlin Garcia,2014-09-22,Grade 3,+16505483637,5960
S08409,Stacy Hawkins,2008-04-11,Grade 1,+16284846974,-
S08410,Laura Scott,2018-05-30,Grade 2,+17627255556,-
S08411,Joseph Garcia,2017-02-19,Grade 2,+17136258109,506
S08412,Jennifer Petty,2006-07-13,Grade 1,+14017021155,610
S08413,Bradley Wilson,2012-08-25,Grade 5,+12893758790,84499
S08414,Eric Guzman,2013-10-22,Grade 2,+19729680014,3625
S08415,Jeff Rodriguez,2013-02-27,Grade 2,+15907817070,-
S08416,Michelle Porter,2007-08-23,Grade 3,+16172725955,-
S08417,Pamela Dixon,2018-10-26,Grade 5,+17136787732,321
S08418,Cheryl Barnes,2014-07-03,Grade 3,+12589250157,31861
S08419,Mr. Tommy Oconnor,2012-05-30,Grade 1,+15432574940,-
S08420,Ryan Garner,2015-05-07,Grade 1,+12552301352,-
S08421,Jessica Haynes,2006-06-26,Grade 1,+19198991960,31511
S08422,Andrew Ramos,2017-11-11,Grade 4,+18932100665,-
S08423,Christopher Quinn,2007-09-30,Grade 5,+19189202315,3611
S08424,Sean Johnson,2014-04-17,Grade 3,+16268329220,781
S08425,Jordan Perkins,2016-01-29,Grade 5,+18709147511,-
S08426,Kyle Christensen,2015-08-27,Grade 2,+13868634250,-
S08427,Samuel Fernandez,2014-09-07,Grade 3,+19455820584,7353
S08428,Frances Patrick,2014-03-11,Grade 3,+16177427111,373
S08429,Zachary Bates,2013-03-27,Grade 1,+18507096882,-
S08430,James Walters,2006-04-21,Grade 4,+19222474456,-
S08431,Jessica Evans,2013-01-06,Grade 4,+17822000685,43326
S08432,Karen Anderson,2013-06-12,Grade 5,+17165987179,-
S08433,Kenneth Maldonado,2012-01-19,Grade 3,+12959078547,-
S08434,Katie Harrison,2008-02-10,Grade 3,+17389771088,-
S08435,Tiffany Ward,2015-03-23,Grade 4,+19244167817,-
S08436,Sharon Saunders,2013-08-06,Grade 1,+13694971701,96223
S08437,Virginia Smith,2018-06-30,Grade 2,+13988059042,120
S08438,Christine Wagner,2007-03-20,Grade 3,+12506924345,-
S08439,Sarah Boone,2008-12-19,Grade 5,+14736766753,-
S08440,Paul Baker,2016-02-23,Grade 3,+16686684073,-
S08441,Michelle Howe,2010-06-28,Grade 3,-,-
S08442,Christian Romero,2012-10-10,Grade 4,+18175918964,9375
S08443,Charles Henry,2013-07-19,Grade 2,+19633913142,2655
S08444,Natalie Francis,2015-09-25,Grade 4,+13559361415,510
S08445,John Landry,2016-06-29,Grade 5,+18808021708,-
S08446,Tanya Miller,2008-10-02,Grade 3,+17735189162,-
S08447,Christian Keller,2016-05-18,Grade 2,+14616463069,18499
S08448,Christine Padilla,2012-06-11,Grade 2,+16555714379,60692
S08449,Claire Washington,2016-03-16,Grade 1,+12426526801,88716
S08450,Lisa Valdez,2017-11-27,Grade 1,+14012059747,-
S08451,Patricia Jones,2010-02-24,Grade 4,+16659558805,91919
S08452,Jocelyn Robinson,2014-05-20,Grade 1,+13012166327,-
S08453,Jessica Green,2018-09-15,Grade 1,+14998357091,8969
S08454,Sarah Simpson,2017-12-14,Grade 2,+15885601391,-
S08455,Edward Wilson,2018-11-12,Grade 1,+16199795896,-
S08456,Brent Farrell,2008-05-05,Grade 4,-,-
S08457,Tim Castillo,2009-09-21,Grade 4,+14803443696,07539
S08458,Steve Miller,2006-09-18,Grade 2,+13448189241,30522
S08459,Diane Davila,2011-03-05,Grade 5,+14519963009,29137
S08460,Derek Gibson,2011-08-08,Grade 3,+19308812162,460
S08461,Harry Cardenas,2012-03-14,Grade 1,+12142661182,-
S08462,Jennifer Allen Dds,2010-07-10,Grade 4,+16177121806,336
S08463,Brittany Hooper,2010-09-04,Grade 4,+18818421110,-
S08464,Shaun Waller,2009-03-30,Grade 1,+16303807668,833
S08465,Olivia Lee,2017-04-24,Grade 4,+12732919979,7036
S08466,Laura Tyler,2007-03-24,Grade 4,+16755095463,-
S08467,Kimberly Nichols,2014-09-07,Grade 4,+15875990024,29235
S08468,Karen Reyes,2012-06-14,Grade 5,+12924642417,-
S08469,Cynthia Mann,2015-10-21,Grade 5,+19487622727,2153
S08470,Amy Hinton,2009-05-07,Grade 4,+17724201351,-
S08471,Leah Navarro,2012-09-07,Grade 4,+14643837028,-
S08472,Tony Franco,2012-04-04,Grade 2,-,-
S08473,Lawrence Davis,2007-04-06,Grade 3,+12502791432,66585
S08474,Priscilla Hodge,2014-02-17,Grade 4,+13118762979,240
S08475,Michael Li,2007-04-13,Grade 2,+14229331845,905
S08476,Stephanie Richards,2018-12-09,Grade 2,+15119600513,2761
S08477,Ms. Melissa Cunningham,2018-03-09,Grade 1,+18407886115,101
S08478,Christina Jimenez,2016-10-24,Grade 1,+14867777982,0187
S08479,Marcus Martin,2013-06-09,Grade 4,+17096015098,-
S08480,David Davis,2013-12-28,Grade 2,+13594608224,-
S08481,Christopher Barton,2016-01-07,Grade 2,+17834630884,75587
S08482,Tammy Rose,2018-06-24,Grade 3,+13924208091,38636
S08483,Jennifer Moore,2007-06-25,Grade 4,+14498674258,-
S08484,April Williams,2010-05-02,Grade 1,-,-
S08485,Laura Flores,2018-05-23,Grade 1,+16104937794,02014
S08486,Mary Davis Md,2006-04-15,Grade 2,+15973647818,33280
S08487,Lindsey Harding,2007-06-30,Grade 2,+12649252955,-
S08488,Sandra Smith,2012-05-31,Grade 5,+19447487363,1729
S08489,William Howell,2018-06-12,Grade 4,+14255291858,26396
S08490,Joseph Brown,2015-02-21,Grade 1,+12579637191,089
S08491,Mark Gilbert Jr.,2006-06-24,Grade 5,+18714388409,13975
S08492,Andrew Preston,2014-04-02,Grade 3,+15892006435,22444
S08493,Sara Clay,2016-11-10,Grade 1,+18307228013,-
S08494,Sue Medina,2018-03-04,Grade 4,-,-
S08495,Joshua Randolph,2007-09-24,Grade 1,+13413770105,-
S08496,Matthew Taylor,2016-06-24,Grade 3,+14904343045,3483
S08497,Rachel Roberts Phd,2015-05-11,Grade 4,+13419379450,3705
S08498,Nicholas Snyder,2009-08-12,Grade 1,+18766013972,8947
S08499,Nathaniel Wang,2018-12-11,Grade 5,+16649685477,-
S08500,Jeffrey Hernandez Md,2009-02-05,Grade 3,+17122532926,337
S08501,Sheryl Romero,2016-12-23,Grade 5,+15632421352,216
S08502,Brandon Clements,2008-05-25,Grade 1,-,-
S08503,Brian Ward,2017-02-14,Grade 4,+12352644860,-
S08504,Timothy King,2012-12-12,Grade 1,+18723073678,2041
S08505,Sherry Medina,2010-08-05,Grade 3,+12776374585,-
S08506,Melvin Arnold,2010-09-22,Grade 4,-,-
S08507,Willie King,2013-12-23,Grade 4,+15073670604,0141
S08508,Julia Ferrell,2014-07-01,Grade 3,+19012569028,72984
S08509,Darren Baker,2013-04-29,Grade 4,-,-
S08510,Joe Cross,2016-07-05,Grade 4,+16845236110,959
S08511,Barbara Thomas,2008-11-02,Grade 1,+18228691371,08673
S08512,Katherine Flores,2006-06-07,Grade 1,+16409392436,8558
S08513,Sharon Anderson,2009-02-11,Grade 2,+19816248019,-
S08514,William Adams,2013-06-04,Grade 4,+17053055856,171
S08515,Amanda Reynolds,2016-05-31,Grade 4,+12173978407,-
S08516,Christopher Fox,2009-02-11,Grade 3,+17414331049,63547
S08517,William Hall,2017-02-28,Grade 4,-,-
S08518,Kathleen Martin,2011-10-11,Grade 1,+18059629083,-
S08519,Matthew Johnson,2011-05-17,Grade 5,+15492594052,5811
S08520,Jenna Andrade,2016-06-11,Grade 4,+16845566006,-
S08521,Sydney Hernandez,2017-04-26,Grade 1,+16533633584,618
S08522,Richard Andrade,2006-12-04,Grade 4,+18539991734,53255
S08523,Andre Thompson,2015-10-16,Grade 2,+12709308489,-
S08524,Brandon Crane,2007-02-21,Grade 3,+14353329657,-
S08525,Monica Johnston,2016-07-21,Grade 1,+17293832387,203
S08526,Evelyn Gutierrez,2013-09-14,Grade 2,+15862289506,23552
S08527,David Washington,2015-09-22,Grade 3,+12428164092,66618
S08528,Daniel Zimmerman,2008-10-24,Grade 5,+15906405642,-
S08529,Margaret Gray,2007-01-30,Grade 5,+16054949352,24076
S08530,Kevin Lopez,2006-08-08,Grade 2,+17913631456,6927
S08531,Cynthia Prince,2008-06-13,Grade 3,+15577318063,2062
S08532,Melanie Dodson,2015-10-07,Grade 4,+16694732631,01490
S08533,Jennifer Estrada,2006-08-23,Grade 2,+19242241642,-
S08534,Alex Murray,2012-10-09,Grade 4,-,-
S08535,Susan Swanson,2013-07-04,Grade 5,+16374376023,-
S08536,Kevin Vincent,2008-04-07,Grade 4,+12063741929,3321
S08537,Kristina Duran,2011-06-12,Grade 3,+13054028179,60127
S08538,Mrs. Ashley Lee,2009-03-13,Grade 4,+12994843512,5824
S08539,Daniel Moore,2015-07-28,Grade 4,+13165300228,997
S08540,Janice Wilson,2012-04-14,Grade 2,+15402031692,393
S08541,Julie Blackburn,2011-09-21,Grade 2,+15717999807,-
S08542,Mark Carr,2016-08-14,Grade 1,+13437844264,3808
S08543,Kyle Thompson,2017-01-27,Grade 2,-,-
S08544,Marcus Green,2012-09-24,Grade 2,+13216538235,-
S08545,Michael Allen,2006-12-11,Grade 5,+17567241168,733
S08546,Anna Smith,2016-04-08,Grade 3,+16136860221,1324
S08547,Christine Wheeler,2012-11-23,Grade 2,+12357661468,-
S08548,Michael Murphy,2010-09-25,Grade 1,+18883475076,-
S08549,Carrie Reed,2011-04-02,Grade 1,+18227890446,7145
S08550,Nicole Simmons,2014-07-03,Grade 5,+17384293102,19980
S08551,Rachel Davis,2009-07-19,Grade 1,+19062439640,18693
S08552,Brett Williams,2006-12-20,Grade 2,+13217526479,-
S08553,Kenneth Roach,2008-10-13,Grade 1,+13934785005,140
S08554,Jennifer Jacobson,2017-08-08,Grade 3,+12279613855,951
S08555,William Salinas,2009-10-27,Grade 4,+12018034484,442
S08556,Maria Allen,2013-07-22,Grade 1,+12925827512,-
S08557,Tanya Hill,2011-05-08,Grade 2,+18865693464,-
S08558,Daniel King,2009-02-05,Grade 3,+19193106011,5694
S08559,David Bowman,2010-05-26,Grade 3,+14026617956,-
S08560,Amanda Bush,2007-11-19,Grade 3,+17557733465,-
S08561,Rachel White,2017-05-30,Grade 3,+13999631591,-
S08562,Karen Schwartz,2009-06-20,Grade 2,+15386812226,5178
S08563,Michelle Taylor,2009-08-06,Grade 2,+12088464501,-
S08564,Thomas Marshall,2006-04-21,Grade 3,+18846630643,-
S08565,Molly Powell,2013-08-21,Grade 4,+16978044940,6387
S08566,Julie Castro,2008-08-31,Grade 4,+13958957196,48561
S08567,Barry Vincent,2013-04-05,Grade 5,+14247865652,205
S08568,Eric Robinson,2014-02-18,Grade 2,+13219351757,462
S08569,Mason Smith,2008-11-03,Grade 5,-,-
S08570,Gina Mcfarland,2009-06-15,Grade 4,+13602369122,957
S08571,Joshua Griffith,2007-09-14,Grade 4,+15133332345,-
S08572,Steve Williams,2011-12-03,Grade 1,+14409699023,639
S08573,Savannah Young,2010-06-14,Grade 5,+16889898486,48322
S08574,Samantha Dorsey,2007-06-12,Grade 4,+19032382110,980
S08575,Patrick Conrad,2017-08-11,Grade 3,+13879129044,-
S08576,Michele Wells,2008-03-16,Grade 5,+19169476737,13170
S08577,Heather Macdonald,2008-11-24,Grade 2,+14053893884,45745
S08578,Rachel Smith,2013-09-01,Grade 1,+18698188280,2069
S08579,Jocelyn Garcia,2009-08-29,Grade 5,+12962268333,982
S08580,Shelby Porter,2006-03-18,Grade 4,+17795016356,-
S08581,Matthew Wilson,2013-12-30,Grade 3,+18914448119,-
S08582,David Cline,2017-01-19,Grade 4,-,-
S08583,Susan Lee,2007-01-03,Grade 4,+13023529275,-
S08584,Jose Hill,2017-10-21,Grade 1,+18485026794,-
S08585,Debra Johnson,2009-09-22,Grade 5,+12238770210,8933
S08586,Lindsay Brandt,2012-12-04,Grade 5,+12689772421,0311
S08587,Brenda Sanchez,2009-12-19,Grade 5,+12044757065,44047
S08588,Tyler Hodges,2015-12-13,Grade 4,+12523868270,-
S08589,Tracey Walls,2008-08-12,Grade 4,+13574314041,9898
S08590,Adam Thomas,2014-09-21,Grade 1,+14405830682,-
S08591,Kimberly Wright,2016-09-20,Grade 1,+14762986059,-
S08592,Luke Gentry,2019-01-20,Grade 4,+17317551536,697
S08593,Jonathan Morris,2007-08-26,Grade 3,+13402690340,-
S08594,Heather Coleman,2019-01-22,Grade 5,+19905997525,-
S08595,Timothy Smith,2013-04-08,Grade 1,+14995244716,-
S08596,James Barry,2018-10-22,Grade 1,+19004257697,18456
S08597,Charles Hoffman,2014-11-14,Grade 4,+13572828324,35433
S08598,David Robinson,2006-06-26,Grade 4,+12175951794,-
S08599,Matthew Rodriguez,2017-02-06,Grade 2,+12952452270,811
S08600,Henry Thomas,2018-04-05,Grade 5,+19925526275,8098
S08601,Sarah Shannon,2011-02-24,Grade 4,+15282162457,1299
S08602,Andrea Williams Md,2008-10-19,Grade 4,+14209325273,7429
S08603,Timothy Sanchez,2013-07-26,Grade 3,+15054682696,064
S08604,William Morales,2017-11-16,Grade 3,+12077227349,708
S08605,Margaret Garcia,2011-03-09,Grade 4,+17358651643,-
S08606,Michele Franco,2008-04-09,Grade 3,+15332981425,898
S08607,Renee Archer,2011-11-28,Grade 4,+14056888929,-
S08608,Emily Brown,2015-10-04,Grade 5,+17228405540,296
S08609,Thomas Rogers,2018-03-22,Grade 4,+18389127953,3305
S08610,Christopher Li,2010-11-07,Grade 5,+16125892106,1547
S08611,Madison Fletcher,2012-10-08,Grade 5,+15674184124,9357
S08612,Reginald Rodriguez,2009-04-24,Grade 1,+19254334844,-
S08613,Adam Thompson,2009-11-11,Grade 4,+19516036945,709
S08614,Jeffrey Vincent,2018-09-20,Grade 5,+18145443529,570
S08615,Brian Hardy,2017-07-06,Grade 4,+17592126792,3585
S08616,Sean Adams,2016-02-01,Grade 4,+18112126472,-
S08617,Michelle Nguyen,2013-04-23,Grade 1,+16686453488,1753
S08618,Mariah Bradshaw,2012-02-09,Grade 4,+16513683760,687
S08619,Susan Williams,2015-10-21,Grade 1,+14232376274,-
S08620,Heather Gaines,2018-12-22,Grade 4,+12909091464,-
S08621,Jordan Clark,2013-11-24,Grade 1,+15484504789,-
S08622,Scott Hill,2008-05-02,Grade 2,+12925877331,-
S08623,Ashley Curtis,2009-09-06,Grade 4,+15542698388,-
S08624,Jessica Hull,2017-04-14,Grade 1,+12656284795,08585
S08625,Tony Thomas,2017-05-07,Grade 2,+16979439281,46841
S08626,Deborah Jones,2016-12-11,Grade 5,+18447720598,-
S08627,Charles Kelly,2015-11-15,Grade 5,+12932002408,131
S08628,Gary Palmer,2011-05-28,Grade 3,+15755147844,-
S08629,Michael Calderon,2010-03-30,Grade 1,+16136752047,-
S08630,Roger Williams,2014-11-05,Grade 5,+14382949062,074
S08631,Nichole Anderson,2010-09-01,Grade 3,+16822527260,922
S08632,Mark Berry,2010-02-18,Grade 1,+19237938389,-
S08633,Chelsea May,2008-06-09,Grade 2,+18809650983,-
S08634,Brooke Watson,2018-02-20,Grade 2,+17318546363,-
S08635,Michelle Wilson,2017-08-18,Grade 3,+19098093023,-
S08636,Christian Mccullough,2010-05-22,Grade 4,+14079970456,7911
S08637,Christina Rodriguez,2006-03-12,Grade 2,+13496159917,-
S08638,David Fields,2007-01-26,Grade 4,+17083092841,6481
S08639,Lauren Vasquez,2015-09-30,Grade 1,+19853827065,9348
S08640,Christian Lopez Dvm,2008-07-11,Grade 4,+15768792116,539
S08641,Amy Garza,2006-06-12,Grade 2,+16942593397,-
S08642,Brandi Mccall,2013-07-20,Grade 2,+17218530240,-
S08643,Gerald Arroyo,2007-12-25,Grade 1,+18865328559,-
S08644,Susan Shelton,2017-10-29,Grade 1,+14634483400,358
S08645,Sheryl Walters,2012-09-12,Grade 3,+14843347967,95912
S08646,Jennifer Edwards,2009-09-05,Grade 3,+15135672287,79980
S08647,Dorothy Wright,2008-05-14,Grade 4,+16529533647,6016
S08648,Randy Ramirez,2007-03-01,Grade 3,+19566668690,1036
S08649,Amanda Meyer,2009-08-23,Grade 2,+14672791489,05210
S08650,Mary Ramsey,2017-08-02,Grade 4,+16568357082,5531
S08651,Rebecca Adams,2012-02-26,Grade 1,+15143781095,-
S08652,Patrick Wright,2010-03-19,Grade 4,+15585849912,2025
S08653,William Martin,2013-08-05,Grade 1,+18378652709,009
S08654,John Thomas,2007-08-15,Grade 1,+17015968979,-
S08655,Misty Ross,2015-08-08,Grade 3,+12929570381,9116
S08656,Charles Garcia,2008-08-01,Grade 2,+12446749100,-
S08657,Nicholas Smith,2014-10-16,Grade 3,+18557389529,-
S08658,Emily Cruz,2010-02-04,Grade 4,+17317029064,-
S08659,Crystal Stewart,2012-07-11,Grade 1,+19296384023,2166
S08660,Elizabeth Hall,2016-07-09,Grade 2,+14955576923,-
S08661,Jasmine Campbell,2010-08-04,Grade 3,+19183631303,-
S08662,Lisa Erickson,2008-12-13,Grade 3,+17658912862,70847
S08663,Mariah Jones,2010-08-08,Grade 2,+12576044415,595
S08664,Mrs. Stacie Trevino,2008-08-09,Grade 4,+18489171351,-
S08665,Dominique Morris,2010-09-05,Grade 1,+19853066924,15889
S08666,Melanie Thompson,2012-03-13,Grade 5,+16933052039,00196
S08667,Cory Garcia,2014-09-20,Grade 5,+14178095452,002
S08668,Justin Whitney,2014-01-15,Grade 5,+19968115168,59235
S08669,Jack Henderson,2013-07-11,Grade 4,+12296750636,3304
S08670,Gabriela Santos,2019-02-24,Grade 3,+13103209206,4388
S08671,Jason Mason,2007-12-22,Grade 2,+17513915688,792
S08672,William Gomez,2018-05-25,Grade 5,+18014190793,47537
S08673,Denise Mejia,2007-06-10,Grade 4,+19947752167,-
S08674,Stephen Perkins,2012-07-19,Grade 4,+19427303368,6808
S08675,Mrs. Jessica Mitchell Dds,2017-12-17,Grade 1,+14028281445,4742
S08676,Meagan Mathis,2015-05-19,Grade 1,+17527559116,4651
S08677,Christina Barnes,2011-10-03,Grade 4,+17446440604,-
S08678,Danielle Powell,2010-08-02,Grade 2,+12047500078,717
S08679,Michelle Gibson,2014-02-12,Grade 4,+13554432921,1082
S08680,Megan Keller,2017-09-03,Grade 3,+19979590585,299
S08681,Rebecca Benitez,2018-04-28,Grade 3,+14857383994,-
S08682,Troy Combs,2013-10-31,Grade 2,+18049632492,0944
S08683,Kenneth Brooks,2014-04-13,Grade 5,+18184558903,-
S08684,Taylor Hall,2010-12-12,Grade 5,+15854350772,9391
S08685,Monica Weiss,2008-06-04,Grade 1,+12695483550,92389
S08686,Christopher Andrews,2018-01-30,Grade 3,+19795919364,-
S08687,Kristi Thomas,2009-07-22,Grade 3,+13154453800,62007
S08688,Ryan Wilson,2009-06-08,Grade 1,+17578853275,1904
S08689,Nicole Golden,2016-09-28,Grade 5,+14258276727,-
S08690,Justin Braun,2013-11-27,Grade 1,+19653775197,74041
S08691,Sherri Friedman,2011-01-23,Grade 4,+18234120762,077
S08692,Kyle Mccarty,2017-10-03,Grade 4,+16632445981,-
S08693,Jessica Ortega,2013-11-19,Grade 1,+18443408988,-
S08694,Shane Zamora,2014-02-13,Grade 2,+12628269147,979
S08695,Ryan Mullins,2018-09-26,Grade 4,+15587928078,96130
S08696,Kayla Fuentes,2015-04-30,Grade 5,+19789022525,-
S08697,Shawn Riggs,2010-10-21,Grade 1,+13336529409,-
S08698,Debra Hines,2012-02-04,Grade 2,+18759035374,-
S08699,Latoya Ross,2008-08-09,Grade 3,+13327772148,-
S08700,Ronnie Barr,2007-06-25,Grade 3,+14735566039,-
S08701,Elizabeth Hoover,2019-02-13,Grade 2,-,-
S08702,Charles Parker,2007-05-26,Grade 2,+14249921015,6970
S08703,Franklin Johnston,2008-08-19,Grade 4,+14653091487,-
S08704,Andres Pugh,2016-10-02,Grade 1,+17495782026,78557
S08705,Ana Wong,2015-01-13,Grade 2,+14183967737,-
S08706,Eric Gibson,2018-02-08,Grade 1,+19988208061,9522
S08707,Matthew Parker,2015-05-16,Grade 4,+18669520895,87666
S08708,Ashley Davis,2018-11-11,Grade 4,+18525119899,668
S08709,Michael Davis,2013-08-29,Grade 2,-,-
S08710,Charles Hicks,2012-12-28,Grade 5,+16073143864,53064
S08711,Erika Page,2006-09-24,Grade 1,+15198848366,15395
S08712,Stephen Frye,2009-01-19,Grade 4,+13452243595,63551
S08713,Elaine Shields,2010-05-30,Grade 1,+17545193060,011
S08714,James Barnes,2016-10-13,Grade 3,+17247804082,49721
S08715,Morgan May,2018-05-05,Grade 1,+17485543285,449
S08716,Michael Lucas,2011-05-10,Grade 3,+15168759803,-
S08717,Darrell Gordon,2012-10-08,Grade 1,+18014379570,04535
S08718,Lauren Rush,2017-07-19,Grade 2,+14525894235,865
S08719,Robert Arnold,2012-07-23,Grade 4,+17286548911,-
S08720,Matthew Perez,2007-01-02,Grade 4,+13048043384,-
S08721,William Shah,2007-12-16,Grade 4,+12446460721,-
S08722,Jose Blankenship,2014-09-13,Grade 1,+14586536317,8720
S08723,Bobby Guerrero,2011-08-27,Grade 5,+19382922450,35958
S08724,Jasmine Thompson,2009-12-23,Grade 2,+14437292653,-
S08725,Kelsey Warner,2014-11-09,Grade 3,+14888592786,45746
S08726,Evan Washington,2016-06-02,Grade 1,+15352004123,905
S08727,Brandon Thompson,2017-08-30,Grade 4,+17325046926,-
S08728,Daniel Smith,2017-07-18,Grade 5,+19042136872,639
S08729,Stacy Mclean,2017-03-24,Grade 2,+16905134876,116
S08730,Zachary Mitchell,2017-01-18,Grade 3,+12694786689,2646
S08731,Sandra Jones,2006-05-29,Grade 5,+18979184830,98102
S08732,Rodney Erickson,2012-01-20,Grade 4,-,-
S08733,Jacob Dillon,2014-03-28,Grade 2,+19659697297,5672
S08734,Donna Bass,2010-06-17,Grade 4,+19452799135,176
S08735,Madison Thompson,2013-02-08,Grade 2,+12982845715,2339
S08736,Jacqueline Jackson,2013-08-08,Grade 1,+16697309900,-
S08737,Erica Greene,2010-09-20,Grade 4,+14285219091,71480
S08738,Candace Chen,2010-04-02,Grade 2,+17083656831,55620
S08739,Christopher Wallace,2010-01-03,Grade 4,+12359497034,214
S08740,Taylor Lopez,2016-10-03,Grade 5,+16467326046,62754
S08741,Jacqueline Cooper,2018-01-24,Grade 1,+19959928658,5485
S08742,Michelle Jones,2017-05-20,Grade 3,+13552340752,0106
S08743,Edgar Burns,2008-06-20,Grade 3,+19727729199,-
S08744,Rita Foster,2010-04-24,Grade 3,+13527822155,-
S08745,Jonathon Gonzalez,2006-10-11,Grade 1,+19037859373,-
S08746,Melissa Gutierrez,2010-06-29,Grade 4,+19727136817,7418
S08747,Jasmin Wood,2017-05-10,Grade 5,+19282979549,3469
S08748,Ryan Allison,2015-10-04,Grade 1,-,-
S08749,Robert Marks,2014-10-28,Grade 3,+13584653671,80165
S08750,Dakota Walker,2019-03-06,Grade 4,+14972921734,53808
S08751,Ashlee Jacobs,2007-08-10,Grade 4,-,-
S08752,Steven Villarreal,2015-12-07,Grade 5,+13874665594,-
S08753,Sergio Ward,2010-07-19,Grade 4,+16799908415,96289
S08754,Kevin Anderson,2008-10-20,Grade 4,+19433337081,6370
S08755,Katie Munoz,2014-04-21,Grade 2,+15489935315,-
S08756,Robert Williams,2007-04-21,Grade 2,+14593124884,-
S08757,Mark Curry,2018-07-10,Grade 1,+19316246277,727
S08758,Jared Harris,2006-12-11,Grade 5,+14998022504,-
S08759,Hannah Brown,2014-09-07,Grade 4,+14825515371,-
S08760,Darren Jones,2006-05-13,Grade 1,+12064382293,509
S08761,Debra Knapp,2019-02-21,Grade 4,+19065362168,-
S08762,Michael Serrano,2013-06-18,Grade 1,+16243406721,5460
S08763,Kelly Delgado,2009-02-12,Grade 1,+14152008795,-
S08764,Mary Eaton,2015-09-12,Grade 1,+16579980510,-
S08765,Edward Rodriguez,2017-01-09,Grade 1,+16404971814,99470
S08766,William Wells,2016-06-08,Grade 1,+13349932076,-
S08767,Morgan Huynh,2014-07-14,Grade 2,+17424171356,-
S08768,Joanna Jones,2015-07-30,Grade 5,+13142591601,-
S08769,Nicholas Soto,2006-05-27,Grade 1,+19956501309,3143
S08770,Anna Long,2014-12-19,Grade 1,+19815611668,19461
S08771,Jack Fox,2009-10-31,Grade 3,+12756210030,4606
S08772,Vanessa Nunez,2018-06-15,Grade 3,+19595132451,-
S08773,Daniel Gill,2011-03-19,Grade 5,+12364574930,7093
S08774,Scott Stephens,2015-01-06,Grade 3,+18328929220,5720
S08775,Tammy Chavez,2015-12-25,Grade 1,+16368331900,568
S08776,Martin Doyle,2009-11-01,Grade 5,+14719734661,29305
S08777,Savannah Duffy,2018-03-21,Grade 5,+14565581837,6620
S08778,Felicia Velasquez,2010-09-21,Grade 3,+16506288834,422
S08779,Matthew Cervantes,2018-05-27,Grade 5,+18838149173,6886
S08780,Andrew Martinez,2013-06-24,Grade 4,+14739510983,397
S08781,Wanda Clark,2011-05-07,Grade 4,-,-
S08782,Joanna Raymond,2017-04-12,Grade 2,+17572907267,46069
S08783,Amanda Baker,2010-11-14,Grade 2,+14649907837,-
S08784,James Sanders,2016-11-05,Grade 1,+18052645372,-
S08785,Mark Jackson,2012-06-20,Grade 3,+13977064248,-
S08786,Jason Martin,2017-09-04,Grade 1,+16372384255,51559
S08787,Johnny Yang,2019-01-22,Grade 4,+15218395747,02840
S08788,Michael Jones,2018-08-22,Grade 1,+17236591383,2131
S08789,Tina Kennedy,2018-09-26,Grade 4,+16925848436,-
S08790,Matthew Klein,2010-08-22,Grade 5,+12669123789,-
S08791,Sylvia Sullivan,2019-01-07,Grade 4,+13346483159,-
S08792,Jacob Garcia,2009-02-26,Grade 3,+12476102256,08131
S08793,Kayla Hall,2015-10-11,Grade 3,+18524951250,-
S08794,Cynthia Flores,2008-05-28,Grade 1,+13835841678,234
S08795,Matthew James,2014-02-22,Grade 1,+16957083416,-
S08796,Margaret Figueroa,2017-02-07,Grade 5,+16263125528,373
S08797,Todd Cooley,2015-08-22,Grade 5,+17387438517,108
S08798,Mrs. Lori Fields Dds,2010-01-22,Grade 1,+14475896280,095
S08799,Barbara Smith,2012-01-27,Grade 1,+14414849970,7110
S08800,Gabriella Lewis,2013-02-04,Grade 1,+16096258641,-
S08801,Gary Kelly,2008-04-26,Grade 3,+15614257833,459
S08802,Kathryn Roy,2008-12-23,Grade 1,+19608874393,-
S08803,Laura Lynch,2012-04-20,Grade 2,+13463047597,02364
S08804,Karen Aguilar,2007-11-01,Grade 1,+17318193307,-
S08805,Alexander Reed,2018-03-10,Grade 5,+15919018228,-
S08806,Kimberly West,2012-01-14,Grade 5,+18487892553,04263
S08807,David Weeks,2018-04-08,Grade 5,+16109608494,-
S08808,Donald Davis,2016-06-25,Grade 2,+19392005269,5201
S08809,Anne Moss,2016-05-19,Grade 2,+17939488395,573
S08810,James Mendoza,2015-03-28,Grade 2,+19644207276,-
S08811,Anthony Snyder,2007-08-12,Grade 3,+18912860450,-
S08812,Randall Williams,2015-08-04,Grade 5,+16287169824,173
S08813,Robert Martinez,2006-05-23,Grade 3,+16784276472,-
S08814,Ana King,2009-01-16,Grade 1,+12149657632,24882
S08815,Laura Adams,2016-01-09,Grade 5,+13075895476,663
S08816,Joseph Meadows,2015-11-05,Grade 4,+19788058966,-
S08817,Jason Johnson,2010-07-10,Grade 1,+14956786551,027
S08818,Kyle Martinez,2015-02-06,Grade 2,+18287426265,297
S08819,John Pennington,2017-06-17,Grade 3,+15177532760,-
S08820,Dana Robinson,2016-10-07,Grade 3,-,-
S08821,Jennifer Klein,2009-04-03,Grade 4,+15326084295,101
S08822,Elizabeth Wade,2015-08-06,Grade 5,+12602063896,-
S08823,Connie Skinner,2010-09-04,Grade 5,+14124149433,760
S08824,Jason Schneider,2006-11-23,Grade 3,-,-
S08825,Shawna Johnson,2017-10-12,Grade 2,+18472210324,-
S08826,William Robinson,2010-02-04,Grade 4,+15315853711,-
S08827,Kelly Walters,2008-02-07,Grade 1,+18215508127,-
S08828,Jeremy Henderson,2016-07-30,Grade 4,+12206054538,-
S08829,Madison Wilson,2009-01-30,Grade 5,+15014981932,32479
S08830,Anthony Martinez,2014-09-18,Grade 5,+12732828030,-
S08831,Stephen Tran,2010-03-17,Grade 5,+12399550184,2792
S08832,John Franklin,2010-01-07,Grade 1,+18526865747,4109
S08833,Ashley Clark,2014-09-13,Grade 1,+15819989611,-
S08834,Dr. Tyler Fitzgerald,2015-10-05,Grade 2,+18842817244,-
S08835,Ruth Sanchez,2016-07-11,Grade 4,+16082141140,704
S08836,Paul Yang,2011-10-19,Grade 2,+12533364643,4194
S08837,Kyle White,2017-08-22,Grade 3,+12498195967,9659
S08838,Jennifer Bishop,2016-01-10,Grade 2,+16956060723,-
S08839,Donna Duran,2012-02-01,Grade 4,+18783969997,-
S08840,Alexander Moreno,2011-07-28,Grade 3,+13558742465,727
S08841,Jennifer Ford,2012-10-18,Grade 3,+14702920107,28709
S08842,Daniel Myers,2007-08-01,Grade 2,+15623211203,03249
S08843,Jeffrey Reed,2011-08-01,Grade 5,+19813235080,0846
S08844,Alicia Wyatt,2009-10-25,Grade 2,+13868669044,81060
S08845,Christopher Wells,2009-02-21,Grade 4,+18363395831,-
S08846,Jamie Garcia,2017-10-27,Grade 4,+14165964814,549
S08847,David Harper,2016-12-21,Grade 1,-,-
S08848,John Peterson,2006-12-28,Grade 5,+13633033402,-
S08849,Duane White,2017-05-29,Grade 3,+14433239482,-
S08850,Jose Miller,2006-04-25,Grade 5,+19229097306,811
S08851,Jennifer Lambert,2014-06-21,Grade 2,+12406131369,-
S08852,Robert Anderson,2012-04-29,Grade 4,+18837386207,-
S08853,Kenneth Hunter,2013-11-04,Grade 3,+18709873357,68728
S08854,Michelle James,2010-08-05,Grade 3,+19454201132,36868
S08855,Sheri Beltran,2007-06-18,Grade 1,+17069261894,476
S08856,Tara Garcia,2010-07-27,Grade 1,+13729328761,02175
S08857,Sarah Ayala,2017-07-19,Grade 2,+19068478345,-
S08858,Philip Ortega,2009-10-19,Grade 4,+14356972644,-
S08859,William Smith,2018-08-10,Grade 5,+13552618093,-
S08860,Sheryl Ellis,2008-08-09,Grade 5,+14627113210,98470
S08861,Keith Moore,2018-09-04,Grade 1,+12108171779,9524
S08862,Michelle Miller,2008-11-11,Grade 3,+13054860871,-
S08863,Anthony Novak,2010-10-14,Grade 5,+12268018814,-
S08864,Joseph Hudson,2012-06-04,Grade 2,+18322168161,-
S08865,Joshua Watson,2015-12-02,Grade 4,+15078791418,-
S08866,Tony Pierce,2010-07-26,Grade 3,+13794825830,7366
S08867,John Harrell,2013-08-19,Grade 5,+15305127249,-
S08868,Tracy Newman,2016-02-12,Grade 2,+19346404423,-
S08869,Jeffrey Jensen,2014-12-12,Grade 5,+13063711229,128
S08870,Mary Rocha,2012-07-27,Grade 3,+16606111895,-
S08871,Christopher Patterson,2011-06-09,Grade 4,+14609946379,20117
S08872,Keith Garza,2018-02-10,Grade 4,+13556416124,05030
S08873,Joshua Kennedy,2013-07-20,Grade 4,+12427696191,57974
S08874,Colton Perry,2007-10-23,Grade 1,+13704682834,1374
S08875,Anna Sims,2016-03-30,Grade 4,+12918142538,-
S08876,Timothy Mclaughlin,2012-05-16,Grade 4,+17679574753,-
S08877,Maria Morgan,2015-10-13,Grade 1,+18324432475,1419
S08878,Paul Duran,2010-06-04,Grade 5,+16978676564,-
S08879,Valerie James,2019-02-09,Grade 1,+12056672067,67018
S08880,Scott Chavez,2011-05-21,Grade 1,+16977244718,4507
S08881,Gerald Gardner,2010-12-30,Grade 1,+12246474660,6373
S08882,James Mosley,2018-04-20,Grade 4,+18252138077,-
S08883,Angela King,2010-03-30,Grade 3,+19142962228,-
S08884,Charles Watson,2008-01-29,Grade 4,+18452816740,-
S08885,Joseph Williams,2013-03-31,Grade 1,+12742624898,7181
S08886,Dorothy Garza,2016-11-15,Grade 3,+12669572580,58848
S08887,Kevin Thomas,2006-07-15,Grade 1,+15403991242,441
S08888,Jane Anderson,2018-01-08,Grade 1,+16668478709,22905
S08889,Crystal Brown,2012-10-27,Grade 3,+19932455371,12513
S08890,Chad Tanner,2010-10-18,Grade 2,+14504565368,-
S08891,Janet Duffy,2015-11-25,Grade 3,+12234743112,-
S08892,Emily Mack,2017-10-26,Grade 2,+14445447718,1492
S08893,Kelly Nolan,2010-01-23,Grade 1,+15778771175,556
S08894,Cassandra Martin,2017-05-14,Grade 4,+19863579275,0665
S08895,Linda Young,2016-07-05,Grade 4,+19984301016,4813
S08896,Katherine Edwards,2008-07-15,Grade 3,+12875884799,5876
S08897,Rebecca Miller,2018-05-14,Grade 4,+16959274349,3883
S08898,Christopher Gonzales,2015-02-27,Grade 1,-,-
S08899,Alison Rios,2016-08-04,Grade 1,+13567933691,-
S08900,Jose Porter,2015-02-13,Grade 2,+17273859270,600
S08901,Lisa Harris,2012-11-01,Grade 4,+14853243597,51283
S08902,Crystal Santos,2016-11-11,Grade 5,+19395806498,-
S08903,Crystal Mitchell,2010-07-25,Grade 2,+16696026390,7575
S08904,Rhonda Daniels,2007-02-20,Grade 5,+15039183700,70931
S08905,Ryan Mitchell,2007-06-24,Grade 2,+14253485438,-
S08906,Anna Turner,2017-03-25,Grade 2,+19812080602,17777
S08907,Michelle Mejia,2006-05-17,Grade 2,+18758496231,31427
S08908,Jay Chan Md,2016-02-14,Grade 5,+12944860560,-
S08909,Jose Sanchez,2011-02-23,Grade 1,+14047513267,2395
S08910,Bethany Everett,2008-01-02,Grade 4,-,-
S08911,Jimmy Jarvis,2016-07-30,Grade 4,+13212836809,97733
S08912,Michael Brown,2012-06-02,Grade 4,+18373603729,-
S08913,Michael Matthews,2009-03-13,Grade 1,+19822154112,-
S08914,Kathleen Melendez,2011-05-09,Grade 1,+16733281717,0733
S08915,Christopher Steele,2015-03-01,Grade 2,+18893885801,-
S08916,Edward Wright,2017-02-02,Grade 4,+19227904661,964
S08917,Cody Keith,2013-04-13,Grade 2,+19915595929,90554
S08918,Ashley Johnson,2018-12-17,Grade 2,+12013962676,7681
S08919,Susan Bentley,2016-07-11,Grade 4,+14975470711,64681
S08920,Allen Lutz,2013-05-17,Grade 4,+16303755873,88081
S08921,Stephanie Grimes,2006-08-25,Grade 2,+14369407922,920
S08922,Michael Young,2014-09-18,Grade 5,+19833291516,66267
S08923,Melissa Castro,2006-08-28,Grade 2,+12842072825,-
S08924,Kurt Baker,2010-05-09,Grade 1,+14494346835,-
S08925,Diane Christensen,2017-09-10,Grade 2,+12576658415,-
S08926,Sherry Reese,2013-08-09,Grade 2,-,-
S08927,Jessica Huber,2016-02-10,Grade 3,+14692906602,-
S08928,Patricia Meyer,2011-09-09,Grade 5,+14263881614,9910
S08929,Johnathan Herman Jr.,2015-03-30,Grade 4,+16846386628,642
S08930,Matthew Harding,2007-07-02,Grade 4,+15516080413,-
S08931,Michelle Martin,2010-06-01,Grade 3,+14968944682,78360
S08932,Julie Kane,2009-09-09,Grade 3,+19595516004,-
S08933,Scott Walker,2013-07-08,Grade 5,-,-
S08934,David Levine,2016-05-07,Grade 1,+16979979812,-
S08935,Melissa Fisher,2016-04-19,Grade 5,+14596078576,72651
S08936,Priscilla Reynolds,2011-02-02,Grade 5,+17802615072,-
S08937,Michael Johnson,2010-08-27,Grade 4,+18945417571,-
S08938,Michael Foster,2009-12-16,Grade 5,+14076353497,8994
S08939,Brian Jefferson,2018-06-05,Grade 5,+16698542982,-
S08940,Judith Ruiz,2018-03-11,Grade 2,+15193287814,-
S08941,Jennifer Barnes,2011-12-15,Grade 3,+18869671235,902
S08942,Brittany Turner,2008-11-07,Grade 4,+18958714337,57693
S08943,James Rice,2007-10-28,Grade 5,+19443651137,1322
S08944,Samantha Price,2016-02-17,Grade 3,+16372637766,-
S08945,Carrie Kent,2006-10-30,Grade 4,+19636631092,06134
S08946,Alicia Hoover,2018-06-11,Grade 2,+16835917669,-
S08947,Sarah Alexander,2013-04-14,Grade 4,+13826794616,8270
S08948,Jennifer Stein,2012-11-24,Grade 2,+16998843844,-
S08949,Ethan Miller,2009-08-08,Grade 2,+18568096100,14708
S08950,Jason Lawrence,2006-11-16,Grade 3,+16428255061,484
S08951,Jordan Hanna,2013-04-21,Grade 2,+14542721341,65332
S08952,Deanna Bailey,2016-04-05,Grade 1,+14894539273,94658
S08953,Jessica Garrett,2017-06-30,Grade 4,+19442685471,856
S08954,Lindsay Brooks,2017-07-15,Grade 4,+15096657120,167
S08955,Donna Martin,2011-07-18,Grade 3,+17668503166,513
S08956,Brian Evans,2012-04-09,Grade 4,+18449832938,-
S08957,Ryan Smith,2008-08-30,Grade 2,-,-
S08958,George Martinez,2012-11-12,Grade 4,+13877283188,153
S08959,Edward Sanders,2018-12-21,Grade 5,+13096898353,-
S08960,Sherry Smith,2006-04-19,Grade 2,+15412144047,-
S08961,Brenda Herring,2012-04-22,Grade 2,+19746693850,-
S08962,Karen Brewer,2009-01-27,Grade 4,+12008798436,5044
S08963,Shelby Bradley,2007-10-17,Grade 2,+17692868581,300
S08964,Jeremy Todd,2007-04-17,Grade 3,+18823937453,006
S08965,Samantha Carter,2011-12-10,Grade 4,+18638520662,-
S08966,Courtney Cook,2009-08-09,Grade 4,+18065739635,7029
S08967,Michelle Richmond,2012-02-19,Grade 4,+15594214574,-
S08968,Christina Matthews,2010-07-25,Grade 1,+13896563633,-
S08969,Sandra Lee,2017-05-12,Grade 3,+15614618675,08647
S08970,Jessica Dunn,2014-01-29,Grade 4,+15936427169,953
S08971,Scott Underwood,2014-01-29,Grade 1,+18429854415,-
S08972,Brandon Blake,2014-09-08,Grade 5,+19296152781,0763
S08973,Jordan Davenport,2008-11-17,Grade 1,+13089186158,19217
S08974,Robin Ellison,2017-09-24,Grade 1,+16528276697,-
S08975,Christina Clark,2014-09-01,Grade 3,-,-
S08976,Eric Foster,2006-05-12,Grade 3,+14808297181,-
S08977,Shannon Dunn,2010-09-09,Grade 5,+17476931307,3296
S08978,David Morrow,2016-10-01,Grade 4,+14848990711,-
S08979,Samantha Alvarez,2014-08-05,Grade 1,+16344120370,576
S08980,Jordan Liu,2015-10-16,Grade 3,+12533537904,175
S08981,Patricia Brown,2008-12-25,Grade 2,+12272252616,64815
S08982,Dr. Catherine Cook,2014-12-30,Grade 5,+13868428894,16829
S08983,Keith Rios,2014-12-22,Grade 3,-,-
S08984,Jon Fisher,2011-01-29,Grade 5,+12043450062,417
S08985,Jesse Norris,2015-03-05,Grade 5,+15659986237,-
S08986,Justin Castaneda,2011-08-10,Grade 3,+16113456775,-
S08987,Kimberly Graves,2015-09-02,Grade 4,+16769482124,-
S08988,Kari Luna,2018-07-31,Grade 3,+14575026175,2839
S08989,Miranda Howard,2014-10-15,Grade 2,+12043073617,10883
S08990,Jeanette Fletcher,2008-05-18,Grade 2,+16614422996,12804
S08991,Richard Bradford,2018-10-23,Grade 2,+13799688704,2783
S08992,Samantha Colon,2016-09-28,Grade 1,+19393540177,-
S08993,Melinda Garcia,2013-01-29,Grade 4,-,-
S08994,Andrea Day,2018-12-22,Grade 1,+14907999580,60134
S08995,William Baxter,2018-07-04,Grade 1,-,-
S08996,Ryan Gordon,2006-12-18,Grade 5,+15233689204,726
S08997,Kimberly Wilkins,2011-09-08,Grade 5,+12067351715,-
S08998,John Perry,2010-09-06,Grade 1,+13726736178,-
S08999,David Valencia,2017-05-11,Grade 3,+17458360252,-
S09000,Joy Morris,2006-05-09,Grade 4,+12182949913,985
S09001,Matthew Phillips,2017-05-24,Grade 2,+14516065582,729
S09002,Mathew Dennis,2007-02-11,Grade 4,+12649934589,26276
S09003,Michael Haney,2008-01-12,Grade 5,-,-
S09004,Melinda Riley,2006-04-28,Grade 5,+17472835818,043
S09005,Heather Escobar,2012-10-07,Grade 3,+19699170412,9078
S09006,Katie Andrews,2008-07-04,Grade 5,+15175313011,-
S09007,Kevin Kim,2011-01-29,Grade 4,+19958139316,-
S09008,Jennifer Park,2017-06-09,Grade 2,+19385710915,-
S09009,Steven Acevedo,2017-12-08,Grade 2,+19355488641,-
S09010,Anthony Leblanc,2008-08-10,Grade 5,+18122656151,-
S09011,Robert Holt,2010-12-25,Grade 2,+12583214198,5124
S09012,Alexandra Mejia,2015-09-24,Grade 4,+16824287204,-
S09013,Ashley Carlson,2010-09-22,Grade 1,-,-
S09014,James Leonard,2009-10-18,Grade 2,+12614556492,-
S09015,Adrienne Brown,2006-07-04,Grade 3,+18913165741,398
S09016,Erin Joseph,2013-09-17,Grade 3,+17918359135,7994
S09017,Jessica Cain,2017-09-23,Grade 1,+15533168474,9848
S09018,Benjamin Pace,2016-12-24,Grade 2,+12934724531,-
S09019,Joel Brown,2009-12-01,Grade 5,+16054640430,-
S09020,Sharon Beck,2014-02-11,Grade 3,+18026662975,679
S09021,Jessica Hawkins,2008-11-29,Grade 4,+17876728107,03383
S09022,Mr. Devin Reynolds,2008-11-10,Grade 4,+18264405810,782
S09023,Kristen Higgins,2015-07-19,Grade 4,+12926218401,468
S09024,Cathy Giles,2016-06-13,Grade 2,-,-
S09025,Jeffrey Brown,2008-01-27,Grade 2,+12616257729,9521
S09026,Steve Reyes Dds,2013-03-03,Grade 2,+14548810649,580
S09027,Nicole Harper,2009-03-06,Grade 3,+13327414890,-
S09028,Charles Fisher,2010-08-14,Grade 5,+13879997694,6083
S09029,Kenneth Sims,2011-08-25,Grade 4,+19152537239,-
S09030,Nicholas Riley,2007-09-28,Grade 2,+18073192284,-
S09031,William Martin,2013-05-20,Grade 2,+18159357647,62322
S09032,Robert Pugh,2007-01-31,Grade 5,+13724022904,06344
S09033,Leah Harris,2014-04-04,Grade 1,+16997307758,-
S09034,Michael Franklin,2009-03-22,Grade 4,+17417227596,3166
S09035,Daniel Cook,2012-04-29,Grade 4,+19509896784,055
S09036,Katherine Dunn,2016-08-06,Grade 2,+18757067149,-
S09037,Ernest Reilly,2018-05-09,Grade 2,+16447049715,726
S09038,Karen Rivera,2013-02-18,Grade 3,+19925644994,-
S09039,Justin Perez,2009-10-13,Grade 5,+19857684663,-
S09040,Heather Thompson,2011-07-24,Grade 2,+16087030475,-
S09041,Morgan Garcia,2013-06-02,Grade 2,+16775131196,-
S09042,Jacob Hodges,2009-01-02,Grade 3,+15428428623,43767
S09043,Mr. David Avila,2012-08-19,Grade 4,+16747276586,81964
S09044,William Ferguson,2014-07-19,Grade 2,+17783125025,-
S09045,Jamie Anderson,2013-01-31,Grade 5,+17486601981,491
S09046,April Jensen,2010-06-12,Grade 4,+13144958132,-
S09047,Lisa Patel,2015-12-13,Grade 5,+12872001654,98424
S09048,Joseph Chaney,2018-02-10,Grade 1,+18873224204,-
S09049,Jessica Crawford,2013-10-04,Grade 2,+14363525057,43302
S09050,Kristen Harper,2007-11-24,Grade 4,+17385536715,-
S09051,Sara Ferguson,2018-11-07,Grade 2,+16828963097,852
S09052,Amber Phillips,2009-01-25,Grade 2,+19142975937,242
S09053,Heather Welch,2014-11-23,Grade 4,+18469250966,1725
S09054,Victoria Thomas,2010-10-31,Grade 5,+15933460066,9217
S09055,Daniel Proctor,2008-12-06,Grade 3,+18755180650,-
S09056,Catherine Fuller,2012-08-09,Grade 4,+19357791246,-
S09057,Robert Hancock,2008-10-06,Grade 2,+18594021256,29229
S09058,William Barker,2012-02-20,Grade 2,+19576499592,-
S09059,Richard Martinez,2016-10-24,Grade 2,+16946839904,2600
S09060,Kelly Dougherty,2011-01-18,Grade 5,+12679206015,11512
S09061,Brandi Fuller,2011-08-24,Grade 4,+16385824229,60322
S09062,William Cook V,2012-09-25,Grade 5,+16833881778,-
S09063,Jason Hendrix,2007-07-26,Grade 4,+12985720131,121
S09064,Monica Peterson,2010-11-30,Grade 1,+13095548917,2335
S09065,Bonnie Chavez,2015-05-19,Grade 3,+16979456002,-
S09066,Kelsey Moore,2014-07-06,Grade 3,+14019355842,-
S09067,Sharon Hart,2006-04-29,Grade 1,+13133066640,06064
S09068,Cynthia Murray,2019-01-17,Grade 5,+13152904085,79359
S09069,Emma Cox,2019-03-02,Grade 1,+13073855467,5500
S09070,Stephanie Stewart,2018-01-26,Grade 4,+18938088195,4027
S09071,Lori Ramirez,2013-09-05,Grade 4,-,-
S09072,Logan Gonzalez,2013-04-03,Grade 2,+17683950427,-
S09073,Travis Clayton,2009-05-29,Grade 1,+15064835750,5284
S09074,Michael Conrad,2016-02-10,Grade 3,+16032667953,-
S09075,Caroline Young,2013-06-27,Grade 2,+16119699254,044
S09076,Amanda Page,2009-08-23,Grade 4,+16552210240,182
S09077,Billy Roberts,2016-10-27,Grade 3,+13092985119,-
S09078,Eric Kelly,2010-05-31,Grade 4,+15514414125,114
S09079,Veronica Shepard,2007-12-18,Grade 2,+17642834163,5155
S09080,Matthew Key,2009-02-05,Grade 2,+12887833124,-
S09081,Jessica Dixon,2017-07-23,Grade 4,+17905389743,277
S09082,Brian West,2011-06-29,Grade 3,+19924594056,-
S09083,Judith Norman,2010-09-27,Grade 1,+12265402916,79306
S09084,Mark Taylor,2008-07-01,Grade 2,-,-
S09085,Christopher Rogers,2018-01-31,Grade 3,+19098241281,-
S09086,Elizabeth Walker,2014-10-23,Grade 4,+19454087711,94105
S09087,Casey Smith,2016-05-19,Grade 4,+17798687722,-
S09088,Debra Johnson,2018-09-12,Grade 2,+14078739090,29077
S09089,Mario Miller Jr.,2012-06-12,Grade 1,+16536468792,52981
S09090,Wesley Rose,2011-04-22,Grade 2,+13028688466,68832
S09091,Denise Barrera,2008-07-23,Grade 2,+15427148463,828
S09092,Clinton Doyle,2019-02-21,Grade 1,+18618460665,9697
S09093,Dr. Jonathan Brown Md,2006-03-13,Grade 4,+16649017373,-
S09094,Parker Mitchell,2014-06-14,Grade 1,+18082556153,45858
S09095,Wanda Morse,2011-12-05,Grade 4,-,-
S09096,Alexander Miller,2012-04-05,Grade 4,+16523919765,03359
S09097,Kyle Lopez,2011-04-05,Grade 2,+15635523920,-
S09098,Chase Evans,2010-01-13,Grade 1,+17218908950,-
S09099,Janice Johnson,2015-05-13,Grade 5,+15282303093,8373
S09100,Jason Mitchell,2008-11-23,Grade 1,+16927319235,-
S09101,Austin Lara,2018-11-11,Grade 2,+19022678830,24489
S09102,Ryan Munoz,2014-12-02,Grade 2,+18713078811,-
S09103,Sara Pace,2016-12-08,Grade 3,+19955827919,6260
S09104,Brent Garcia,2011-06-25,Grade 4,+13696583773,-
S09105,Kevin Roberts,2014-09-28,Grade 1,+18315242844,-
S09106,Julia Schultz,2017-11-17,Grade 1,+18244105570,64742
S09107,Anna Navarro,2016-05-24,Grade 5,+15168387621,-
S09108,George Hensley,2008-10-14,Grade 2,+18299291128,98816
S09109,David Case,2010-04-08,Grade 5,+14813281510,98145
S09110,Brandy Gregory,2008-08-10,Grade 2,+19842110090,39651
S09111,Dr. Kevin Richardson Md,2008-06-03,Grade 2,+17774613375,392
S09112,Theodore Mcclure,2009-06-24,Grade 4,+19083025112,-
S09113,Anthony Rios,2011-03-09,Grade 5,+18085571221,176
S09114,Zachary Medina,2013-04-01,Grade 3,+18896084148,0882
S09115,Robert Soto,2015-06-16,Grade 3,+17346242293,971
S09116,Adrian Herrera,2018-11-10,Grade 1,+14312585051,-
S09117,Cody Barker,2016-11-18,Grade 5,+12755232172,07019
S09118,Anthony Nicholson,2010-09-29,Grade 1,+14723539854,-
S09119,Tracy Cummings,2018-10-08,Grade 4,+17997699326,-
S09120,Regina Miller,2008-08-14,Grade 4,+14644493263,-
S09121,Charlotte Blackwell,2013-05-05,Grade 3,+18488075055,441
S09122,Evelyn Jordan,2009-03-24,Grade 2,+17333675004,-
S09123,Maria Hamilton,2014-07-06,Grade 2,+18386361943,-
S09124,Timothy Cordova,2013-08-20,Grade 3,+15342159991,701
S09125,Krista Stephens,2016-04-22,Grade 5,+13729895910,-
S09126,Robert Foster,2012-10-22,Grade 1,+13086873221,5067
S09127,Susan Williams,2012-08-26,Grade 1,+14843142088,-
S09128,Mrs. Sarah Johnson,2007-12-04,Grade 5,+14959775544,-
S09129,Melissa Mccoy,2016-04-12,Grade 2,+12494999027,65672
S09130,Nicholas Thompson,2016-01-31,Grade 1,+19964792810,9056
S09131,Lauren Oconnell,2018-06-03,Grade 2,+19182700348,-
S09132,Emily Cruz,2018-06-13,Grade 5,+14482826616,17678
S09133,Julie Taylor,2010-11-04,Grade 3,+15049452652,814
S09134,Richard Nelson,2007-08-21,Grade 4,+16353351168,0668
S09135,Annette Riley,2017-05-15,Grade 5,+19106963940,070
S09136,Jamie Warren,2012-08-24,Grade 5,+16715989345,204
S09137,Noah Long,2011-08-24,Grade 5,+19659952965,9860
S09138,Dawn Calderon,2014-03-19,Grade 2,+16229236359,989
S09139,Rhonda Mitchell,2019-01-10,Grade 3,+12247893024,-
S09140,Laura Anthony,2018-01-03,Grade 1,+12443116440,416
S09141,Diane Zavala,2007-01-07,Grade 3,+17565112488,-
S09142,Amy Mccarthy,2010-12-07,Grade 1,+13582146078,189
S09143,Karl Jones,2007-02-12,Grade 2,+16803720714,083
S09144,Grace Wheeler,2013-11-17,Grade 3,+19008502548,-
S09145,Jade Velasquez,2007-10-21,Grade 5,+16452948358,79183
S09146,William Patterson,2015-05-11,Grade 4,+19477363205,0306
S09147,Justin Wheeler,2012-02-01,Grade 4,+16229594722,739
S09148,Dr. Marcus Mcdaniel,2013-09-05,Grade 5,+15137644078,772
S09149,David Boyd,2010-12-06,Grade 3,+13774266097,-
S09150,Christian Keith,2006-03-11,Grade 1,+15246349641,-
S09151,Nathan Reyes,2015-06-06,Grade 1,+16533598101,764
S09152,Brian Myers,2011-09-24,Grade 4,+16766583850,-
S09153,Jacqueline Calderon,2014-02-13,Grade 2,-,-
S09154,Patricia Wallace,2017-08-26,Grade 3,+14455029888,-
S09155,Angela Vaughn,2014-01-14,Grade 5,+17942745148,-
S09156,Katie Ortega,2018-02-28,Grade 3,-,-
S09157,Elizabeth Ortiz,2010-02-15,Grade 3,+14632119372,-
S09158,Darlene Moreno,2006-10-09,Grade 3,+15235284109,755
S09159,Christopher Holland,2015-02-15,Grade 2,+16768489320,017
S09160,Jessica Jacobs,2015-04-23,Grade 5,+16415666716,574
S09161,Amber Coleman,2017-06-26,Grade 5,+17648306608,-
S09162,George Maxwell,2008-05-21,Grade 1,+12553678657,44178
S09163,William Benjamin,2006-05-11,Grade 5,+17206943925,0745
S09164,Kendra Patterson,2018-07-27,Grade 5,+14215256495,-
S09165,Emily Jackson,2015-06-19,Grade 3,+16093850834,9558
S09166,Maria Sanchez,2011-08-09,Grade 2,+14292466527,-
S09167,Wendy Parks,2017-04-25,Grade 2,+19569320049,816
S09168,John Green,2015-03-11,Grade 4,+13765774257,0647
S09169,Charles Baker,2009-09-23,Grade 5,+17567546754,-
S09170,Charles Richardson,2015-06-23,Grade 4,+13722578047,-
S09171,Maria Smith Dvm,2009-12-13,Grade 2,+19555669423,7517
S09172,James Marquez,2007-09-12,Grade 3,+17805394985,-
S09173,Rebecca Page,2006-06-04,Grade 4,+19463069496,36647
S09174,Amy James,2018-12-21,Grade 3,+13688162551,44379
S09175,Elizabeth Martinez,2007-10-19,Grade 1,+12034504819,17962
S09176,Juan Camacho,2014-10-28,Grade 4,+13617733989,-
S09177,Kristin Hayes,2007-05-01,Grade 2,-,-
S09178,Elijah Moran,2016-12-22,Grade 2,-,-
S09179,Devin Silva,2013-02-15,Grade 3,+19102803049,4545
S09180,Jose Huffman,2013-05-20,Grade 5,+17305689763,714
S09181,Tracy Roberts,2010-10-04,Grade 2,-,-
S09182,Connie Davenport,2013-09-23,Grade 2,+18988601910,-
S09183,Preston Cabrera,2009-03-11,Grade 2,+14604309323,6610
S09184,George Jones,2013-05-05,Grade 2,+17658410382,-
S09185,Andrea Mcintosh,2017-02-05,Grade 2,+17283736841,33184
S09186,Jennifer Garcia,2010-04-29,Grade 2,+19985666307,-
S09187,Julie Brown,2009-05-10,Grade 3,+19343428004,1977
S09188,Tyrone Miller,2013-06-18,Grade 3,+14437060165,91106
S09189,Sara Richmond,2013-06-22,Grade 2,+16399302828,8465
S09190,Craig Cooper,2019-02-24,Grade 2,+18719113576,2065
S09191,Michael Combs,2013-04-30,Grade 3,+12888733011,-
S09192,Courtney Banks,2016-12-07,Grade 3,+12422665222,0504
S09193,Sandra Bauer,2007-10-16,Grade 1,+13648537331,-
S09194,Steven Rodriguez,2014-08-03,Grade 2,+18528386866,782
S09195,Misty Oconnor,2017-04-17,Grade 1,+13316603148,346
S09196,Jackie Smith,2012-11-01,Grade 1,+18588415083,905
S09197,Greg Watson,2014-09-13,Grade 5,+14664970793,15552
S09198,Jesse Figueroa,2016-08-26,Grade 1,+14627514588,-
S09199,Andrew Gardner,2012-09-12,Grade 2,+19978077499,155
S09200,Natalie Strickland,2007-09-13,Grade 4,+18417025071,9937
S09201,Jackson Hale,2013-07-27,Grade 1,+12428057125,315
S09202,Dean James,2008-01-07,Grade 3,+12414754045,-
S09203,Joshua Sweeney,2016-07-07,Grade 3,+13444650914,220
S09204,Sandra Clark,2007-05-25,Grade 5,+15616711504,80225
S09205,Julie Frazier,2014-06-08,Grade 4,+14668003069,6534
S09206,Timothy Williams,2014-06-01,Grade 1,+14668159583,48785
S09207,David Forbes,2015-09-13,Grade 3,+14974418861,-
S09208,Dana Williams,2010-08-20,Grade 1,+18166398064,-
S09209,Jessica Stanley,2012-12-16,Grade 5,+15305628164,-
S09210,Angel Patel,2013-04-14,Grade 5,+17807690330,-
S09211,Luke Maxwell,2009-08-02,Grade 3,+16115618260,654
S09212,Jennifer Reyes,2008-04-01,Grade 3,+16847989800,-
S09213,Christine Harper,2014-12-31,Grade 1,+15894575791,-
S09214,Robert Conner,2010-05-30,Grade 3,+18706348305,955
S09215,Ashley Harris,2015-07-11,Grade 2,+12787481245,7558
S09216,Nicole Boone,2011-06-08,Grade 2,+13039234833,891
S09217,Adam Brown,2009-11-21,Grade 3,+12013269948,-
S09218,Adam Vazquez,2017-06-18,Grade 4,+12896661344,-
S09219,Olivia Dominguez,2016-05-07,Grade 4,+12235648051,3659
S09220,Michael Williams,2015-08-09,Grade 5,+16998276558,6948
S09221,Robert Brooks,2009-02-01,Grade 4,+13698458532,-
S09222,Darren Daniel,2006-09-24,Grade 5,+17335223938,882
S09223,Traci Nunez,2013-04-25,Grade 1,+16994575803,-
S09224,Rachel Hartman,2010-02-12,Grade 2,+12645384330,-
S09225,Zachary Malone,2017-11-17,Grade 3,+13715858348,077
S09226,Kaitlin Butler,2014-10-22,Grade 3,+12949578502,-
S09227,Heather Martin,2012-01-15,Grade 4,+16275053444,-
S09228,Aaron Peterson,2016-12-31,Grade 2,+12988943834,4926
S09229,Robert Vaughn,2015-10-06,Grade 5,+14592366858,1872
S09230,Anthony Greene,2013-09-26,Grade 5,+15908656255,-
S09231,James Horn,2010-04-27,Grade 1,+17615751062,-
S09232,John Branch,2008-12-13,Grade 4,+12015295090,592
S09233,Andrea Brown,2007-06-25,Grade 4,+12504265230,9213
S09234,Mrs. Elizabeth Howard Md,2014-11-05,Grade 2,+13347607505,17559
S09235,Gabrielle Johnson,2010-06-27,Grade 4,+19745470370,6472
S09236,Carolyn Mata,2015-04-07,Grade 5,+15443224767,68736
S09237,Gregory Williams,2010-11-06,Grade 1,+16162980084,296
S09238,Jennifer Johnson,2016-11-24,Grade 5,+18616965075,-
S09239,Tina Montgomery,2018-08-01,Grade 3,+12467102327,33308
S09240,Wanda Taylor,2006-06-05,Grade 1,+14802895981,-
S09241,David Adams,2016-03-31,Grade 2,+16714546915,0112
S09242,Greg Castillo,2010-02-19,Grade 2,+15269988970,30609
S09243,Jaclyn Brown,2006-08-17,Grade 4,+16615020405,68348
S09244,Robert Walker,2011-06-28,Grade 3,+19593325478,893
S09245,Nancy Hayes,2007-03-29,Grade 4,+16117871879,-
S09246,Courtney Simmons,2012-03-18,Grade 2,+16614965732,-
S09247,Ryan Wood,2008-10-16,Grade 5,+18809349990,37095
S09248,Kelly Sanders,2009-06-06,Grade 4,+12432872962,-
S09249,Jimmy Ramirez,2016-02-27,Grade 3,+12957096864,7312
S09250,Dr. Joseph Perry,2016-08-06,Grade 1,+18393571562,280
S09251,William Smith,2009-02-04,Grade 2,+12156407439,4186
S09252,Matthew Cooper,2010-07-28,Grade 2,+16164255565,82668
S09253,Jackson White,2010-05-02,Grade 5,+17567007065,799
S09254,Stephanie Green,2012-07-15,Grade 5,+17162334549,10070
S09255,Jennifer Sherman,2011-02-12,Grade 5,+12729316137,-
S09256,Jennifer Glover,2010-02-23,Grade 3,+17233288947,10913
S09257,Andrew Atkinson,2007-06-11,Grade 5,+15933871752,75207
S09258,April Deleon,2011-04-13,Grade 5,+14433757364,-
S09259,Tiffany Gomez,2012-08-01,Grade 2,+14135640220,-
S09260,Benjamin Ferguson,2013-03-08,Grade 3,+14565293326,-
S09261,Robert Reyes,2012-04-20,Grade 2,+13246811198,-
S09262,Daniel Scott,2019-02-22,Grade 2,+12404207888,5857
S09263,Debra Colon,2013-08-02,Grade 3,+15599181319,91700
S09264,Melissa Lee,2015-09-23,Grade 3,+14915434954,-
S09265,Michael Cox,2010-01-25,Grade 5,+12452855192,-
S09266,Victor Rodriguez,2016-06-29,Grade 2,+19384309278,617
S09267,John Harris,2009-11-02,Grade 5,+14989493998,-
S09268,Andrew Garrison,2006-11-23,Grade 5,+19038513335,09256
S09269,Margaret Shields,2012-03-18,Grade 4,+18399010235,77061
S09270,Kaitlyn Jones,2014-03-07,Grade 3,+17042018343,50897
S09271,Carolyn Strickland,2009-03-21,Grade 1,+13897862359,5853
S09272,Elizabeth Maxwell,2014-12-18,Grade 4,+12503722543,925
S09273,Jordan Rodriguez,2013-05-25,Grade 2,+17714044231,-
S09274,Donna Preston,2012-07-22,Grade 3,+18759168494,0064
S09275,Christina Wilson,2006-09-07,Grade 2,+12752424566,60368
S09276,Laura Moore,2008-05-23,Grade 3,-,-
S09277,Anthony Diaz,2017-02-19,Grade 1,+17095228028,-
S09278,Mr. Mark Hall,2007-03-28,Grade 2,+15593119796,0117
S09279,Tara Lucas,2011-03-30,Grade 4,+13585688150,8849
S09280,Ashley Mullen,2006-09-23,Grade 4,+13329914186,04234
S09281,Dominic Combs,2010-01-23,Grade 5,+12286395272,0905
S09282,Tony Nguyen,2009-01-05,Grade 4,+14164478473,147
S09283,Patricia Lawson,2018-01-25,Grade 5,+17456031897,-
S09284,Stacey Mcdonald,2007-05-18,Grade 2,-,-
S09285,Michael Garrett,2009-11-25,Grade 5,+17187594338,48603
S09286,Courtney Prince,2017-04-03,Grade 1,+19219708429,0667
S09287,Angel Griffin,2018-12-24,Grade 3,+13075473531,6709
S09288,Thomas Sherman,2016-04-16,Grade 4,+18143277645,797
S09289,Todd Taylor,2018-10-18,Grade 2,-,-
S09290,Tara Thompson,2008-02-05,Grade 2,-,-
S09291,Brandy Jordan,2010-02-14,Grade 4,+14882010245,5385
S09292,John Thompson,2015-09-22,Grade 4,+15209175352,6070
S09293,Jacqueline Krueger,2016-10-15,Grade 5,+13037892133,-
S09294,Christian Smith,2017-12-07,Grade 2,-,-
S09295,Mark Harmon,2014-10-27,Grade 1,-,-
S09296,Melissa Young,2008-04-03,Grade 3,+18344256331,42506
S09297,Ms. Barbara Neal Dds,2012-03-11,Grade 5,+14034518087,-
S09298,Amber Shepherd Dds,2016-05-10,Grade 1,+14425192684,-
S09299,David Todd,2008-07-13,Grade 5,+16842713373,05819
S09300,Paul Miller,2013-08-05,Grade 5,+15612994114,5487
S09301,Jose Weaver,2010-09-05,Grade 3,-,-
S09302,Tonya Bailey,2017-08-27,Grade 1,+12849819594,-
S09303,Chad Davis,2018-03-27,Grade 3,+16436249384,030
S09304,Tony Fleming,2007-02-20,Grade 4,+13169019378,030
S09305,David Douglas,2014-07-23,Grade 4,+19235335715,23608
S09306,Bruce Delgado,2008-08-25,Grade 1,+17155791394,-
S09307,Dr. William Allen,2009-11-13,Grade 4,+12743524074,13909
S09308,Matthew Wells,2018-07-14,Grade 4,+12629733656,788
S09309,Nicholas Strong,2019-03-05,Grade 2,+14537509437,58042
S09310,Samantha Moore,2015-07-14,Grade 3,+17334067735,28514
S09311,Kimberly Diaz,2011-05-22,Grade 1,+13084279682,99002
S09312,Haley Greene,2011-01-07,Grade 5,+19582214816,7260
S09313,Crystal Wright,2011-05-11,Grade 2,+19875660944,4724
S09314,Aaron Reed,2010-06-01,Grade 1,+15532282119,-
S09315,Mark Robinson,2009-03-13,Grade 1,+19228452185,5798
S09316,James Benton,2016-01-23,Grade 5,+15548435673,-
S09317,Vicki Bonilla,2018-05-06,Grade 5,+14949361895,1996
S09318,Jessica Dixon,2008-09-28,Grade 4,+18636073353,467
S09319,Lauren Cardenas,2017-08-25,Grade 3,+12555259095,16779
S09320,Sherry Travis,2007-10-31,Grade 3,+16046360273,32018
S09321,Jessica Butler,2013-07-03,Grade 2,+14763109981,-
S09322,Rebecca Davis,2008-01-15,Grade 1,+13073784895,-
S09323,Christopher Ball,2014-04-20,Grade 4,+15775849108,57197
S09324,Marcus Morales,2013-05-02,Grade 4,+16923585261,-
S09325,Elizabeth Smith,2011-09-25,Grade 5,+14534385693,-
S09326,Miguel Sandoval,2017-07-17,Grade 2,+19244705509,3151
S09327,Kevin Church,2010-09-16,Grade 3,+14537574251,6225
S09328,Bryan Reed,2010-10-10,Grade 1,+19268412255,-
S09329,Kathryn Dorsey,2017-12-12,Grade 4,+18886973043,-
S09330,Ashley Clark,2014-04-17,Grade 1,+19755804539,961
S09331,Corey Lynch,2016-12-25,Grade 3,+17312885770,-
S09332,Leonard Robles,2010-01-29,Grade 3,+17332849821,-
S09333,Jose Garcia Md,2010-01-04,Grade 1,+17808864450,-
S09334,Jose Wilson,2007-08-21,Grade 2,+18758994018,5124
S09335,Lisa Martinez,2006-04-18,Grade 4,+13025151619,-
S09336,David Nichols,2010-11-07,Grade 4,+17075864198,-
S09337,Martin Gross,2007-12-07,Grade 4,+17209337043,90587
S09338,Kenneth Kim,2010-06-08,Grade 5,+18692765015,-
S09339,Melanie Hays,2008-03-19,Grade 1,+13425051043,-
S09340,Kimberly Crawford,2013-08-20,Grade 3,+19924351915,-
S09341,Ricardo Hammond,2008-10-17,Grade 2,+18926958953,-
S09342,Kathleen Hunt,2015-04-23,Grade 1,+14972536641,-
S09343,Julia Hoover,2009-05-22,Grade 2,+12192700330,9482
S09344,Sara Williams,2008-01-19,Grade 4,+12353719249,-
S09345,James Parker,2008-09-27,Grade 4,+13603620172,2984
S09346,Devin Johnston,2007-06-08,Grade 3,+15696990083,831
S09347,Stefanie Conrad,2016-03-12,Grade 3,+13593826119,883
S09348,Gina Miller,2009-10-23,Grade 2,+15924811756,5453
S09349,Jeremy Wilson,2016-02-05,Grade 3,+18497269590,-
S09350,Charles Johnson,2017-10-09,Grade 2,+13758765673,-
S09351,Ashley Cooper,2016-03-14,Grade 1,+16735202629,3114
S09352,William Peterson,2008-11-30,Grade 1,+15077178761,5871
S09353,Rodney Hernandez,2015-09-05,Grade 5,+16148758290,4698
S09354,Miss Michelle Lee,2012-01-23,Grade 4,+13122704276,53258
S09355,Cory Garcia,2016-09-23,Grade 4,+13704459189,-
S09356,Joshua Camacho,2017-03-18,Grade 3,+15808493346,95040
S09357,Nicholas Moran,2019-01-30,Grade 3,+18458474675,01065
S09358,Lori Ward,2010-01-01,Grade 2,+12125207169,-
S09359,Brianna Owens,2016-08-15,Grade 4,+13885447271,7905
S09360,Lisa Bailey,2007-12-28,Grade 5,+19692195067,472
S09361,Christopher Brock,2010-04-08,Grade 4,+19223397769,725
S09362,Jose Anderson Md,2014-04-25,Grade 4,+12712822958,-
S09363,Patricia Walters,2014-02-21,Grade 3,+13787386911,836
S09364,Antonio Walters,2018-10-07,Grade 4,-,-
S09365,John Garcia,2006-08-03,Grade 5,+13995922136,-
S09366,Nicholas Tucker,2014-10-26,Grade 4,+19854593011,-
S09367,Holly Davis,2011-10-10,Grade 4,+18966061269,-
S09368,Catherine Serrano,2011-01-04,Grade 4,+14209847705,-
S09369,Ashley Gomez,2016-02-13,Grade 2,+17452663108,74678
S09370,Meghan Jones,2008-10-08,Grade 5,+17507101571,-
S09371,Debra Alexander,2010-12-28,Grade 1,+14904129533,22280
S09372,Maria Ware,2015-10-11,Grade 2,+13956740327,-
S09373,Michael Duarte,2018-03-17,Grade 2,+19998535991,-
S09374,Kaitlyn Brennan,2017-07-30,Grade 4,+14106657900,1967
S09375,Leah Martin,2008-08-08,Grade 1,+17135298941,7633
S09376,Kenneth Foster,2012-08-05,Grade 4,+16676821420,74702
S09377,Larry Atkinson,2011-09-09,Grade 3,+15496481977,-
S09378,Madison Odom,2008-11-21,Grade 1,+19886597171,44953
S09379,Tammy Stanley,2011-10-10,Grade 2,+17215718126,41328
S09380,Vincent Norton,2014-02-10,Grade 4,+18026720846,-
S09381,Whitney Barry,2007-11-25,Grade 1,+12329663896,-
S09382,Teresa Sampson,2011-03-24,Grade 4,+17892389226,-
S09383,Melissa Roth,2006-09-19,Grade 1,+14859571997,341
S09384,Cody Thompson Dvm,2015-06-18,Grade 5,+12002727615,-
S09385,Norman Johnson,2016-02-13,Grade 1,-,-
S09386,Victoria Smith,2008-05-23,Grade 5,+13189115017,99833
S09387,Rhonda Espinoza,2017-01-29,Grade 5,+12122331698,289
S09388,John Turner,2012-12-05,Grade 3,+16859744632,-
S09389,Rachel West,2011-05-22,Grade 2,+18205634495,537
S09390,Kimberly Hernandez,2015-10-28,Grade 3,+17307206428,02598
S09391,Carly Khan,2012-11-11,Grade 1,-,-
S09392,Thomas Hill,2016-10-17,Grade 4,-,-
S09393,Jonathan Mendoza,2011-01-22,Grade 3,+15044299501,-
S09394,John Shields,2011-07-22,Grade 4,+14165233093,4350
S09395,Anthony Williams,2012-07-09,Grade 4,+15566772405,55416
S09396,Susan Aguirre,2017-04-14,Grade 2,+12322905987,-
S09397,Brenda Reynolds,2010-08-07,Grade 2,+15013214043,34275
S09398,Teresa Henderson,2012-05-30,Grade 4,+18278855925,14741
S09399,Margaret Prince,2014-04-17,Grade 4,+18376331988,7727
S09400,Matthew Peters,2007-03-06,Grade 5,+18708019629,21147
S09401,Christy Garrett,2016-02-12,Grade 3,+15046495648,764
S09402,Deborah Buck,2008-11-26,Grade 5,-,-
S09403,Tammy Patrick,2006-11-02,Grade 4,+19959351128,-
S09404,David Garcia,2010-03-28,Grade 1,+12996897805,21781
S09405,Kelsey Anderson,2007-11-21,Grade 1,+17666301898,-
S09406,Anthony Baker,2013-10-28,Grade 2,+15086045325,14025
S09407,Leroy Knox,2010-02-07,Grade 2,-,-
S09408,Julie Conley,2009-06-22,Grade 2,+16484616849,44761
S09409,Nicole Hopkins,2012-07-12,Grade 2,+16872350728,-
S09410,Amber Mckinney,2006-05-13,Grade 2,+17609869513,22555
S09411,Duane Maldonado,2012-08-03,Grade 5,-,-
S09412,Larry Young,2009-11-27,Grade 5,+18783617989,-
S09413,Gary Howe,2016-10-11,Grade 5,+14826307207,786
S09414,Shelley House,2011-12-22,Grade 3,+15964846650,029
S09415,Angela Abbott,2009-11-05,Grade 5,+14992356305,-
S09416,John Lucas,2018-07-18,Grade 4,+18196485682,-
S09417,Whitney Simmons,2016-10-08,Grade 2,+12899695563,-
S09418,John Smith,2013-11-20,Grade 2,+16796539290,29556
S09419,Karen Hudson,2015-03-18,Grade 4,+18678387765,353
S09420,Martin Rivera,2007-06-24,Grade 5,+18922232232,-
S09421,David Edwards,2016-08-06,Grade 5,+15195496171,620
S09422,Mark Huerta,2008-05-05,Grade 4,+13447960463,3725
S09423,Alexander Baker,2012-02-26,Grade 4,+12155092805,31708
S09424,Robert Arias,2018-04-29,Grade 2,+17626241331,-
S09425,Ryan Howard,2015-12-14,Grade 5,+19602123133,436
S09426,Tiffany Lawrence,2008-05-22,Grade 3,+16894373059,-
S09427,Eric Jackson,2015-10-13,Grade 1,+19572514158,93728
S09428,Jason Harris,2013-04-02,Grade 1,+13697877809,-
S09429,Teresa Johnson,2012-12-03,Grade 5,+15009656542,-
S09430,Frank Taylor,2013-06-12,Grade 5,+18419488842,-
S09431,Michael Smith,2008-04-03,Grade 3,+17042437432,7505
S09432,Natalie Hardy,2017-12-28,Grade 2,+19256095234,4127
S09433,Paul Clark,2013-07-31,Grade 3,+18839087305,-
S09434,Natalie White,2008-04-26,Grade 2,+16628274601,5108
S09435,Veronica Erickson,2007-05-19,Grade 1,+13624155848,0579
S09436,Mrs. Jamie Campbell,2008-04-11,Grade 4,+13255260035,164
S09437,Monica Brewer,2009-09-20,Grade 5,+14109104658,82057
S09438,Kimberly Foster,2017-04-17,Grade 1,+15175861825,7989
S09439,Lorraine Cummings,2014-08-31,Grade 1,+14078488951,74985
S09440,Alexandra Henry,2012-06-07,Grade 1,+12197193055,-
S09441,Jordan Whitehead,2015-03-12,Grade 1,+14218864238,-
S09442,Christopher Ramos,2009-11-09,Grade 4,+17867335926,-
S09443,Carl Mendez,2006-11-16,Grade 5,-,-
S09444,Sheila Dickson,2012-02-26,Grade 5,+17884769905,810
S09445,Carl Miller Md,2014-09-04,Grade 5,+12786986573,27315
S09446,John Schultz,2008-03-02,Grade 2,+18667046658,323
S09447,Candace Freeman,2008-09-12,Grade 4,+16813641155,-
S09448,Christopher Vasquez,2007-05-02,Grade 5,+12245256221,9150
S09449,Beth Mclean,2015-02-09,Grade 1,+13952077353,17028
S09450,Nicole Cain,2017-08-04,Grade 4,+18702908617,964
S09451,Mia Benton,2016-09-19,Grade 1,+19485437310,7930
S09452,Stacey Torres,2009-09-15,Grade 5,+18607032759,-
S09453,David Hernandez,2009-03-31,Grade 2,+16986881212,-
S09454,Jennifer Pham,2015-12-27,Grade 4,+12359561593,1862
S09455,Larry Wilson,2015-03-06,Grade 3,+15626370848,0190
S09456,Pamela Andrews,2014-05-03,Grade 3,+19886382199,03570
S09457,Stephanie Hicks,2014-02-24,Grade 5,+14338858257,564
S09458,Paul Mendez,2016-05-29,Grade 3,+19469117047,-
S09459,Felicia Lee,2009-06-16,Grade 2,+13049255203,-
S09460,Kimberly Sanchez,2010-10-02,Grade 3,+12835054104,-
S09461,Jon Moreno,2007-02-22,Grade 2,+13196174047,-
S09462,Anna Owens,2007-07-21,Grade 1,+15534672124,13320
S09463,Suzanne Williams,2011-12-14,Grade 1,+18984753003,347
S09464,Miss Tiffany Berger,2017-04-05,Grade 5,-,-
S09465,Kim Diaz,2015-08-04,Grade 5,+19875877617,-
S09466,Laura Williamson,2009-08-07,Grade 2,+18699666357,697
S09467,Samantha Byrd,2015-06-16,Grade 4,+13239398058,-
S09468,Anthony Smith,2014-01-31,Grade 4,+14916903394,-
S09469,Hannah Conley,2009-08-14,Grade 3,+14709535679,026
S09470,Jeff Kelly,2007-04-01,Grade 5,+14812162925,886
S09471,Angel Lloyd,2014-08-22,Grade 5,+19585649576,36443
S09472,Emily Mcclain,2018-10-28,Grade 2,+14527633011,51835
S09473,Daniel Roberts,2014-07-03,Grade 5,+18265568998,-
S09474,Michael Buchanan,2011-09-11,Grade 5,+13038951984,8232
S09475,Anna Gonzalez,2016-12-02,Grade 5,+17297960589,0053
S09476,Micheal Simpson,2007-03-25,Grade 5,+12234372641,6544
S09477,Tami Carson,2006-09-22,Grade 1,+18207130294,-
S09478,Shannon Terry,2010-09-10,Grade 5,+17537988919,-
S09479,Mrs. Jill Nelson,2014-01-23,Grade 5,+14679044861,-
S09480,Gina Kerr,2018-12-01,Grade 1,+18384751603,79577
S09481,Jonathan Barnett,2015-09-06,Grade 4,+17926064772,2236
S09482,Jessica Jensen,2013-09-03,Grade 2,+13312522477,-
S09483,Lisa Johnson,2012-03-18,Grade 5,+18566597006,-
S09484,Kristen Espinoza,2012-05-26,Grade 4,+13206252987,-
S09485,Jacqueline Hayes,2006-06-19,Grade 1,+14303356038,42890
S09486,Jackie Matthews,2006-09-20,Grade 1,-,-
S09487,Alfred Farrell,2018-12-17,Grade 5,+12047443904,-
S09488,Christopher Ruiz,2010-05-03,Grade 2,+16915383584,6867
S09489,Johnathan Holland,2017-10-03,Grade 4,+13838796855,87920
S09490,Mrs. Elizabeth Long,2011-08-14,Grade 3,+13053299613,057
S09491,Bradley Vega,2008-03-13,Grade 2,+15509187629,5884
S09492,Luke Cameron,2011-04-06,Grade 5,+12856495688,4378
S09493,Elizabeth Paul,2016-09-29,Grade 4,+13294196833,7796
S09494,Edwin Johnson,2018-07-02,Grade 5,+16233029450,-
S09495,Ashley Jones,2012-08-16,Grade 2,+15714648633,-
S09496,Mikayla Mckee,2016-05-09,Grade 2,+14259142228,497
S09497,Jay Evans,2008-04-08,Grade 5,+17592728734,539
S09498,Chase Kidd,2016-12-27,Grade 2,+12623342083,01279
S09499,Jeffrey Perez,2015-04-03,Grade 5,+16695436246,-
S09500,Mary Fowler,2010-03-14,Grade 4,+15589555774,-
S09501,Nathan Ortiz,2011-06-22,Grade 2,+15837130947,8382
S09502,Laura Peterson,2011-08-11,Grade 2,+19413297995,-
S09503,Raymond Ramos Jr.,2015-05-09,Grade 4,+18717041545,-
S09504,Edward Salazar,2017-03-30,Grade 2,+13269306308,95455
S09505,Kelly Heath,2013-06-10,Grade 5,+12924868600,0104
S09506,Robert Wilson,2011-05-16,Grade 4,+13524153581,-
S09507,Jessica Allen,2017-02-28,Grade 4,+13134885834,62579
S09508,Matthew Carter,2013-01-04,Grade 1,+15047620978,1490
S09509,Brian Wallace,2008-10-30,Grade 5,+16464330881,78950
S09510,Jose Smith,2016-12-04,Grade 1,+18845871755,-
S09511,Sarah Malone,2006-10-09,Grade 4,+16344597091,76696
S09512,Jeffrey Cross,2017-12-09,Grade 5,+18183145403,420
S09513,Sandra Woods,2007-09-30,Grade 3,+16353660048,-
S09514,Austin Cox,2013-02-14,Grade 2,+16184742475,9604
S09515,Charles Taylor,2008-08-24,Grade 2,-,-
S09516,Dr. Karen Pittman Dvm,2008-08-21,Grade 3,+17968224739,989
S09517,Wendy Collier,2016-09-30,Grade 3,+12232893201,-
S09518,Alexis Lam,2019-01-15,Grade 1,+15268201205,-
S09519,Melissa Romero,2006-08-12,Grade 4,+18255792687,28604
S09520,Latoya Johnson,2011-06-11,Grade 4,+16066688290,53807
S09521,Heather Martinez,2006-03-11,Grade 1,+12485855571,03659
S09522,Michael Hughes,2006-11-15,Grade 2,+14499689675,67961
S09523,Daniel Mcconnell,2018-10-27,Grade 1,+17908708495,417
S09524,David Cross,2010-03-26,Grade 5,+12136484576,2977
S09525,Lauren Glass,2006-09-27,Grade 1,+17723695860,5988
S09526,Sydney Terrell Md,2017-11-18,Grade 5,+15548259189,-
S09527,Mary Gray,2014-05-24,Grade 1,+19172640548,-
S09528,Donna Martinez,2013-06-02,Grade 2,+14948834261,5613
S09529,Heather Mendez,2016-10-19,Grade 3,+16963154479,637
S09530,Dr. Monique Gates,2015-07-16,Grade 2,+18885331220,562
S09531,Miss Maria Hall,2013-06-27,Grade 3,+15074309519,4142
S09532,Jenna Marsh,2011-01-20,Grade 4,+19432584757,-
S09533,Ariana Archer,2014-08-17,Grade 2,+17523059423,1351
S09534,Shelia Smith,2012-10-16,Grade 2,+16244012998,1825
S09535,Brian Hall,2006-08-23,Grade 1,+18516106062,08613
S09536,Beverly Dominguez,2016-05-28,Grade 4,+12323452943,6227
S09537,Mary Davis,2008-07-15,Grade 1,+15946349352,4021
S09538,Billy Bridges,2017-08-07,Grade 2,+16562790380,96592
S09539,Leslie Lyons,2013-04-02,Grade 4,+14509105772,-
S09540,Amber Bush,2016-12-18,Grade 2,+15936794862,852
S09541,Betty Jones,2011-09-20,Grade 4,+12406046296,-
S09542,Chloe Sullivan,2018-09-10,Grade 1,+17829982535,-
S09543,Wesley Myers,2007-09-18,Grade 5,+15915030989,178
S09544,Shelley Sanchez,2014-08-07,Grade 1,+12135796676,-
S09545,Hayley Woods,2018-02-03,Grade 3,+13719892033,903
S09546,Kevin Snyder,2014-05-10,Grade 3,+18545520149,7734
S09547,Justin Foster,2007-12-31,Grade 1,+17719053537,8718
S09548,Ryan Patel,2007-03-08,Grade 2,+13916845061,-
S09549,Felicia Baker,2010-09-17,Grade 3,+18289747431,-
S09550,Melanie Morrow,2007-05-16,Grade 1,+15056801234,-
S09551,Brian Atkinson,2015-05-14,Grade 3,+19342693084,-
S09552,Heather Torres,2017-07-07,Grade 1,+13888167354,14343
S09553,Tammy Parker,2011-08-06,Grade 1,+15504101688,-
S09554,Thomas Henderson Dds,2018-02-04,Grade 2,+14388388966,-
S09555,Sonya James,2010-08-22,Grade 1,+19696344452,-
S09556,Michael Hall,2011-10-10,Grade 2,+18752807107,-
S09557,Raymond Madden,2009-06-05,Grade 2,+14967738285,0978
S09558,Jenna White,2017-12-05,Grade 1,+19954284543,0497
S09559,Andrea Garcia,2007-01-26,Grade 4,+17098037277,731
S09560,Kellie Hayes,2009-12-19,Grade 5,+12323246077,-
S09561,Linda Baker,2013-07-19,Grade 4,+15335109421,-
S09562,Todd Fry,2010-02-05,Grade 5,+18967255368,-
S09563,Tyler Jones,2007-06-26,Grade 1,+16432523282,402
S09564,Daniel Prince,2015-04-19,Grade 1,+17267479555,436
S09565,Richard Martinez,2012-10-10,Grade 5,+17233062562,048
S09566,Terry Wright,2010-02-26,Grade 3,+17403078300,9358
S09567,Sarah Miller,2009-07-05,Grade 5,+14795233880,-
S09568,Cheryl Hughes,2017-03-06,Grade 2,+15916138507,-
S09569,Grace Green,2009-07-25,Grade 1,+12433292782,279
S09570,Victoria Washington,2012-05-25,Grade 4,-,-
S09571,Holly Vega,2018-04-29,Grade 5,+16108908869,7079
S09572,Anthony Arroyo,2014-05-03,Grade 5,+18097476121,0424
S09573,Charles Frye,2009-11-11,Grade 2,+19334524381,668
S09574,Jordan Hill,2014-07-26,Grade 1,+13273709419,-
S09575,Alexis Green,2016-10-16,Grade 2,+13779465487,505
S09576,David Miller,2008-10-26,Grade 4,+17156568322,976
S09577,Michael Ramirez,2017-08-25,Grade 4,-,-
S09578,Christine Castaneda,2006-12-22,Grade 1,+17339647790,-
S09579,Jack Manning,2013-12-01,Grade 1,+17896253493,8353
S09580,Michael Smith,2009-03-21,Grade 2,+16948846605,394
S09581,Timothy Vang,2018-03-21,Grade 5,+17682402566,514
S09582,Kimberly Hinton,2013-11-19,Grade 1,-,-
S09583,Brittany Charles,2011-07-01,Grade 1,+15768755713,5292
S09584,Paul Wyatt,2007-05-07,Grade 2,+14478643330,-
S09585,Jose James,2016-09-16,Grade 3,+18027217840,3787
S09586,Amber Obrien,2017-01-06,Grade 1,+15603182882,-
S09587,Robert Martinez,2016-11-11,Grade 2,+13156776175,-
S09588,Zachary Stout,2015-03-24,Grade 2,+14824313208,268
S09589,Judy Carlson,2015-07-24,Grade 1,+12729473777,542
S09590,Alexander Perry,2017-11-15,Grade 3,+19794816560,66769
S09591,Richard Farmer,2017-02-19,Grade 2,+14764387796,-
S09592,Matthew White,2012-03-01,Grade 3,+19164437384,7762
S09593,Sharon Scott,2008-11-25,Grade 5,+14598563412,5956
S09594,Valerie Allen,2006-09-09,Grade 1,+15058026769,7485
S09595,Paul Smith,2018-10-13,Grade 4,+12289484782,-
S09596,Richard Foster,2013-02-13,Grade 2,+12434767779,6803
S09597,Jay Moreno,2006-06-17,Grade 2,+15797452985,8353
S09598,Alejandro Dawson,2010-05-16,Grade 5,+17958636134,-
S09599,Joshua Perry,2017-08-14,Grade 1,+16442727096,641
S09600,Ronald Zimmerman,2008-04-14,Grade 2,+15796782082,-
S09601,Angelica Dodson,2009-11-14,Grade 1,+13549287180,-
S09602,Stacy Brown,2016-08-01,Grade 4,+13763763194,-
S09603,Carrie Martin,2009-04-19,Grade 3,+17569874185,-
S09604,Abigail Rivera,2007-11-19,Grade 1,+14292632525,6070
S09605,Jeremy Barker,2008-02-01,Grade 1,+15515715334,2070
S09606,Christina Ellis,2010-08-09,Grade 1,+16475825066,0682
S09607,Edward Torres,2017-03-02,Grade 4,+19103939955,-
S09608,Hannah Hill,2011-03-24,Grade 4,+16429788578,13046
S09609,Shaun Case,2007-10-24,Grade 4,+14813151138,-
S09610,Susan Ballard,2014-12-29,Grade 1,+13388212617,-
S09611,Samantha Ward,2007-12-28,Grade 2,+17827376098,-
S09612,Jeremiah Smith,2013-05-24,Grade 3,+17006255715,-
S09613,Nicole Patterson,2009-08-04,Grade 1,+15873992911,7669
S09614,Amber Sanchez,2012-06-27,Grade 4,+14716456392,-
S09615,Wayne Carroll,2006-09-13,Grade 5,+13503155002,0945
S09616,Jacqueline Zavala,2010-02-27,Grade 4,+18756666297,50013
S09617,Donna Rivera,2017-11-24,Grade 4,+17534687011,5469
S09618,Glenn Gonzalez,2014-10-05,Grade 5,+15648826704,45331
S09619,Antonio Murphy,2013-09-06,Grade 1,+19422455857,0619
S09620,Ricky Farmer,2007-09-26,Grade 1,+17415241815,-
S09621,Adam House,2006-03-21,Grade 2,+12783378876,169
S09622,Barry Larsen,2014-09-27,Grade 1,+17805129476,8100
S09623,Dr. Oscar Webb,2007-07-12,Grade 3,+16168563442,394
S09624,Jessica Peterson,2012-03-12,Grade 1,+18613711996,-
S09625,Summer Miller,2007-07-01,Grade 5,+17152988819,49644
S09626,Jesse Lewis,2010-02-13,Grade 3,+13729010348,-
S09627,Dr. Mario Hines,2018-05-05,Grade 3,+13272316107,22798
S09628,Curtis Clark,2012-07-11,Grade 3,+18495213222,0459
S09629,Karen Perez,2018-11-27,Grade 5,+18963931516,846
S09630,Wanda Serrano,2011-06-30,Grade 1,+16512781263,29279
S09631,Crystal Hernandez,2008-10-08,Grade 5,+12558928378,49915
S09632,Nancy Moore,2014-03-11,Grade 5,-,-
S09633,April Gonzalez,2012-05-26,Grade 3,+14028717518,-
S09634,Joseph Braun,2012-07-02,Grade 5,+16445476578,87452
S09635,David Charles,2014-07-30,Grade 2,+12057824125,-
S09636,Jeffrey Nelson,2011-02-24,Grade 3,+19992437904,782
S09637,James Nelson,2007-10-09,Grade 2,-,-
S09638,Gary Hunter,2011-07-07,Grade 3,+19745506442,-
S09639,Michael Foster,2015-06-16,Grade 4,+16758046489,61351
S09640,Christopher Smith,2013-03-13,Grade 5,+13642266218,-
S09641,Tara Robbins,2016-04-25,Grade 3,+17183438889,-
S09642,Gina Jones,2006-12-11,Grade 3,+15553643910,-
S09643,Tiffany Steele,2006-06-10,Grade 4,+12458754432,03321
S09644,Kristin Gray,2010-04-29,Grade 1,+15169220433,-
S09645,Stephen May,2009-04-09,Grade 1,+18798283270,-
S09646,Ricky Garner,2006-11-21,Grade 3,+14877433330,-
S09647,Mark Watkins,2009-10-04,Grade 5,+14657279513,18367
S09648,Sheila Mercer,2011-07-25,Grade 4,+12966537129,918
S09649,Stephanie Jones,2013-10-31,Grade 5,+18445071485,13024
S09650,Bruce House,2009-06-24,Grade 4,+18697879744,-
S09651,Cynthia Martinez,2007-06-26,Grade 5,+15434845604,-
S09652,Rebecca Rodriguez,2010-02-17,Grade 2,+13199520340,7032
S09653,Nathaniel Schneider,2011-11-14,Grade 5,+12412899584,66393
S09654,Robert Martinez,2008-08-02,Grade 5,+19529682389,01008
S09655,Brianna Arnold Dvm,2007-07-22,Grade 5,-,-
S09656,Wesley Fields,2018-06-14,Grade 5,+15708536293,-
S09657,David Shepherd,2012-06-09,Grade 4,+18409691969,992
S09658,Melanie Woods,2009-09-01,Grade 4,+16968544993,88866
S09659,Robert Sullivan,2015-12-05,Grade 2,+18952370916,68534
S09660,Kenneth Dominguez,2015-01-22,Grade 5,+19807552055,793
S09661,Timothy Turner,2011-01-24,Grade 2,+16535810994,5967
S09662,Ronald Rodriguez,2012-09-01,Grade 5,+12099373327,7804
S09663,Robert Walker,2011-09-16,Grade 5,-,-
S09664,Stephanie Yates,2012-12-22,Grade 3,+15406638149,-
S09665,Keith Miller,2008-04-11,Grade 2,+18743892188,884
S09666,Russell Hudson,2012-07-02,Grade 5,+19658693635,-
S09667,Brenda Wood,2014-12-29,Grade 4,+17116565943,-
S09668,Mr. Steven Hall Phd,2009-08-24,Grade 5,+18303392874,3925
S09669,Timothy Brown,2016-01-15,Grade 2,-,-
S09670,Michael White,2011-06-06,Grade 4,+16175239642,-
S09671,Joseph Garrett,2016-09-12,Grade 5,+15784586348,-
S09672,Hunter Rodriguez,2009-05-19,Grade 4,+17094412061,-
S09673,Ashley Clarke,2017-08-08,Grade 1,+14137679223,9903
S09674,Joseph White,2018-03-27,Grade 1,+12208263553,-
S09675,Jordan Phillips,2013-08-28,Grade 1,+14812623207,3141
S09676,Bryan Allen,2009-05-18,Grade 2,+17657725099,585
S09677,Chad Rich,2007-03-10,Grade 2,+14096019371,1198
S09678,James Hinton,2014-01-10,Grade 3,-,-
S09679,Jeremiah Mccarthy,2018-04-24,Grade 2,+13205598054,28455
S09680,Christine Ramirez,2006-01-11,Grade 2,+12723825095,5264
S09681,Garrett Fisher,2008-11-02,Grade 3,+17654609061,8512
S09682,Jason Johnson,2006-06-27,Grade 2,+18156796239,-
S09683,Thomas Rivas,2013-06-12,Grade 3,+13262585473,-
S09684,Donald Park,2014-09-21,Grade 3,+15054236558,-
S09685,Colleen Hansen,2016-05-02,Grade 3,+16345136700,6573
S09686,Mark Tucker,2014-07-06,Grade 1,+12323924642,0317
S09687,Cheryl Howard,2011-03-24,Grade 4,+16514944714,-
S09688,John Long,2009-09-24,Grade 2,+13465601131,5945
S09689,Nicholas Singh,2010-10-07,Grade 3,+19804207891,-
S09690,Alexis Jones,2014-06-18,Grade 1,+13908339792,-
S09691,Laura Odonnell,2014-05-22,Grade 5,+16163380707,430
S09692,Jonathan Evans,2017-10-03,Grade 3,+13703188507,502
S09693,Thomas Terry,2007-11-26,Grade 1,+13304990114,9070
S09694,Charles Campos,2010-04-24,Grade 2,+14566106863,42225
S09695,Jamie Collins,2006-11-04,Grade 5,-,-
S09696,Marissa Hernandez,2019-02-18,Grade 4,+15699045086,0535
S09697,Jason Hess,2007-09-16,Grade 3,+14166286842,-
S09698,Kristin Fry,2006-10-15,Grade 4,+16993186578,264
S09699,Mary Jackson,2006-11-03,Grade 5,+19278046476,37124
S09700,Patricia Dalton,2007-12-21,Grade 5,+15923384763,80177
S09701,Jennifer Walker,2016-10-31,Grade 1,+19396622680,639
S09702,Jessica Lopez,2009-05-26,Grade 1,+19262674850,-
S09703,Richard Hughes,2013-05-14,Grade 2,+18894290747,648
S09704,Adam Carr,2006-10-07,Grade 2,-,-
S09705,Veronica Graham,2012-01-31,Grade 4,+16305905178,-
S09706,Amber Gilmore,2010-04-03,Grade 2,+13935375346,-
S09707,Jennifer Gonzalez,2015-04-02,Grade 4,-,-
S09708,Johnny Kelley,2016-11-27,Grade 3,+19057639193,-
S09709,Raven Wright,2016-11-01,Grade 3,+16879041231,533
S09710,Christopher Smith,2013-09-14,Grade 1,+17703118982,-
S09711,David Guerrero,2017-09-16,Grade 1,+12224513548,-
S09712,David Thompson,2018-11-25,Grade 4,+17865506930,42024
S09713,Nathan Phillips,2015-01-10,Grade 2,+13632060621,50713
S09714,Dr. Jason Hernandez,2006-05-30,Grade 2,+13277380790,6207
S09715,Kim Rubio,2016-04-29,Grade 2,+13076038406,0289
S09716,Kelly Choi,2011-03-22,Grade 2,+14986089077,411
S09717,Casey Garza,2009-05-27,Grade 5,+12659477664,-
S09718,Clinton Walker,2013-07-02,Grade 5,+17915990164,82889
S09719,Tonya Hernandez,2014-07-06,Grade 4,+18117255604,-
S09720,Steven Sawyer,2014-05-29,Grade 1,+18012215312,41415
S09721,Jessica Turner,2018-02-15,Grade 3,+19498720813,825
S09722,Brittany Freeman,2018-03-09,Grade 5,+18887850730,86187
S09723,Kevin Johnson,2006-06-11,Grade 3,+14065157036,79573
S09724,Gary Stevens,2016-08-22,Grade 5,+19237416423,97913
S09725,Yesenia Williams,2008-01-02,Grade 3,+14978252400,6763
S09726,Julie Wilson,2012-11-16,Grade 1,+18288640288,91582
S09727,Catherine Nelson,2013-01-11,Grade 5,+16454504951,-
S09728,Levi Perez,2011-03-15,Grade 1,+17594727893,71432
S09729,Lisa Turner,2011-05-28,Grade 3,+14225519495,-
S09730,James Woodard,2011-11-22,Grade 3,+12653477622,1546
S09731,Catherine Whitaker,2008-12-27,Grade 5,+18988443092,7346
S09732,Dominique Lawrence,2009-04-29,Grade 5,+13508426707,-
S09733,Kayla Guerra,2011-05-21,Grade 4,+12168956484,-
S09734,Nathan Brown,2012-03-14,Grade 3,+18998358939,5967
S09735,Mark Arnold,2009-06-28,Grade 1,+19248351499,52620
S09736,Nicholas Mcbride,2008-05-18,Grade 5,+17574507558,3126
S09737,Peter Rivas Md,2012-04-18,Grade 1,+19958164992,0478
S09738,John Mccann,2015-09-10,Grade 1,+15398884119,9770
S09739,Jeremiah Robinson,2010-05-27,Grade 4,+12407149174,-
S09740,Hector Benjamin,2017-09-15,Grade 2,+14193781997,94421
S09741,Crystal Bond,2014-07-25,Grade 3,+17033876576,69975
S09742,James Woods,2012-12-20,Grade 5,+17057180498,254
S09743,Tony Brown,2014-02-21,Grade 5,+17202384410,-
S09744,Jeffery Edwards,2016-06-18,Grade 4,+14649040667,838
S09745,Keith Anderson,2007-12-22,Grade 1,+15155045040,-
S09746,Shawn Jones,2008-08-06,Grade 5,+14247577963,-
S09747,Heather Miller,2016-05-10,Grade 3,+17119410260,287
S09748,Samantha Benjamin,2017-02-05,Grade 2,+18209367839,56836
S09749,George Perez,2015-03-22,Grade 1,+14278377586,-
S09750,James Lawson,2012-04-06,Grade 3,+19913332151,-
S09751,Robert Nguyen,2013-09-17,Grade 3,+19014751273,-
S09752,Charlotte Anderson,2009-05-09,Grade 2,+13506549691,150
S09753,Johnny Thomas,2014-09-01,Grade 3,+18128053991,38698
S09754,Jonathan Carpenter,2018-04-18,Grade 4,+17557289491,-
S09755,Eric Daniels,2009-08-02,Grade 5,+13514939478,06341
S09756,Tina Foster,2013-12-16,Grade 2,+19637546911,-
S09757,John Perez,2016-02-15,Grade 4,+13978329326,44735
S09758,Rachel Miller,2006-12-16,Grade 5,+16213327993,-
S09759,Julie Mendoza,2008-08-23,Grade 4,+16777606858,998
S09760,Steven Lee,2006-07-07,Grade 4,+19398394436,00084
S09761,Lawrence Li,2018-03-12,Grade 1,+17566859350,084
S09762,Jonathan Smith,2006-11-26,Grade 5,+13559588122,-
S09763,Jorge Garcia,2012-05-09,Grade 4,+15383711284,07193
S09764,Kathleen Brooks,2017-11-28,Grade 5,+13158792935,-
S09765,John Knight,2007-07-10,Grade 5,+14474559187,8900
S09766,Lori Johnson,2017-04-19,Grade 2,+18779472333,-
S09767,Brett Fox,2010-05-17,Grade 2,+13834924806,-
S09768,Robert Johnson,2019-03-03,Grade 3,+18605405907,-
S09769,Sarah Myers,2010-09-22,Grade 3,+13306728477,8116
S09770,Jenna Bradshaw,2013-12-06,Grade 3,+16559734459,6102
S09771,James Hines,2017-08-06,Grade 3,+12208045343,-
S09772,Melvin Chase,2016-10-19,Grade 5,+16467706488,-
S09773,Tyler Lee,2015-12-25,Grade 3,+17453884033,03521
S09774,William Gonzales,2006-12-06,Grade 3,+18327636886,0694
S09775,Crystal Murphy,2012-05-24,Grade 2,+16839583475,794
S09776,Kristen Wallace,2014-12-08,Grade 2,+19799680304,-
S09777,Benjamin Tyler,2010-11-03,Grade 3,+19284016646,-
S09778,Amy Jackson,2016-08-08,Grade 3,+15737510217,-
S09779,Mark King,2014-07-11,Grade 1,+14599299738,-
S09780,Vincent Callahan,2015-10-13,Grade 3,+12524518114,74973
S09781,Christina Morgan,2007-01-01,Grade 2,+15989746070,-
S09782,Jessica King,2015-08-26,Grade 1,+13085997027,438
S09783,Laurie Brown,2008-06-27,Grade 3,+15924512762,-
S09784,Richard Moran,2008-11-26,Grade 4,+14465127216,23679
S09785,Melinda Arias,2007-09-18,Grade 4,+19407323391,-
S09786,Chelsey Gregory,2019-01-13,Grade 5,+17224425906,671
S09787,Ian Coleman,2006-09-12,Grade 4,-,-
S09788,Katherine Diaz,2008-11-04,Grade 4,+19515095970,-
S09789,Daniel Smith,2010-04-18,Grade 3,-,-
S09790,Sara Mills,2010-01-15,Grade 5,+13748293631,-
S09791,Austin Hubbard,2014-08-07,Grade 4,+16126964544,952
S09792,Sean Garcia,2018-10-19,Grade 5,+12955657290,880
S09793,Alexander Yang,2017-09-14,Grade 2,+15519853971,93080
S09794,Laura Cochran,2014-03-04,Grade 3,+18312532020,-
S09795,Elizabeth Mcdonald,2014-11-13,Grade 1,+18839378307,-
S09796,Christina Ruiz,2018-07-17,Grade 2,+19314639674,3978
S09797,Christopher Wood,2013-05-07,Grade 3,+19244982659,-
S09798,Charles Carroll,2011-12-25,Grade 3,+18035886585,16612
S09799,Martin Washington,2009-01-02,Grade 2,+16589450697,-
S09800,Herbert Hoover,2010-07-03,Grade 1,+19606494829,-
S09801,Mary Palmer,2007-11-09,Grade 5,+13112552795,-
S09802,David Wilkins,2010-05-26,Grade 3,+16415353393,-
S09803,Ashley Yu,2018-09-12,Grade 4,+16648528939,-
S09804,Chad Mcdonald,2018-12-12,Grade 4,+13448870422,-
S09805,Alexander Raymond,2012-12-05,Grade 5,-,-
S09806,Michael Mcdaniel,2013-01-31,Grade 1,+19183941045,4124
S09807,Austin Deleon,2006-08-22,Grade 4,+16162532988,33253
S09808,Michael Nichols,2018-05-03,Grade 2,+16762080261,-
S09809,Audrey Burke,2013-06-28,Grade 1,+12399197324,605
S09810,Andrea Hernandez,2013-11-10,Grade 5,+18825547195,-
S09811,David Wang,2018-07-24,Grade 3,+18828970631,453
S09812,Rachel Simmons,2016-05-12,Grade 4,+12532151919,672
S09813,Elizabeth Hebert Md,2014-05-06,Grade 3,+19603181153,-
S09814,Amy Delacruz,2011-06-07,Grade 5,+16582724331,13353
S09815,Shawn Sullivan,2014-01-08,Grade 2,+17746342303,-
S09816,Christopher Lee,2018-08-30,Grade 3,+15383229233,199
S09817,Eric Gibson,2011-06-04,Grade 1,+16383407873,461
S09818,Mr. David Reed,2006-04-01,Grade 1,+16005584995,57724
S09819,Savannah Russell,2012-06-15,Grade 1,-,-
S09820,Shannon Thomas,2014-02-04,Grade 4,+14954054157,58425
S09821,Maria Molina,2016-02-07,Grade 5,+12404200446,007
S09822,Peter Parrish,2008-08-11,Grade 2,+19645228892,-
S09823,Timothy Castillo,2014-02-01,Grade 3,+17487044434,7070
S09824,Alexander Dyer,2009-01-31,Grade 1,+13372648566,-
S09825,Alexis Weeks Dds,2006-04-14,Grade 4,+12113724622,12695
S09826,Caitlin Fleming,2017-10-17,Grade 4,+12067986012,20878
S09827,Andrew Rich,2007-09-10,Grade 4,+12097288269,3435
S09828,Joyce Benton,2018-07-22,Grade 3,+12014335111,-
S09829,Carl Stevens,2009-09-05,Grade 5,+16678123469,59800
S09830,Patricia Patel,2012-10-04,Grade 1,+18862919244,-
S09831,Michael White,2019-01-15,Grade 2,-,-
S09832,Dennis Smith,2012-09-12,Grade 3,+12434055534,542
S09833,Linda Sanchez,2011-03-10,Grade 2,+18772853896,-
S09834,Mrs. Rebecca Bonilla,2010-11-29,Grade 1,+17264168300,637
S09835,Sierra Ross,2015-02-21,Grade 3,+19229471133,-
S09836,Jessica Smith,2015-07-24,Grade 1,+19642526389,-
S09837,Ryan Sandoval,2018-07-12,Grade 1,+18308976873,95425
S09838,Daniel Gomez,2017-05-14,Grade 2,+16762156018,17960
S09839,Corey Brady,2012-10-10,Grade 2,-,-
S09840,Felicia Torres,2006-05-10,Grade 4,+18106159484,-
S09841,Ann Zuniga,2018-09-13,Grade 3,+13013708797,-
S09842,Mr. Eddie Powers,2016-08-10,Grade 4,+19732415873,-
S09843,Ryan Henry,2011-11-19,Grade 3,+13715126005,7157
S09844,Catherine Ramirez,2011-01-25,Grade 5,+13555190860,5171
S09845,Rebecca Green,2017-02-11,Grade 1,+19429836287,-
S09846,Tracy Nash,2010-08-19,Grade 1,+15505629023,195
S09847,Timothy Freeman,2014-03-27,Grade 3,+13189622389,-
S09848,Kelly Matthews,2016-04-18,Grade 5,-,-
S09849,Virginia Harris,2010-01-17,Grade 5,+18643383394,23487
S09850,Christopher Clarke,2018-02-06,Grade 3,+12229422525,-
S09851,Timothy Mcdonald,2010-01-04,Grade 5,+14225828194,626
S09852,Robert Daniels,2008-09-10,Grade 5,+12912554874,95554
S09853,Kristy Miller,2013-03-31,Grade 1,+17898078464,38904
S09854,Brandon Daniels,2006-06-24,Grade 2,+17435145704,1345
S09855,Monica Brown,2009-08-18,Grade 5,+15239790602,-
S09856,Andres Durham,2010-10-02,Grade 4,+17033120716,-
S09857,Brett Klein,2016-02-19,Grade 2,+13197570281,-
S09858,Jamie Andersen,2010-06-03,Grade 4,+13593010130,-
S09859,Dawn Hudson,2016-01-06,Grade 4,+15158707525,745
S09860,Melissa Werner,2014-09-21,Grade 3,+19757547940,7164
S09861,Stephen Branch,2006-06-13,Grade 2,+18508979162,150
S09862,Jenna Davenport,2013-08-14,Grade 1,+14724884956,4581
S09863,Joseph Bradford Dds,2008-07-14,Grade 3,+16057865953,-
S09864,Ronald Hopkins,2016-07-13,Grade 3,+14306830588,3349
S09865,Jonathan Robinson,2017-05-05,Grade 2,+14432678183,59305
S09866,Crystal Parrish,2018-06-24,Grade 5,+17814217401,31664
S09867,Nancy Garcia,2009-02-17,Grade 1,+18873059874,66980
S09868,Joshua Jones,2015-01-05,Grade 3,+13123714301,09607
S09869,Ashley Wright,2009-05-14,Grade 1,+13994234193,-
S09870,Katherine Barnes,2009-10-21,Grade 1,+19088054800,-
S09871,Kelsey Lyons,2006-09-27,Grade 4,+13038964761,-
S09872,Samuel Proctor,2018-10-09,Grade 3,+15876545426,9223
S09873,Gregory James,2016-09-03,Grade 3,+16273561276,6113
S09874,Joshua Mclaughlin,2007-06-26,Grade 5,+18156810406,206
S09875,Thomas Bass,2018-07-26,Grade 3,-,-
S09876,Cody Hernandez,2013-03-15,Grade 1,+12885482003,2588
S09877,Katherine Mitchell,2013-03-09,Grade 3,+14796911426,-
S09878,Jessica Murphy,2018-12-05,Grade 3,+17338438066,501
S09879,Jesse Williams,2018-06-28,Grade 4,-,-
S09880,Joanne Newton,2008-06-08,Grade 2,+12606669523,-
S09881,Claudia Larson,2013-06-06,Grade 3,+15539463077,-
S09882,Amber Ross,2015-11-15,Grade 4,+14106918869,3816
S09883,Jason Bates,2018-12-15,Grade 1,+12444649942,519
S09884,Amy Williams,2009-12-22,Grade 4,-,-
S09885,Steven Martin,2009-12-08,Grade 2,+16692539967,98028
S09886,David Moore,2010-09-03,Grade 2,+12359817124,-
S09887,John Bridges,2019-02-10,Grade 5,+15713663025,9630
S09888,Teresa Warner,2011-04-30,Grade 4,+18625291868,0203
S09889,Thomas Choi,2017-08-26,Grade 3,+14599936741,-
S09890,Christina Brooks,2011-03-07,Grade 4,+19413046056,-
S09891,Ashley Braun,2013-04-29,Grade 4,+17182912184,785
S09892,Andrew Valentine,2013-07-01,Grade 3,+19955019418,-
S09893,Kenneth Miles,2009-03-30,Grade 2,+15132222584,801
S09894,Tom Macias,2016-04-05,Grade 3,+15494227311,-
S09895,Angela Galvan,2015-02-11,Grade 1,+16344013919,811
S09896,Amber Jackson,2016-07-23,Grade 1,+17219363618,66277
S09897,Roger Weeks,2009-11-04,Grade 4,+17129987586,-
S09898,Nathan Evans,2016-03-12,Grade 3,+15927349556,0541
S09899,Scott Robinson,2008-09-30,Grade 3,+13084761645,-
S09900,Billy Bowen,2016-02-02,Grade 4,+13292495187,83131
S09901,David Rodriguez,2016-07-31,Grade 1,+18133752484,-
S09902,Kayla Lopez,2007-02-17,Grade 3,+19523879664,-
S09903,Donna Trevino,2018-05-05,Grade 1,+14302778157,366
S09904,Christopher Schmitt,2017-07-06,Grade 4,+18993652370,-
S09905,Kristie Mason,2006-12-16,Grade 3,+19874949015,-
S09906,Amanda Lyons,2015-03-24,Grade 1,+16374452218,845
S09907,Deanna Baxter,2012-06-07,Grade 3,+14804906511,6272
S09908,Lauren Ramirez,2014-06-01,Grade 1,+18008416589,-
S09909,Kaitlyn Logan,2011-12-18,Grade 1,+15238988898,6359
S09910,Timothy Castillo,2015-06-07,Grade 1,+18315128567,-
S09911,Gregory Garrett,2007-08-24,Grade 3,+12093660176,-
S09912,Katherine Lee,2012-10-25,Grade 1,+13915690978,0007
S09913,Heather Jones,2011-08-08,Grade 5,+13824975611,3841
S09914,Megan Mathews,2008-09-07,Grade 2,+17597083368,572
S09915,Anna Johnson,2014-07-27,Grade 3,+14673212836,-
S09916,Becky Jarvis,2012-01-26,Grade 5,+18392327169,-
S09917,Nicole Armstrong,2019-02-08,Grade 3,+12723899923,-
S09918,Annette Ramos,2018-04-12,Grade 1,+19467690893,-
S09919,Samantha Davis,2017-01-02,Grade 5,+16459212023,0321
S09920,Linda Clark,2006-10-23,Grade 4,+17047153327,-
S09921,Emma Daniels,2015-07-21,Grade 1,+15377520439,32111
S09922,Brandon Davis,2007-08-05,Grade 2,+15483064822,54354
S09923,Michael Navarro Dvm,2008-02-16,Grade 4,+15944188660,9885
S09924,Jasmin Cantu,2014-08-23,Grade 5,+19096224507,-
S09925,Shannon Lam,2009-07-03,Grade 4,+15939937855,776
S09926,Austin Bennett,2018-07-24,Grade 3,+12647116275,3767
S09927,Rebecca Robles,2016-06-21,Grade 3,+13966289070,-
S09928,Alexis Carter,2013-04-17,Grade 1,+15463125029,339
S09929,Sarah Barnes,2019-03-09,Grade 3,+15127020164,-
S09930,Jennifer Spence,2015-02-16,Grade 1,+17919163906,1140
S09931,Angela Harris,2014-09-01,Grade 2,+15389088287,4869
S09932,Timothy Gonzalez,2012-01-20,Grade 5,+13757122963,83436
S09933,Zachary Santos,2009-08-29,Grade 3,+14213552912,063
S09934,Anthony Hansen,2011-08-20,Grade 4,+13777832072,97421
S09935,Ryan Fuller,2011-02-26,Grade 5,+14679931944,-
S09936,Stephen Anderson,2007-10-06,Grade 1,+17817564504,38263
S09937,Brandon Roy,2015-11-28,Grade 2,-,-
S09938,Sandy Roberts,2015-02-03,Grade 5,+19323933756,-
S09939,Veronica Daniels,2017-08-25,Grade 3,+18092150386,7166
S09940,Katie Castro,2016-04-15,Grade 1,+13164763258,8988
S09941,Matthew Gardner,2017-11-28,Grade 1,+13593967499,798
S09942,William Hughes,2015-09-14,Grade 4,+15284084323,72045
S09943,Angela Weiss,2010-01-04,Grade 3,+17979262210,-
S09944,Amanda Morgan,2006-05-27,Grade 5,+19678683852,091
S09945,Kathryn Shepard,2009-07-18,Grade 4,+19589803347,-
S09946,Kristin Mckay,2006-03-15,Grade 1,+15149583678,1042
S09947,Kelly Jenkins,2016-11-12,Grade 2,+15298713385,-
S09948,Terry Avila,2014-08-28,Grade 3,+18138295349,-
S09949,Debra Perez,2011-01-25,Grade 1,-,-
S09950,Rachel Moran,2007-12-18,Grade 2,+17583257098,351
S09951,Douglas Kim,2018-10-04,Grade 1,+14065953621,-
S09952,Patrick Tucker,2009-09-13,Grade 4,-,-
S09953,Stephanie Howe,2010-07-20,Grade 1,+17382512160,-
S09954,William Riley,2011-07-28,Grade 1,+12249747600,-
S09955,Michael Evans,2016-02-27,Grade 4,-,-
S09956,Jason Pierce,2018-03-12,Grade 5,+14916291694,574
S09957,Tracy Key,2017-12-19,Grade 3,+18874498846,0023
S09958,Matthew Hartman,2015-07-12,Grade 2,+13949506482,-
S09959,Joseph Perez,2016-12-18,Grade 2,+15319547665,676
S09960,John Wilson,2016-08-13,Grade 4,+16713974847,-
S09961,Andrea Mullen,2016-08-28,Grade 3,+13834885589,8603
S09962,Bradley Smith,2010-05-08,Grade 1,+18475341074,75765
S09963,Brittney Lopez,2007-07-21,Grade 4,+18027720496,5576
S09964,Mrs. Suzanne Sims,2013-03-14,Grade 4,+16318892624,-
S09965,Shane Robinson,2013-12-15,Grade 5,+12279615840,39089
S09966,Jaclyn Myers,2007-02-03,Grade 4,+14767545786,146
S09967,Christopher Adams,2010-03-01,Grade 4,+16645032652,640
S09968,Stacy Johnson,2011-01-24,Grade 5,+16328333791,-
S09969,David Baldwin,2013-08-17,Grade 5,+16845630689,-
S09970,James Nelson,2011-03-19,Grade 4,+12277450783,-
S09971,Christopher Miller,2015-06-04,Grade 1,+15983677994,945
S09972,Patricia Bell,2015-06-07,Grade 3,+12448778360,044
S09973,Lindsey Meyer,2008-12-01,Grade 4,+18369042691,42202
S09974,Laura Wiggins,2012-08-22,Grade 3,+19112741280,29309
S09975,Victoria Thomas,2009-06-16,Grade 3,+17688697107,73241
S09976,Kristen Nguyen,2009-11-10,Grade 5,+19874534627,059
S09977,Benjamin Clark,2016-09-30,Grade 5,+16088379264,6341
S09978,James Welch,2007-12-17,Grade 4,+19805681879,1243
S09979,Christopher Owens,2018-05-28,Grade 3,+14448160650,038
S09980,Kenneth Taylor,2017-05-03,Grade 2,+19723031425,16893
S09981,Linda Small,2015-02-11,Grade 3,-,-
S09982,Patricia Keller,2010-03-16,Grade 3,+12156654997,0754
S09983,Ashley Williams,2014-07-29,Grade 5,+17745869954,0886
S09984,James Rivers,2015-06-20,Grade 1,+12032691217,-
S09985,Roger White,2019-02-10,Grade 1,+12129308762,53337
S09986,Angela Kelley,2010-11-30,Grade 5,+19605893879,122
S09987,Sherri Stark,2015-09-02,Grade 3,+19288439889,7031
S09988,Samantha James,2010-03-19,Grade 2,+14986893250,-
S09989,Breanna Horton,2012-02-20,Grade 3,+15176619880,-
S09990,Rachel Hardin,2012-11-01,Grade 2,+19852583263,462
S09991,Gregory Lozano,2013-03-15,Grade 2,+19544132748,-
S09992,Ryan Williams,2007-11-24,Grade 4,+16087499593,-
S09993,Alan Shelton,2012-10-25,Grade 3,+18576983454,-
S09994,Katherine Herrera,2016-06-19,Grade 4,+12153936319,-
S09995,Brenda Henderson,2018-01-07,Grade 3,+14453232302,522
S09996,Patrick Wheeler,2011-05-24,Grade 1,+13009530704,-
S09997,Kristina Davis,2007-03-03,Grade 3,+18442724835,8943
S09998,Tyler Jones,2018-09-01,Grade 5,+14289267364,4070
S09999,Chelsea Williams,2018-01-13,Grade 5,+12722473324,51840
S10000,Deborah Peterson,2016-08-07,Grade 2,+14626527622,090
S10001,Alexandria Shah,2015-03-02,Grade 3,+17596044415,-
S10002,Christopher Lopez,2011-10-31,Grade 1,+17394233942,8322
S10003,Tina Cooper,2018-12-20,Grade 1,-,-
S10004,Sarah Roberson,2016-07-17,Grade 5,+18544394239,776
S10005,Mr. Jonathan Thomas,2010-07-10,Grade 1,+14955148750,9266
S10006,Aaron Gill,2016-12-07,Grade 3,+15827876699,-
S10007,Robert Mitchell,2010-03-03,Grade 2,+17802800319,76755
S10008,Linda Hamilton,2008-07-16,Grade 3,+14417725922,-
S10009,Susan Cooper,2009-02-19,Grade 4,+19696706327,6810
S10010,Robin Chen,2009-03-28,Grade 1,+13127823876,-
S10011,Ashley Chan,2014-05-25,Grade 3,+18955954665,611
S10012,Edward Hill,2016-03-06,Grade 5,+15984626975,-
S10013,Eric White,2014-04-23,Grade 3,-,-
S10014,Tony Rios,2006-09-14,Grade 3,+12894451212,-
S10015,Meghan Myers,2017-07-31,Grade 3,+15485654048,1034
S10016,Daniel Berry,2006-06-22,Grade 2,+15659228628,225
S10017,Brittany Hull,2012-04-08,Grade 3,+15186297424,64115
S10018,Sarah Weaver,2010-02-24,Grade 5,+18268673650,-
S10019,Vincent Hunt,2013-09-27,Grade 3,+17607846571,096
S10020,Claudia Brown,2018-01-23,Grade 5,+12157514127,52624
S10021,Craig Patterson,2012-08-09,Grade 2,+16945963617,17081
S10022,Karen Harrison,2007-08-09,Grade 3,+14515937257,13498
S10023,Jacqueline Clark,2018-03-20,Grade 2,+18428232859,443
S10024,Kimberly Rowe,2016-09-25,Grade 5,+14176930536,-
S10025,David James,2011-09-04,Grade 4,+15774134895,135
S10026,Melissa Schaefer,2013-09-04,Grade 5,+17055055129,21852
S10027,Carla Wiggins,2010-08-08,Grade 3,+15248031181,57739
S10028,Jodi Jackson,2006-04-29,Grade 4,+17142734361,-
S10029,Charles Delgado,2010-12-02,Grade 3,+14524854371,-
S10030,Mariah Grimes,2007-07-24,Grade 1,+13023090360,711
S10031,Ryan Nguyen,2010-07-06,Grade 1,+17598602472,-
S10032,Pamela Cox,2008-04-18,Grade 5,+15939938191,74103
S10033,Alison Gonzales,2018-10-05,Grade 2,+14413146334,094
S10034,Roberto Foster,2017-07-13,Grade 3,+17442879788,-
S10035,David Johnson,2008-10-15,Grade 1,+16118556295,-
S10036,Christina Ramos,2015-06-05,Grade 2,+19508288090,-
S10037,Michele Curtis,2006-12-26,Grade 3,+14068574751,-
S10038,Joseph Simon,2012-10-06,Grade 3,+14058663547,1091
S10039,Luis Conner,2018-02-28,Grade 5,+15108134675,074
S10040,Patrick Stanley,2014-11-17,Grade 1,+17719023326,-
S10041,Christopher Navarro,2016-10-17,Grade 5,+12027123384,1997
S10042,Rachel Freeman,2015-05-08,Grade 1,+13764526276,-
S10043,Robert Lane,2010-07-30,Grade 4,+16117499801,-
S10044,Terrence Fernandez,2007-05-07,Grade 4,+13623371277,977
S10045,Angela Montgomery,2018-11-13,Grade 5,+15706138057,-
S10046,Natasha Lee,2017-10-17,Grade 2,+15822582470,-
S10047,Spencer Williams,2013-04-23,Grade 2,+12507702644,-
S10048,Mr. Keith Gomez,2018-10-30,Grade 2,+12809400859,61783
S10049,Kimberly Lynch,2015-01-14,Grade 2,+14687778187,7426
S10050,Janet Gordon,2017-03-26,Grade 1,+13786752770,77817
S10051,Linda Allen,2014-01-03,Grade 5,+13513416248,4478
S10052,Jeffrey Ruiz,2008-05-29,Grade 4,+18613142466,-
S10053,Lori Clark,2006-03-11,Grade 1,+17845487212,-
S10054,Abigail Mcconnell,2008-08-02,Grade 5,+15832072192,0533
S10055,Sarah Mendoza,2006-04-13,Grade 3,+15349215766,-
S10056,Kyle Gates,2018-10-18,Grade 1,+14999739545,86089
S10057,Marissa Patel,2016-09-17,Grade 2,+17964278819,-
S10058,Charles Herman,2012-05-13,Grade 1,-,-
S10059,Jimmy Jensen,2016-12-09,Grade 5,+18645345264,-
S10060,Tammy Sellers,2015-05-16,Grade 4,+17868353913,084
S10061,Melissa Mills,2010-07-25,Grade 1,+13069553795,196
S10062,Erin Brewer,2016-11-27,Grade 3,+18628797897,-
S10063,Troy Graham,2007-09-20,Grade 1,+17569682708,246
S10064,Wayne Oneill,2016-03-16,Grade 4,+14552802273,078
S10065,Gregory Cummings,2006-11-18,Grade 5,+12874679381,-
S10066,Jacob Beltran,2017-06-19,Grade 3,+16324150378,-
S10067,Carrie Leblanc,2018-02-22,Grade 2,-,-
S10068,Richard Henry,2017-12-27,Grade 4,+13802698460,34941
S10069,William Stone,2007-04-06,Grade 3,+19767538038,1929
S10070,Jacob Robinson,2010-01-25,Grade 5,+12782435763,95061
S10071,Sarah Blake,2015-08-14,Grade 5,+13003920678,-
S10072,Mackenzie Davis,2010-06-25,Grade 2,-,-
S10073,Jennifer Brown,2012-06-18,Grade 3,+19315441750,38126
S10074,Destiny Williams,2006-11-29,Grade 1,+14339331357,-
S10075,Cameron Daniel,2009-12-20,Grade 1,+16437435395,76104
S10076,Jacqueline Blake,2007-01-11,Grade 2,+12955619652,-
S10077,Jacqueline Kirk,2011-02-23,Grade 5,+18769398759,-
S10078,Nicholas Daniel,2009-09-02,Grade 3,+19795649714,4916
S10079,Gerald Bryant,2006-04-07,Grade 1,+18148259017,5474
S10080,Rebecca Kane,2011-10-17,Grade 5,+14533045058,37164
S10081,Alexandra Smith,2006-08-02,Grade 1,+17558415018,-
S10082,Paul Martinez,2011-08-01,Grade 2,+13639932197,4351
S10083,Matthew Frost,2011-08-05,Grade 5,+13865582494,528
S10084,James Jackson,2013-09-13,Grade 5,+15633203698,-
S10085,Brian Jackson,2018-06-23,Grade 2,+17245614855,20879
S10086,Kelsey Arroyo,2019-02-25,Grade 1,+18829457481,-
S10087,Lisa Walker,2016-12-01,Grade 5,+15264072135,0419
S10088,Joseph Bishop,2012-07-16,Grade 4,+18006837283,-
S10089,Heather Hicks,2011-05-18,Grade 4,+18394241518,262
S10090,William Wheeler,2012-11-28,Grade 2,+13784417791,-
S10091,Amy Thomas,2018-04-12,Grade 3,+19895382336,900
S10092,Gary Ramos,2008-05-16,Grade 2,+17894891222,737
S10093,Andrea Pham,2014-08-12,Grade 4,+18484173091,664
S10094,Brian Orozco,2007-03-10,Grade 2,-,-
S10095,Jacqueline Caldwell,2007-04-15,Grade 3,+14497344373,-
S10096,Brian Torres,2010-11-05,Grade 4,+14474398988,9834
S10097,Jacqueline Carpenter,2016-07-13,Grade 3,+13158320848,-
S10098,Sarah Crane,2015-01-09,Grade 4,+17006324043,51899
S10099,Brian Jefferson,2018-06-28,Grade 4,+18127519991,5120
S10100,Alyssa Montgomery,2007-09-17,Grade 5,+17637780610,-
S10101,George Parker,2014-08-04,Grade 1,+17417376300,-
S10102,Daniel Vaughn,2007-08-14,Grade 2,+15457383766,221
S10103,Jessica Vazquez,2012-03-24,Grade 5,+19449668258,77264
S10104,Lisa Smith,2017-09-24,Grade 3,+14413872066,-
S10105,Kimberly Rios,2008-11-29,Grade 5,+12953167000,517
S10106,Kimberly Pierce,2016-09-22,Grade 3,+15143029933,661
S10107,Sarah Jenkins,2017-08-15,Grade 5,+18523764037,739
S10108,John Jackson,2012-12-02,Grade 3,+12922459928,-
S10109,Christopher White,2017-11-04,Grade 4,-,-
S10110,Jessica Ibarra,2016-04-06,Grade 5,+17188772895,933
S10111,Elaine Adams,2016-08-06,Grade 2,+19457537959,1334
S10112,Paul Torres,2014-09-05,Grade 5,+19266650473,-
S10113,Ricardo Flores,2009-01-23,Grade 2,+17076137498,22581
S10114,Timothy Nielsen,2009-03-14,Grade 1,+16903076140,87508
S10115,Monica Baker,2016-09-26,Grade 1,+19132694693,556
S10116,Elijah Harvey,2014-02-08,Grade 4,+16275982572,80426
S10117,Kimberly Little,2015-10-28,Grade 4,+12669758114,116
S10118,Randall Ray,2014-06-23,Grade 1,+15978862176,972
S10119,Justin Graves,2015-12-21,Grade 3,+17715169837,019
S10120,Theresa Ross,2017-03-28,Grade 4,+13668109022,-
S10121,Elijah Johnson,2007-06-25,Grade 3,+17897168613,2294
S10122,Thomas Avila,2008-09-02,Grade 3,+12525693823,097
S10123,Scott Gregory,2006-12-01,Grade 3,+19719530739,-
S10124,Taylor Soto,2012-12-27,Grade 4,+16197960999,98476
S10125,James Flores,2012-03-16,Grade 4,+18557106243,-
S10126,Kara Powers,2008-11-10,Grade 1,+14044743798,-
S10127,Michelle Larson,2010-11-03,Grade 2,+17477023660,118
S10128,Tracy Marks,2013-10-16,Grade 2,+12933212920,-
S10129,John Moyer,2008-07-25,Grade 5,+15005275124,409
S10130,Jacqueline Henderson,2017-12-13,Grade 1,+17252549200,1162
S10131,David Griffin,2018-04-29,Grade 2,+12465328192,-
S10132,Timothy Shaffer,2018-08-31,Grade 5,+19025049551,-
S10133,Martha Solis,2011-08-09,Grade 4,+12019832782,972
S10134,Ashley Lee,2011-04-24,Grade 2,+15507461607,-
S10135,Daniel Lucas,2018-05-01,Grade 1,+13347592162,-
S10136,Ashley Chandler Md,2018-03-26,Grade 2,+13389284272,-
S10137,Wayne Phillips,2009-02-25,Grade 3,+12683345103,3738
S10138,Scott Lindsey,2015-06-04,Grade 5,+19013573921,9681
S10139,Kristina Washington,2014-01-14,Grade 5,+15148500553,-
S10140,Christina Lawson,2012-12-27,Grade 4,+12743222613,18681
S10141,Juan Soto,2007-07-14,Grade 5,+16114852640,-
S10142,Anthony Gates,2018-01-19,Grade 2,+17025598353,64919
S10143,Jose Cohen,2013-03-14,Grade 4,+19166906677,-
S10144,Jacob Mason,2016-07-07,Grade 3,+15907589302,86588
S10145,Brandy Adams,2013-07-19,Grade 3,+19616478072,865
S10146,Albert Watson,2007-04-29,Grade 3,+15388691509,-
S10147,Victor Davenport,2009-01-02,Grade 2,+15428592122,-
S10148,Kenneth Hernandez,2017-02-05,Grade 4,+14325027674,-
S10149,Michelle Reid,2014-12-03,Grade 1,+17192372150,12721
S10150,Jenny Wright,2007-04-15,Grade 4,+12385577095,-
S10151,Deborah Garcia,2012-02-22,Grade 4,+17887032614,-
S10152,Michelle Mills,2015-03-11,Grade 4,+15567828415,-
S10153,Christopher Neal Iii,2012-12-21,Grade 2,+12677982713,-
S10154,Katherine Burton,2006-07-05,Grade 3,+17033943036,-
S10155,Michael Peterson Phd,2013-12-16,Grade 1,+13054918675,-
S10156,Lacey Barrett,2016-10-09,Grade 2,+17168601474,-
S10157,Jenna Chen,2018-02-08,Grade 5,+15878849760,5442
S10158,Ricky Perez,2015-03-30,Grade 5,+18833322133,2158
S10159,Lisa Benjamin,2018-03-15,Grade 2,+13564100774,10705
S10160,Julie Long,2013-05-25,Grade 2,+12036860120,-
S10161,Glenn Baker,2006-03-27,Grade 3,+16753052957,-
S10162,Michael Allen,2014-11-27,Grade 2,+17224917288,80251
S10163,Carlos Saunders,2016-12-13,Grade 1,+16107051526,2564
S10164,Nichole Wilson,2010-08-12,Grade 3,+16135445435,0200
S10165,Tamara Bowers Md,2018-06-20,Grade 1,+15724750469,-
S10166,Victoria Beasley,2018-08-22,Grade 1,+16014749152,460
S10167,Walter Baker,2018-05-17,Grade 4,+16859079477,-
S10168,Jennifer Smith,2008-01-17,Grade 3,+19176983212,346
S10169,Patrick White,2013-03-03,Grade 3,+12689617989,97652
S10170,Bryan Petty,2012-07-18,Grade 2,+14612883010,9334
S10171,Samantha Woods,2008-03-13,Grade 3,+14362380656,-
S10172,Dr. Wendy Snyder,2008-09-09,Grade 2,+16925072264,6486
S10173,Cynthia Robinson,2007-11-03,Grade 1,+12899767196,-
S10174,Allen Nguyen,2014-01-17,Grade 4,+19762871459,9035
S10175,William Avery,2007-10-27,Grade 1,+17586172078,-
S10176,Catherine Williams,2017-10-28,Grade 4,+18997014847,7389
S10177,Kevin Boone Jr.,2008-04-19,Grade 1,+12139299113,10954
S10178,Benjamin Franco,2007-06-07,Grade 5,+14438373151,942
S10179,Lauren Garcia,2016-09-11,Grade 2,+12158367835,8449
S10180,Rodney Mcdonald,2015-06-25,Grade 3,+14019527163,-
S10181,Casey Silva,2014-03-09,Grade 4,+12918291734,-
S10182,Anna Rocha,2010-10-01,Grade 2,+18346552355,-
S10183,David Anderson,2010-03-12,Grade 4,+13078392225,255
S10184,David Combs,2013-12-24,Grade 2,+15677695026,129
S10185,Edward Rodriguez,2016-04-14,Grade 1,+13753614242,-
S10186,Lydia Gregory,2015-07-25,Grade 4,+12727062269,-
S10187,Ian Crawford,2007-03-27,Grade 2,+16847118331,1300
S10188,Charles Collins,2013-07-28,Grade 4,+15519664320,51020
S10189,Ashley Stewart,2007-04-15,Grade 4,-,-
S10190,Tony Jones,2011-03-03,Grade 5,+16572133118,906
S10191,Catherine Mccann,2010-04-28,Grade 5,+16869385372,61662
S10192,Rebecca Martin,2014-12-26,Grade 2,+18439163359,238
S10193,Tracy Stone,2009-02-09,Grade 5,+16575387155,-
S10194,Michael Glenn,2011-06-29,Grade 1,+12144196892,88512
S10195,Joshua Lutz,2013-02-02,Grade 4,+17566217135,-
S10196,Derrick Rasmussen,2012-11-05,Grade 3,+15177653669,-
S10197,John Chan,2010-03-21,Grade 5,+14758492754,193
S10198,Taylor Norton,2016-11-11,Grade 1,+17039442371,696
S10199,Mitchell Gomez,2009-04-14,Grade 3,+13227025584,240
S10200,Elizabeth Gay,2018-12-28,Grade 5,+12568460457,-
S10201,Ryan Kelly,2008-05-13,Grade 1,+13935725845,-
S10202,Allison Martinez,2008-03-12,Grade 3,+15597273445,0225
S10203,Teresa Bowman,2008-06-29,Grade 5,+14643425855,33356
S10204,Ryan Newton,2009-10-12,Grade 5,+14079790545,6562
S10205,Mr. Brandon Lopez,2015-10-30,Grade 2,+19588582105,-
S10206,Robert Snyder,2014-10-13,Grade 5,+13519884342,-
S10207,Barbara Miller,2009-09-18,Grade 1,+16037781980,513
S10208,Connie Mercado,2017-07-21,Grade 4,+13323410657,61427
S10209,Gregory Hansen,2006-06-05,Grade 2,+18884455806,15075
S10210,Stacy Miller,2016-07-14,Grade 5,+19568916428,79314
S10211,Rachel Foster,2011-10-18,Grade 4,+15147829887,46582
S10212,Melissa Malone,2016-09-15,Grade 2,+16867517977,9009
S10213,Christopher Richards,2015-02-02,Grade 2,+19442298089,-
S10214,Paula Garcia,2019-02-13,Grade 4,+12202027802,-
S10215,Michael Fuller,2016-05-26,Grade 4,+12372549152,59077
S10216,Sandra Morse,2017-03-08,Grade 2,+19388328312,-
S10217,Pamela Hunt,2014-06-11,Grade 3,+19087071061,-
S10218,Shawn Silva,2006-10-16,Grade 5,-,-
S10219,Joseph Smith,2013-12-01,Grade 3,+12564737023,08692
S10220,Sarah Stokes Phd,2009-10-19,Grade 1,+15605363704,-
S10221,Susan Gates,2016-06-20,Grade 3,+14258797556,92411
S10222,Allen Jordan,2017-05-12,Grade 3,+16483221633,-
S10223,Mr. Zachary Montes Ii,2009-12-11,Grade 3,-,-
S10224,Christopher Fox,2015-06-06,Grade 4,+14026145307,81998
S10225,John Medina,2011-10-16,Grade 3,-,-
S10226,Ashley Thomas,2013-07-23,Grade 1,+12112993581,-
S10227,Vanessa Hogan,2006-10-16,Grade 3,-,-
S10228,Sandra Fuller,2018-02-10,Grade 2,+18444017676,-
S10229,Thomas Wallace,2017-03-30,Grade 1,+18678291420,-
S10230,Andrew Hurst,2017-01-16,Grade 5,+15219799455,3384
S10231,Dakota Burton,2014-10-25,Grade 1,+13705541498,352
S10232,Andrew Sanders,2013-09-19,Grade 4,+18929780083,7009
S10233,Elizabeth Brown,2008-09-13,Grade 1,+18263525776,-
S10234,Edward Gibson Md,2014-06-24,Grade 3,+14125630476,-
S10235,Cheryl Lopez,2013-06-15,Grade 1,+17307694164,62097
S10236,Paul French,2012-08-19,Grade 1,+18403361271,-
S10237,Stacey Freeman,2011-04-08,Grade 4,+12362810090,-
S10238,Shelby Edwards,2009-05-02,Grade 5,+16482513517,780
S10239,Heather Clark,2014-12-15,Grade 4,+15884479868,48783
S10240,Kenneth Lewis,2012-10-18,Grade 5,+17952435810,-
S10241,Jessica Case,2013-08-17,Grade 1,+12488176523,8922
S10242,Connie Tate,2010-08-11,Grade 2,+12164285199,-
S10243,Henry Brown,2016-10-18,Grade 4,+17228393143,-
S10244,Anthony Ramos,2009-08-20,Grade 1,+19913774078,-
S10245,Joseph Yates,2010-03-25,Grade 5,+12157116581,06541
S10246,Jacqueline Wilson,2018-01-30,Grade 2,+13693393408,-
S10247,Lauren Lewis,2013-12-23,Grade 2,+18598444064,-
S10248,Richard Stewart,2008-12-21,Grade 3,+17363153895,5832
S10249,Samantha Hawkins,2006-03-22,Grade 3,-,-
S10250,Kenneth Green,2017-01-10,Grade 2,+14635118500,900
S10251,Kara Pena,2014-01-31,Grade 3,+16334185568,-
S10252,Heather Crane,2016-06-07,Grade 4,+17544885686,-
S10253,Patricia Alvarado,2008-09-10,Grade 3,+16394180883,-
S10254,Breanna Cline,2011-02-18,Grade 4,-,-
S10255,Rodney Fitzpatrick,2017-09-24,Grade 1,-,-
S10256,Christopher Huff,2013-09-15,Grade 4,+19969419593,-
S10257,William Ruiz,2015-12-02,Grade 1,+16079956378,138
S10258,Brandon Garrett,2014-03-18,Grade 5,+17275328880,-
S10259,Tamara Wood,2018-03-29,Grade 4,+15627244071,69986
S10260,Sharon Harvey,2013-05-12,Grade 1,+19306099817,6158
S10261,Gregory Kim,2014-10-19,Grade 3,+14762541643,0055
S10262,Anthony Delgado,2018-12-21,Grade 4,+12424733443,208
S10263,Lori Mann,2013-03-31,Grade 3,+15283230524,-
S10264,Brianna Hall,2018-04-20,Grade 5,+15268004562,-
S10265,Christopher Hoffman,2018-09-16,Grade 2,+19652066375,3204
S10266,John Michael,2015-05-21,Grade 2,+18444253770,24758
S10267,Austin Monroe,2011-06-04,Grade 3,+18034636591,-
S10268,Stephanie Barr,2014-01-19,Grade 5,+19507178093,2756
S10269,John Hernandez,2016-07-07,Grade 1,+12894041785,-
S10270,Kevin Gilbert,2014-09-01,Grade 2,+13872425754,252
S10271,Jonathan Cook,2014-08-15,Grade 2,+16135843546,-
S10272,Gina Fuentes,2010-04-01,Grade 1,+18472190692,-
S10273,Joshua Ross,2014-01-27,Grade 5,+16972920178,51043
S10274,Dennis Johnson,2014-08-27,Grade 3,+14625865752,136
S10275,Rodney Turner,2008-06-10,Grade 4,+16007225133,5123
S10276,Phillip Macias,2015-11-04,Grade 2,+13074055167,-
S10277,Michael Mullen,2006-10-21,Grade 2,+12103719715,276
S10278,Robert Campos,2017-10-07,Grade 2,+17256414912,2843
S10279,Angel Jacobson,2013-04-05,Grade 1,+19753742441,-
S10280,Randy Todd,2010-01-02,Grade 1,+15316846577,-
S10281,Derek Haynes,2010-09-22,Grade 3,+19249068782,4382
S10282,Christina Hogan,2008-12-26,Grade 3,+12917066865,608
S10283,Kathleen Meadows,2018-01-18,Grade 5,+13726529550,-
S10284,Shawn Thompson,2008-05-17,Grade 1,+15807544611,4211
S10285,Travis Thompson,2016-02-21,Grade 3,+14352235647,5067
S10286,Don Smith,2011-12-12,Grade 5,+12912379875,899
S10287,Toni Moore,2007-01-18,Grade 1,+12097439511,1325
S10288,Kevin Collins,2017-08-02,Grade 5,+16253541165,20822
S10289,Michelle Eaton,2016-06-03,Grade 2,-,-
S10290,Kristopher Price Md,2011-05-15,Grade 2,+19499721676,63717
S10291,James Adams,2009-06-22,Grade 4,+12937937484,5286
S10292,Anthony Adams,2017-01-17,Grade 3,+19425021422,-
S10293,Austin Davis,2013-08-09,Grade 2,+15924076002,6520
S10294,Kathy Allen,2016-05-01,Grade 2,+13429705408,3148
S10295,Dawn Barrett,2014-01-30,Grade 1,+13267326660,743
S10296,Melissa Sutton,2015-02-10,Grade 4,+14089064148,92412
S10297,Kelly Scott,2015-03-04,Grade 5,+19124623375,83958
S10298,Jose Romero,2009-09-04,Grade 1,+12517051553,495
S10299,Joseph Griffith,2009-09-16,Grade 4,+18185426256,032
S10300,Austin Fletcher,2019-02-26,Grade 1,+18537782038,555
S10301,Diane Peterson,2010-10-28,Grade 3,+12368646008,7860
S10302,Glenn Mcdaniel,2018-12-10,Grade 2,+13605348520,-
S10303,Donald Moreno,2008-11-07,Grade 2,+12967389257,-
S10304,Stephen Mcclure,2018-09-09,Grade 5,+16876115482,4203
S10305,Christopher Peterson,2009-10-02,Grade 2,+14834769275,-
S10306,Heather Vasquez,2011-12-11,Grade 3,+17579863558,-
S10307,Ana Johnston,2016-11-20,Grade 5,+13332228273,-
S10308,Katherine Hahn,2013-11-29,Grade 3,+16739721146,5262
S10309,Jessica Willis,2008-06-22,Grade 5,+15106558136,-
S10310,Alexander Johnson,2014-12-14,Grade 3,+16558586965,8192
S10311,Troy Adams,2007-03-22,Grade 4,+12979235398,4160
S10312,Susan Lewis,2012-10-30,Grade 1,+17285324635,102
S10313,Kevin Crawford,2011-07-10,Grade 5,+13647078072,-
S10314,Brian Sherman,2009-08-29,Grade 3,+13823701332,042
S10315,Mrs. Christina Sutton,2014-10-18,Grade 1,+12792940670,-
S10316,Cassandra Aguilar,2011-06-16,Grade 2,+16614726540,-
S10317,Brian Horton,2012-07-03,Grade 2,+17159694438,506
S10318,Sabrina Rodgers,2014-03-24,Grade 1,+19945862381,6587
S10319,Regina Davis,2014-12-24,Grade 2,+17026797209,-
S10320,Theodore Brown,2011-12-17,Grade 5,+19193370763,1157
S10321,Chelsey Robinson,2006-12-31,Grade 1,+17674785194,6565
S10322,Janice Nguyen,2009-10-14,Grade 5,+18792903208,43642
S10323,Erica Blake,2017-01-08,Grade 4,+19798452747,6600
S10324,James Gonzalez,2016-10-27,Grade 4,+13432156041,4834
S10325,Alyssa King,2008-12-30,Grade 2,+15642347425,6215
S10326,Curtis Townsend,2015-07-06,Grade 2,-,-
S10327,Jon Johnson,2006-12-04,Grade 3,+14233660165,67404
S10328,Ashley Thomas,2008-02-24,Grade 2,+13935665672,7604
S10329,Lisa Vargas,2017-11-13,Grade 5,+17048232026,7248
S10330,Michael Morgan,2011-12-11,Grade 4,+17679593853,-
S10331,Jennifer Bradley,2012-11-20,Grade 4,+14786413281,27506
S10332,Stephen Jackson,2012-11-16,Grade 5,+19984337127,-
S10333,Kathy Mcdonald,2014-10-09,Grade 4,+17402779122,-
S10334,Elizabeth Spencer,2015-05-22,Grade 5,+13045929476,6810
S10335,Corey Hall,2009-10-12,Grade 1,+12658985290,065
S10336,Brandon Smith,2016-09-09,Grade 4,+13388810748,-
S10337,Janet Acevedo,2009-12-26,Grade 5,+14364465699,2065
S10338,Jeremy Crawford,2014-01-13,Grade 1,+12318709874,-
S10339,Christopher Smith,2014-12-19,Grade 1,+12754221789,2882
S10340,Ricardo Mcdonald,2007-01-21,Grade 5,+16954815933,-
S10341,Stacy Lewis,2013-04-18,Grade 5,+12598367209,-
S10342,Ashley Garcia,2010-04-18,Grade 4,+13313134313,647
S10343,Karen Walker,2017-11-27,Grade 4,+12443909816,-
S10344,Jordan Cole,2015-11-01,Grade 5,+13457310034,67266
S10345,Robert Patel,2012-02-29,Grade 3,+15749198958,816
S10346,Mary Solis,2013-11-29,Grade 1,+12069509225,3621
S10347,Cassandra Conner,2015-04-18,Grade 4,+13446046158,-
S10348,Nathaniel Norris,2008-09-01,Grade 1,+19484702962,96546
S10349,Thomas Summers,2018-04-29,Grade 3,+19583994797,926
S10350,Alexander Wilson,2013-01-31,Grade 4,+17308595871,07245
S10351,John Green,2013-10-05,Grade 1,+16549658478,3447
S10352,Ariel Castillo,2008-02-28,Grade 3,+15437526014,926
S10353,Susan Martinez,2006-09-16,Grade 3,+15227586824,4435
S10354,Brenda Bailey,2012-09-06,Grade 3,+18466283906,437
S10355,Tara Mckenzie,2015-02-07,Grade 4,-,-
S10356,Michael Maxwell,2011-09-11,Grade 5,+12392755067,55462
S10357,Kenneth Perkins,2017-02-15,Grade 3,+18857357840,695
S10358,Christina Hudson,2018-05-29,Grade 2,+12968582429,7007
S10359,Benjamin Morris,2016-01-12,Grade 1,+12298683903,895
S10360,Donna Gaines,2008-04-14,Grade 3,+18467928406,7856
S10361,Tiffany Oconnor,2016-09-11,Grade 1,-,-
S10362,Steven James,2016-01-27,Grade 5,+18045611306,912
S10363,Miss Sharon Meyer,2008-01-23,Grade 2,+12913110561,-
S10364,Bryan Walters,2014-03-31,Grade 4,+15759792972,87632
S10365,Patricia Campbell,2007-06-29,Grade 1,-,-
S10366,Nicole Smith,2011-04-22,Grade 5,+15419258953,-
S10367,Kimberly Jacobs,2013-12-20,Grade 2,+12327862262,60316
S10368,Christine Gonzalez,2014-04-06,Grade 3,+12385146391,321
S10369,Daniel Moran,2010-09-26,Grade 5,+13227288680,-
S10370,Darlene Perry,2008-03-22,Grade 1,+18183229841,-
S10371,Linda Morton,2016-07-04,Grade 1,+17698553949,-
S10372,Amy Harris,2007-08-21,Grade 4,+19478567864,99394
S10373,Joshua Schaefer,2017-02-14,Grade 1,-,-
S10374,Tammy Jenkins,2018-04-17,Grade 2,+12953531448,35346
S10375,Christopher Lopez,2012-08-27,Grade 5,+19857391207,38114
S10376,Daniel Shepherd,2016-12-27,Grade 1,+13483359615,66679
S10377,Tammy Vargas,2006-04-12,Grade 1,-,-
S10378,Allison Walsh,2019-01-01,Grade 3,+18404749770,78470
S10379,Jessica Reid,2012-05-19,Grade 3,+17605056621,-
S10380,Jose Sullivan,2008-07-12,Grade 5,+16222298422,-
S10381,Malik Scott,2009-08-03,Grade 4,+18529131566,160
S10382,Gerald Howard,2008-08-23,Grade 5,-,-
S10383,Heather Kelly,2007-04-08,Grade 2,+16995203697,815
S10384,Michael Jenkins,2010-07-03,Grade 4,+19625214869,-
S10385,Jennifer Anderson Md,2009-01-21,Grade 5,-,-
S10386,Jenna Mitchell,2010-08-10,Grade 3,+17096354821,-
S10387,Joshua Roberts,2018-03-26,Grade 3,+19069337463,49415
S10388,Tina Duncan,2008-06-30,Grade 5,+14557723594,74634
S10389,Robert Duncan,2011-06-05,Grade 1,+16758097736,07702
S10390,Steven Mcdonald,2015-12-18,Grade 3,+16583886967,98353
S10391,Linda Harris Phd,2008-06-25,Grade 1,+12386080586,21588
S10392,Dennis Castro,2008-12-09,Grade 4,+17718086341,952
S10393,Kenneth Lopez,2008-07-26,Grade 3,+13536754165,06236
S10394,Kimberly Kerr,2017-03-25,Grade 4,+15068883626,921
S10395,Shannon Turner,2013-09-22,Grade 1,+12953888195,099
S10396,Jerry Decker,2013-01-11,Grade 1,+18749336032,4752
S10397,Selena Mitchell,2008-02-17,Grade 2,+15856729339,284
S10398,Rebecca Bowman,2009-02-25,Grade 5,+18917180013,2607
S10399,Jocelyn Howell,2017-06-21,Grade 4,-,-
S10400,James Stevenson,2012-10-09,Grade 1,+17554822509,-
S10401,Michael Noble,2009-11-30,Grade 3,+18907058917,-
S10402,Phillip Martinez,2017-07-25,Grade 5,+16908769051,1529
S10403,Jeffery Clark,2014-12-20,Grade 2,+15089786644,096
S10404,Paul Russell,2018-04-02,Grade 3,+13497018117,-
S10405,Maria Wright,2009-03-09,Grade 2,+18213241973,5356
S10406,James Stevens,2018-03-15,Grade 3,+13339849242,828
S10407,Colin Hill,2018-05-03,Grade 5,+15853070702,00932
S10408,Michael Sellers,2018-08-15,Grade 4,+17852398666,21877
S10409,Richard Wilson,2009-09-18,Grade 4,+16587084138,9996
S10410,Randall Johnson,2015-06-21,Grade 2,+13063102538,6554
S10411,Leslie Arroyo,2010-07-25,Grade 5,+16659861289,-
S10412,Kimberly Wilson,2017-05-23,Grade 5,+15976337264,-
S10413,Amber Jackson,2006-07-07,Grade 2,+17058043213,0681
S10414,Wesley Simmons,2012-06-19,Grade 1,+17159436947,637
S10415,Jill Johnson,2006-06-26,Grade 1,+16413037291,-
S10416,Daniel Elliott,2009-03-18,Grade 4,+13883822867,-
S10417,Scott Ford,2012-07-28,Grade 1,+15432111854,3751
S10418,William Bell Md,2009-12-30,Grade 4,+14664842586,9304
S10419,Jordan Hughes,2012-10-01,Grade 5,+14152638408,532
S10420,Linda Galloway,2012-12-06,Grade 3,+13492372994,858
S10421,Edwin Castillo,2013-02-26,Grade 1,+12623044673,865
S10422,Joseph Taylor,2015-11-09,Grade 1,+14202412645,-
S10423,Mary Moran,2006-08-29,Grade 3,+16009580817,9906
S10424,Thomas Clark,2007-08-23,Grade 1,+17203124228,-
S10425,Melanie Bray,2011-06-13,Grade 4,+19012228494,1432
S10426,Jonathan Fowler,2007-11-08,Grade 2,+13034904226,-
S10427,Gregory Shaw,2015-05-24,Grade 1,+17194374359,2863
S10428,Kim Thompson,2015-02-28,Grade 1,+17695710284,6787
S10429,Kimberly Brooks Phd,2006-07-31,Grade 4,+17584878675,-
S10430,Cheryl Flores,2017-04-17,Grade 5,+14999628316,-
S10431,Jessica Smith,2015-07-09,Grade 5,+13813499085,3166
S10432,Michelle Hardy,2007-12-05,Grade 5,+13286598076,77188
S10433,Andrew Frye,2017-02-17,Grade 5,+17367817505,444
S10434,Richard Blevins,2006-05-21,Grade 2,+12696188666,024
S10435,Rachael Richardson,2018-07-20,Grade 5,+18984182383,-
S10436,Holly Martin,2016-03-31,Grade 2,+15819284105,-
S10437,Brenda Bailey,2019-02-05,Grade 4,+12454756435,78808
S10438,Ashley Brown,2007-11-12,Grade 4,+18339069921,67445
S10439,Erika Leon,2017-05-22,Grade 3,+15018873064,-
S10440,Marie Gonzalez,2016-04-08,Grade 2,+16202073293,-
S10441,Sara Castillo,2015-11-08,Grade 5,+17163915359,-
S10442,Deborah Ramirez,2015-12-03,Grade 5,+18283859550,8246
S10443,Julia Mercado,2011-01-15,Grade 4,+18004485358,910
S10444,Scott Young,2016-09-29,Grade 1,+16122800112,-
S10445,Ashley Wilson,2016-02-18,Grade 4,+12406903008,-
S10446,Thomas Rhodes,2009-03-31,Grade 3,-,-
S10447,Natalie Horton,2013-10-16,Grade 2,+16053477189,-
S10448,Heather Davis,2018-04-04,Grade 2,+17433188100,16657
S10449,Randy Newman,2015-03-22,Grade 3,+15192300835,59286
S10450,Wyatt Stein,2007-06-28,Grade 3,+14595718934,-
S10451,Jeffrey Pace,2011-08-18,Grade 5,+12575022462,-
S10452,Scott Howard,2017-05-07,Grade 1,+15249628441,-
S10453,Jennifer Schmidt,2008-07-03,Grade 3,+14166086091,1155
S10454,Gina Castillo,2009-09-07,Grade 3,+13116531042,-
S10455,Lori Carroll,2009-03-15,Grade 4,+12486923556,300
S10456,Bradley Hoffman,2007-12-29,Grade 3,+17358343951,-
S10457,Kristin Hunter,2007-02-28,Grade 4,+18734628023,66693
S10458,Isabel Reed,2011-12-11,Grade 5,+18777740183,-
S10459,George Brown,2010-03-08,Grade 5,+15269021222,44038
S10460,Angel Cantrell,2013-01-10,Grade 2,+15018805403,-
S10461,Lauren Zavala,2012-04-08,Grade 4,+17088697854,3682
S10462,Denise Dunn,2006-12-07,Grade 1,+17554169281,98584
S10463,Charles Mitchell,2016-11-13,Grade 3,+16948844042,99493
S10464,Andrea Russell,2013-10-17,Grade 3,+14929741145,368
S10465,Jay Murphy,2014-08-28,Grade 2,+14215659281,-
S10466,Allison Nichols,2018-07-17,Grade 4,+17405803994,04044
S10467,Richard Sims,2012-09-01,Grade 2,+19807180914,-
S10468,John Baker,2015-05-07,Grade 5,+15479079473,184
S10469,Amber Hughes,2009-06-09,Grade 5,+14048310651,-
S10470,Mr. Mark Navarro,2012-04-18,Grade 3,+13429531251,-
S10471,Melissa Lopez,2010-06-29,Grade 5,+15236178594,-
S10472,Jennifer Owens,2013-01-20,Grade 5,+13423037048,3033
S10473,Paula Brown,2018-11-03,Grade 3,+16882927056,-
S10474,Judith Salinas,2007-04-19,Grade 3,+15986896411,-
S10475,Paul Bailey,2016-06-26,Grade 1,+14187499772,852
S10476,Trevor Lee,2015-10-20,Grade 2,+18797875462,3501
S10477,Patrick Mullins,2006-12-06,Grade 3,+12423550666,-
S10478,Stephanie Jones,2008-02-12,Grade 3,+18705203286,10908
S10479,Brianna Pace,2008-07-03,Grade 5,+17845077181,225
S10480,Karen Miller,2006-10-02,Grade 3,+15642353106,03694
S10481,Megan Mccarthy,2008-05-10,Grade 1,+17893842240,345
S10482,Christine Jones,2010-04-19,Grade 1,+18275327629,-
S10483,Deanna Harrington,2007-11-21,Grade 3,+14789880475,-
S10484,Steven Perez,2010-12-10,Grade 4,+12127038219,-
S10485,Jean Esparza,2011-08-31,Grade 5,-,-
S10486,Glenn James,2015-04-28,Grade 1,+19114422469,49940
S10487,Stacy Brown,2011-03-10,Grade 5,+17238440142,34203
S10488,Kelsey Conley,2012-09-11,Grade 5,+12533872338,78905
S10489,Alex Hill,2016-01-12,Grade 3,+17529827261,-
S10490,Charles Carter,2018-03-05,Grade 3,+16695275225,-
S10491,Nathaniel Cooper,2013-10-02,Grade 5,+15962515266,-
S10492,Keith Watson,2014-08-06,Grade 5,-,-
S10493,Jo Ramos,2017-01-16,Grade 2,+19097521794,681
S10494,Lisa Cisneros,2018-08-12,Grade 3,+19537826046,7766
S10495,Amanda Brooks,2013-06-16,Grade 4,+16523283935,00209
S10496,Hunter Miller,2013-05-08,Grade 1,+15613433995,6246
S10497,Breanna Mcdonald,2007-08-23,Grade 3,+15862651328,405
S10498,Marissa Taylor,2010-04-25,Grade 4,+13096090850,966
S10499,Adrian Johnson,2008-03-05,Grade 4,+12407162229,63502
S10500,Stephanie Melton,2007-03-29,Grade 1,+13075607648,76101
S10501,Richard Marks,2012-10-11,Grade 2,+12369751535,-
S10502,Taylor Austin,2015-12-23,Grade 2,+17863702537,092
S10503,Kevin Cummings,2006-10-10,Grade 1,+14938168002,968
S10504,Kevin Daniels,2012-12-17,Grade 4,+12729685250,1779
S10505,Denise Frey,2009-01-27,Grade 1,+15949936544,161
S10506,Thomas Martin,2013-09-15,Grade 2,-,-
S10507,Alex Shelton,2009-10-14,Grade 5,+17072923149,-
S10508,Maxwell Brown,2017-08-19,Grade 4,+19647551606,-
S10509,Dr. Nathaniel Williams,2008-10-10,Grade 4,+17682307372,10353
S10510,Jason Martinez,2010-04-09,Grade 5,+19227305950,-
S10511,Jessica Bell,2008-10-19,Grade 4,+17829336025,8553
S10512,Melissa Greene Md,2006-11-06,Grade 3,+16809369783,-
S10513,Alexandra Smith,2010-07-31,Grade 1,-,-
S10514,Paul King,2015-02-27,Grade 3,+13517758784,-
S10515,Daniel Hartman,2017-01-12,Grade 4,+13463160380,0224
S10516,Richard Brady,2016-08-04,Grade 1,+18879123200,-
S10517,Penny Allen,2009-03-18,Grade 5,+14489864748,59666
S10518,Melinda Mann,2016-04-07,Grade 5,+13915562638,39291
S10519,Emily Pugh Dvm,2017-05-31,Grade 4,+19257451144,59395
S10520,Bobby Reese,2007-07-21,Grade 5,+17244209047,066
S10521,Tyler Clark,2011-04-06,Grade 4,+19514961592,2725
S10522,Tom Ramirez,2009-02-21,Grade 4,-,-
S10523,Karen Goodwin,2010-08-29,Grade 1,+12537394232,343
S10524,Thomas Martin,2016-05-24,Grade 1,+12217559312,237
S10525,Jackie White,2014-01-25,Grade 4,+18205195026,53703
S10526,Richard Hurley,2006-04-07,Grade 3,+15298957984,-
S10527,Yvonne Gibson,2016-05-31,Grade 4,+17654176172,76582
S10528,Jason Jones,2014-03-09,Grade 2,+14475694688,059
S10529,John Gomez,2014-12-07,Grade 1,+16713087511,6001
S10530,Christopher Perkins,2007-12-18,Grade 5,+18289757337,92534
S10531,Christopher White,2017-04-16,Grade 2,+19454369224,6173
S10532,Anthony Sellers,2015-08-06,Grade 3,+19003065832,-
S10533,Susan Moore,2006-10-13,Grade 1,+19126544873,-
S10534,Thomas Hansen,2015-12-09,Grade 2,+16483002896,9759
S10535,Anthony Evans,2013-01-24,Grade 1,+12532223692,122
S10536,Courtney Turner,2016-03-08,Grade 5,+12469471911,66475
S10537,Blake Manning,2008-10-26,Grade 1,-,-
S10538,Maria Collins,2007-02-26,Grade 5,+12825347163,-
S10539,Madison Fowler,2013-03-17,Grade 2,+14576007533,6282
S10540,Donna Rivera,2010-10-15,Grade 3,+19642335268,274
S10541,Dale Case,2018-08-11,Grade 2,+15494409389,-
S10542,Jessica Watson,2009-10-18,Grade 3,+18132710203,-
S10543,Christine Carson,2007-05-24,Grade 4,+19465990184,-
S10544,Joshua Miller,2009-06-24,Grade 4,+14512186239,89337
S10545,Michael Meyer,2009-08-26,Grade 4,+14654188596,21080
S10546,Paul Black,2011-10-28,Grade 5,-,-
S10547,Joseph Merritt,2013-02-17,Grade 5,+15914249497,-
S10548,Christopher Cunningham,2013-07-24,Grade 2,+14626739665,5729
S10549,Mason Robinson,2014-04-19,Grade 4,+17442585945,-
S10550,Michael Yu,2014-06-24,Grade 4,+18905313854,6673
S10551,Maureen Casey,2007-02-15,Grade 3,+19453760402,-
S10552,Matthew Merritt,2011-02-06,Grade 5,+15822997042,95574
S10553,Alexander Fisher,2012-01-12,Grade 4,+15755913506,-
S10554,Alex Perez,2009-04-03,Grade 4,+19622419063,-
S10555,Johnny Baker,2015-08-08,Grade 4,+12287223284,166
S10556,Brandon Davies,2009-05-20,Grade 3,+19155987208,7205
S10557,Kathy West,2011-01-12,Grade 1,+19594069685,-
S10558,Pamela Lopez,2013-04-05,Grade 4,+18574925033,238
S10559,Eric Conley,2013-05-07,Grade 2,+18556776535,2538
S10560,Arthur Watson,2015-01-11,Grade 2,+16386500427,491
S10561,Robert Washington,2016-09-20,Grade 3,+16123828044,12856
S10562,Casey Underwood,2006-08-06,Grade 4,+17843005507,5928
S10563,James Curtis,2012-11-29,Grade 3,+18737406694,34385
S10564,Tasha Roberts,2015-10-05,Grade 1,+18336389195,76067
S10565,Jason Donovan,2012-07-14,Grade 4,+16856195265,-
S10566,Patrick Robinson,2006-11-07,Grade 2,+15542341328,8161
S10567,Matthew Juarez,2009-09-17,Grade 2,-,-
S10568,Jimmy Diaz,2006-07-25,Grade 4,+18688545913,-
S10569,Mark Rodriguez,2015-04-20,Grade 1,+15093613262,-
S10570,Daniel King,2011-05-19,Grade 1,+17574721525,660
S10571,Scott Brewer,2014-06-24,Grade 1,+16835981905,3041
S10572,Stephen Cruz,2008-12-02,Grade 4,+18085697991,4819
S10573,James Burke,2012-12-06,Grade 5,-,-
S10574,Shelly Petersen,2010-04-10,Grade 4,+12249946938,5454
S10575,Kelsey Jones,2007-08-20,Grade 1,+16202455559,7018
S10576,Shannon Ward,2006-09-28,Grade 5,+15554705090,882
S10577,Christopher Brown,2008-09-05,Grade 5,+17108185461,367
S10578,Guy Harper,2009-12-04,Grade 2,-,-
S10579,Charles Daugherty,2008-03-25,Grade 5,+14166456749,81431
S10580,William Sanders,2015-08-02,Grade 1,+12899968915,92625
S10581,Morgan Strickland,2011-12-08,Grade 1,+14087811609,205
S10582,Rachel West,2016-08-18,Grade 2,+17203403600,9038
S10583,Kristin Clark,2013-08-23,Grade 4,+13713878251,-
S10584,Alexander Snyder,2014-12-21,Grade 1,+12785642482,-
S10585,Kimberly Young,2011-03-05,Grade 1,+14479021798,22091
S10586,Whitney Padilla,2014-12-02,Grade 3,+17968606499,-
S10587,Michele Ramos,2013-01-02,Grade 4,+15889628608,77758
S10588,Helen Chavez,2007-03-30,Grade 5,+17113301592,-
S10589,Antonio Gross,2006-09-14,Grade 1,+15259534081,6956
S10590,Janet Thomas,2014-06-24,Grade 3,+12159359495,-
S10591,James Sandoval,2011-01-27,Grade 2,+13319894695,-
S10592,Kristin Oneal,2008-07-23,Grade 1,+18656184385,898
S10593,Ronnie Jackson,2017-12-15,Grade 4,+14196362610,-
S10594,Thomas Mercer,2011-06-23,Grade 2,-,-
S10595,Kristen Butler,2013-05-09,Grade 2,+15273935315,7925
S10596,William Lane,2012-04-14,Grade 4,-,-
S10597,Bradley Weiss,2011-08-14,Grade 4,+18219297502,-
S10598,Sandra Kramer,2011-09-13,Grade 1,+15903838379,0388
S10599,Glenn Barron,2016-03-19,Grade 1,+17197129130,822
S10600,Cynthia Moran,2014-10-26,Grade 5,+15892913318,-
S10601,Luis Johnson,2012-10-05,Grade 1,+16732640903,760
S10602,Nicole Little,2009-06-05,Grade 3,+12696806785,-
S10603,George Allen,2016-11-06,Grade 3,-,-
S10604,Bryan Hood,2013-01-09,Grade 5,+15024913990,-
S10605,George Hayes,2008-08-04,Grade 3,+19737356445,-
S10606,Robert Stone,2013-09-11,Grade 4,+16397696973,458
S10607,Jessica Rosario,2011-11-28,Grade 4,+19433457570,190
S10608,Robin Mckinney,2010-05-22,Grade 1,+18827152086,05931
S10609,Samantha Young,2010-04-30,Grade 3,+16178661144,42534
S10610,Heather Hopkins,2006-08-26,Grade 2,+17838372381,606
S10611,Miss Hannah Ruiz,2016-08-18,Grade 2,+14702089884,977
S10612,Derrick Chen,2007-02-14,Grade 3,+16663312241,7679
S10613,Erin Gallagher,2013-11-29,Grade 5,+15974826223,-
S10614,Susan Rowe,2010-10-04,Grade 3,+18797646777,-
S10615,Randall Gomez,2010-11-30,Grade 5,+14699173222,-
S10616,Jennifer Hunt,2008-10-11,Grade 2,+14748386070,077
S10617,Gary Kemp,2007-07-10,Grade 4,+12864905945,469
S10618,Erin Reid,2015-01-14,Grade 3,+16187459141,8828
S10619,Patricia Adams,2006-06-04,Grade 4,+14184721103,84058
S10620,Wayne Williams,2011-04-01,Grade 1,+19527844106,14362
S10621,Elizabeth King,2009-01-23,Grade 4,+15226203311,-
S10622,Maria Wright,2008-12-04,Grade 3,+14949402924,-
S10623,Eric Trujillo,2009-01-06,Grade 5,+16773989841,-
S10624,Jay Wong,2016-01-13,Grade 1,+13502118592,-
S10625,Taylor Day,2008-07-18,Grade 5,+12698217643,52619
S10626,Megan Clark,2017-01-25,Grade 2,+15642908184,25842
S10627,Jennifer Brown,2013-03-28,Grade 5,+16518131815,-
S10628,Joanna Rice,2016-07-07,Grade 2,+19183302656,-
S10629,Jillian Lopez,2011-12-22,Grade 1,+16988622356,70143
S10630,Dorothy Scott,2015-04-02,Grade 5,+13268558393,-
S10631,Stanley Thomas,2006-09-23,Grade 3,+18229915772,-
S10632,Ashley Hayes,2006-07-15,Grade 2,+19987177630,443
S10633,David Marshall,2012-10-15,Grade 5,+14482311865,518
S10634,Laura Morrison,2017-08-01,Grade 4,+13569662348,-
S10635,Amanda Garrison,2012-03-06,Grade 3,+15576404874,0564
S10636,James Jones,2016-11-28,Grade 2,+12465452733,95250
S10637,Carla Patterson,2013-06-16,Grade 5,+16947236976,5919
S10638,Jessica Wood,2013-09-07,Grade 4,+17739924069,299
S10639,Julie Mayer,2012-04-28,Grade 2,+13435928256,-
S10640,Matthew Brown,2007-03-13,Grade 4,+13692192313,-
S10641,Roger Hunter,2015-09-20,Grade 5,+19205332153,87106
S10642,Earl Matthews,2006-12-14,Grade 3,+16063626307,0604
S10643,Michael Long,2013-01-25,Grade 2,-,-
S10644,Adam Sanders,2007-08-05,Grade 3,+17942577769,98436
S10645,Amy Simpson,2011-01-17,Grade 3,+19177172063,18066
S10646,Jillian Harper,2010-09-30,Grade 3,+13906652819,-
S10647,Ronald Brady,2018-02-10,Grade 5,+12012842264,936
S10648,Allison Bean,2006-10-06,Grade 1,+15835153451,696
S10649,Sandra Dennis,2018-02-14,Grade 5,-,-
S10650,Lori Cherry,2012-01-29,Grade 4,+17133972150,-
S10651,Stephen Mcneil,2006-11-10,Grade 5,+12238497709,6313
S10652,Charles Anderson,2016-06-21,Grade 4,+16878312879,05223
S10653,Barbara Brown,2014-10-25,Grade 1,+13008234726,287
S10654,Stephen Gibbs,2008-11-15,Grade 3,+13185193223,475
S10655,Donna Robinson,2010-09-07,Grade 3,+16828133579,-
S10656,James Solis,2012-03-26,Grade 2,+17643297184,9365
S10657,Christine Schultz,2014-03-05,Grade 3,+16514196508,-
S10658,Meghan Gray,2010-09-26,Grade 3,+14614292600,054
S10659,Alan Patterson,2015-07-11,Grade 4,+18763837676,2117
S10660,Mr. Jacob Conner,2018-08-20,Grade 2,+17782422578,0425
S10661,Kristin Morris,2018-09-04,Grade 1,+16084947896,2301
S10662,Lauren Walsh,2017-02-21,Grade 3,+12423663179,-
S10663,Amanda Wright,2008-03-15,Grade 1,+18777142369,087
S10664,Charles James,2007-09-28,Grade 4,+16174821672,76921
S10665,Barbara Anderson,2011-04-22,Grade 1,+19018213948,-
S10666,Olivia Fox,2008-08-15,Grade 4,+18558715218,-
S10667,Dwayne Young,2016-02-03,Grade 3,+18354941453,9756
S10668,Molly Hernandez,2014-06-13,Grade 2,+19613995915,4858
S10669,Miguel Brooks,2014-03-09,Grade 4,+14537176074,062
S10670,Jeffery Williams,2011-04-09,Grade 3,+14987872816,-
S10671,Jacqueline Knox,2011-01-10,Grade 5,+15743091925,54052
S10672,Grant Walker,2012-03-30,Grade 5,+16803906995,149
S10673,Kimberly Casey,2014-09-29,Grade 1,+14566277765,-
S10674,Zachary Moore,2015-08-07,Grade 3,+17037050706,-
S10675,Shannon Delgado,2008-12-12,Grade 2,+12448120667,12404
S10676,Terry Bryant,2018-09-08,Grade 4,+16179553203,740
S10677,John Wilson,2012-07-19,Grade 4,+19519201655,9306
S10678,Joshua Webb,2008-11-26,Grade 5,+18908932712,4723
S10679,Michael Reed,2006-10-29,Grade 4,+19822363704,1490
S10680,Alexander White,2008-05-10,Grade 5,+18708780766,-
S10681,Mercedes Reeves,2010-04-23,Grade 2,+16324666360,4025
S10682,Ryan Walters,2012-04-09,Grade 5,+16532459701,-
S10683,Adam Carter,2010-10-14,Grade 3,+16378865760,-
S10684,Sara Jones,2009-04-24,Grade 1,+13363166077,34601
S10685,Roberto Leonard,2016-12-16,Grade 4,+12449597733,-
S10686,Laurie Mullins,2012-11-25,Grade 3,+15672081282,311
S10687,Andrew Cross,2008-12-29,Grade 4,+17435649179,8660
S10688,Jason Sharp,2014-09-20,Grade 3,+18507438946,272
S10689,Travis Wright,2013-07-23,Grade 5,+18926410448,-
S10690,Hannah Benjamin,2018-04-23,Grade 5,+19993958863,82053
S10691,Ashley Wheeler,2009-01-05,Grade 4,+14957041046,58956
S10692,Renee Brown,2015-06-05,Grade 5,+14142526505,71289
S10693,Adam Miller,2006-06-05,Grade 5,+18776349559,9567
S10694,Rebecca Jones,2009-12-13,Grade 5,+14225696349,-
S10695,Mrs. Alexa Brown,2018-06-23,Grade 4,-,-
S10696,Jessica Andrews,2016-08-01,Grade 4,+13336994413,509
S10697,Michael Meyer,2008-12-13,Grade 1,+15013859047,1499
S10698,Elizabeth Werner,2015-09-24,Grade 2,+19469811572,-
S10699,Joseph Collins,2006-12-29,Grade 1,+15408846938,-
S10700,Jacqueline Wood,2017-07-07,Grade 2,+14616196617,30117
S10701,James Baker,2017-03-23,Grade 3,+12324056892,9841
S10702,Kevin Boyd,2016-03-02,Grade 1,+15548324607,610
S10703,Jordan Silva,2006-08-05,Grade 1,+12716495340,72356
S10704,Christopher Lawrence,2015-06-27,Grade 1,+16386212841,-
S10705,Seth Ortiz,2017-11-10,Grade 2,+14273148699,-
S10706,Leonard Hughes,2017-12-13,Grade 5,+13587366412,-
S10707,Penny Davis,2014-04-18,Grade 3,+14164364292,-
S10708,Gina Lyons,2012-08-15,Grade 3,+13432619079,6984
S10709,Paul Parsons,2012-05-27,Grade 3,+18203134963,-
S10710,Jonathan Norris,2011-12-27,Grade 1,+14777616559,8799
S10711,Ryan Johnson,2007-01-06,Grade 3,+19699169990,-
S10712,Reginald Bryant,2007-07-07,Grade 5,+16339136718,-
S10713,Stanley Phillips,2012-01-19,Grade 4,+13617975611,1564
S10714,Kimberly Miller,2017-08-15,Grade 3,+13643323866,03018
S10715,Dr. Christopher Lee,2012-09-26,Grade 1,+19674459402,512
S10716,Alicia Dudley,2017-04-11,Grade 1,+18295248327,601
S10717,Michael Rose,2010-06-30,Grade 5,+19007207834,-
S10718,Christina Adams,2007-03-08,Grade 3,+17482497265,3891
S10719,Bradley Smith,2014-11-08,Grade 3,+12276709629,49785
S10720,Heather Harris,2017-05-21,Grade 4,+13959204469,-
S10721,Destiny Stuart,2007-08-10,Grade 2,+19873035487,1625
S10722,Leslie Martinez,2009-08-26,Grade 5,+19055324147,7411
S10723,Mary Nash,2007-12-28,Grade 3,+14829104528,54395
S10724,Timothy Woods,2007-08-27,Grade 1,+15453095942,382
S10725,John Cook,2008-04-19,Grade 2,+17868917681,1357
S10726,Dan Haas,2016-09-14,Grade 2,+12672100037,-
S10727,Dr. Kimberly Young,2008-03-20,Grade 5,-,-
S10728,Cassandra Colon,2007-09-22,Grade 4,+13296750652,370
S10729,William Underwood,2010-11-15,Grade 5,+13515813739,35319
S10730,Blake Taylor,2008-06-06,Grade 3,+18865550108,-
S10731,Jordan Morrow,2014-01-08,Grade 5,+17179528800,-
S10732,Savannah Garcia,2015-10-04,Grade 5,+14866380790,-
S10733,Robin Ramos,2017-11-05,Grade 5,+18579063770,547
S10734,Michael Brown,2010-03-14,Grade 5,+12914700912,0425
S10735,Paige Mathews,2014-11-10,Grade 2,-,-
S10736,Eduardo Winters,2014-07-22,Grade 3,+12742614105,2334
S10737,Cody Schmidt,2011-03-25,Grade 1,+16019769217,818
S10738,Matthew Lopez,2017-07-19,Grade 1,+14175473316,-
S10739,Dr. Christopher Rocha,2015-08-30,Grade 5,+14595877627,3503
S10740,John Bryant,2011-06-04,Grade 4,+17557261793,969
S10741,Justin Price,2008-07-18,Grade 3,+17782784549,43629
S10742,Michael Woods,2010-08-17,Grade 5,+12006549592,-
S10743,Jose Nelson,2007-05-11,Grade 5,+13747042678,-
S10744,Joel Anderson,2013-06-12,Grade 4,+19632065835,618
S10745,Kimberly Allen,2011-08-01,Grade 4,+13965422173,-
S10746,Sheena Peterson,2013-12-22,Grade 5,+13347651483,3973
S10747,Joshua Davis,2006-11-21,Grade 1,+13274664705,-
S10748,Robert Hill,2014-02-07,Grade 2,+12176687143,-
S10749,Joseph Freeman,2009-10-24,Grade 2,+15809622836,-
S10750,Timothy Gibson,2018-10-22,Grade 2,+13104999091,419
S10751,Leonard Smith,2012-04-09,Grade 1,+18723038942,-
S10752,Barbara Walker,2018-01-13,Grade 5,+15958510277,6803
S10753,Linda Mason,2018-12-23,Grade 4,+16927639416,3154
S10754,Melissa Brooks,2008-11-18,Grade 4,+18477601123,-
S10755,Amber Cameron,2015-09-05,Grade 4,+16326538473,142
S10756,Jonathan Wilson,2012-09-21,Grade 2,+19759195555,-
S10757,Samantha Fernandez,2012-12-27,Grade 1,+14393237846,0213
S10758,Dr. Melissa Marsh Md,2006-06-04,Grade 1,+19743397027,818
S10759,David Gardner,2008-05-20,Grade 4,+13678895053,9684
S10760,Ronald Sweeney,2016-06-27,Grade 2,-,-
S10761,Kevin Freeman,2012-07-06,Grade 3,+19326965141,304
S10762,Kelly Fields,2006-04-07,Grade 4,+17974416706,87445
S10763,Lisa Schwartz,2016-03-17,Grade 5,+12362679632,292
S10764,Meghan Mccarthy,2011-01-03,Grade 3,+15188175371,-
S10765,Francisco Weiss,2015-08-20,Grade 1,+15977294649,184
S10766,Kristine Weiss,2018-10-03,Grade 2,+19799325927,933
S10767,Mia Lee,2010-11-26,Grade 1,+14144305516,-
S10768,Thomas Matthews,2017-09-27,Grade 4,+12835289570,86454
S10769,Terry Key,2017-10-13,Grade 2,+17563848438,65304
S10770,Frank Zuniga,2008-09-16,Grade 5,+16345170101,782
S10771,Paul Smith,2008-06-04,Grade 2,+17363740175,-
S10772,Christopher Watson,2012-08-22,Grade 3,+14387689525,-
S10773,Melissa Martinez,2007-12-13,Grade 3,+17785102059,-
S10774,Crystal Jones,2007-07-30,Grade 2,+14869855801,-
S10775,Edgar Lang,2015-03-13,Grade 3,+15243558287,5674
S10776,Patricia Rice,2007-05-08,Grade 5,+19454340415,-
S10777,Renee Hicks,2012-02-18,Grade 4,+18276028128,60970
S10778,John Morris,2010-08-23,Grade 5,+16617492323,-
S10779,Morgan Calderon,2011-08-28,Grade 4,+12296572504,318
S10780,Mitchell Mccoy,2011-09-06,Grade 3,+19095119125,-
S10781,Rachel Brooks,2012-08-16,Grade 2,+13097540459,-
S10782,Ronald Price,2016-10-08,Grade 5,+12462683197,-
S10783,Yvette Rodriguez,2010-01-25,Grade 3,+13788592311,-
S10784,Mary Simmons,2009-11-02,Grade 1,+17913166400,-
S10785,Nicole Palmer,2018-02-26,Grade 5,+17377987055,-
S10786,Alan Ortiz,2009-12-08,Grade 2,+17318593652,-
S10787,Scott Mack Md,2010-10-06,Grade 4,+18458464599,-
S10788,Paige Johnson,2014-09-25,Grade 1,+13315093175,-
S10789,Jessica Greene,2015-06-10,Grade 2,+13843513438,-
S10790,Alyssa Parker,2015-02-24,Grade 5,+19318888084,8076
S10791,Miss Melanie Brown,2009-09-20,Grade 2,+15566418310,-
S10792,Jeffery Jones,2006-05-26,Grade 5,+15364805238,461
S10793,Mary Lee,2007-05-14,Grade 2,+16822928864,0095
S10794,David Cruz,2017-03-24,Grade 4,-,-
S10795,Richard King,2006-11-12,Grade 2,+19707342185,962
S10796,James Hernandez,2006-12-16,Grade 4,+18715879711,0926
S10797,Spencer Kennedy,2017-11-17,Grade 2,+15829995116,-
S10798,Allison Gill,2015-09-12,Grade 4,+17325201127,1833
S10799,Tonya Graves,2018-05-30,Grade 5,+15472122884,9345
S10800,Michael Stewart,2015-03-10,Grade 5,+14803619403,-
S10801,Bianca Davidson,2009-10-03,Grade 1,+18499182070,-
S10802,Randy Reyes,2007-12-21,Grade 4,+15859720094,82962
S10803,Kevin Oconnell,2012-01-20,Grade 4,+19373326715,-
S10804,Eric Johnson,2006-09-08,Grade 5,+13772539556,-
S10805,Jeremy Aguilar,2006-09-12,Grade 4,+16852223832,-
S10806,Ashley Green,2010-01-13,Grade 5,+13243317920,612
S10807,Evelyn Thomas,2018-05-29,Grade 3,+16877333263,86143
S10808,Alec Rocha,2015-01-31,Grade 3,+16728592701,-
S10809,Misty Gallagher,2016-04-23,Grade 3,-,-
S10810,Jason Jenkins,2017-05-26,Grade 1,+16312655383,62244
S10811,Samantha Waters,2016-07-24,Grade 3,+19725417714,36039
S10812,Charles Mills,2007-06-17,Grade 1,+19306127792,02926
S10813,Jose Cooley,2014-11-04,Grade 2,+13112197880,1341
S10814,Stacey Henry,2011-12-08,Grade 3,+14202868834,-
S10815,Monica Cohen,2018-08-17,Grade 2,+17788835954,7390
S10816,Crystal Garcia,2008-10-01,Grade 5,+13567553213,-
S10817,John Lewis,2012-11-11,Grade 2,+12416343375,-
S10818,Amy Martin,2007-07-12,Grade 2,+19594705662,7241
S10819,Michael Smith,2009-10-29,Grade 3,+18766319609,38749
S10820,Michael Lee,2017-02-14,Grade 3,+19928944264,97380
S10821,Jacob Griffith,2010-09-28,Grade 3,+18236256849,28697
S10822,Emily Moore,2014-05-24,Grade 4,+14049646265,614
S10823,Jason Chandler,2009-03-09,Grade 5,+12834507485,9822
S10824,Michelle Brown,2010-07-07,Grade 2,+16165202743,8460
S10825,Donald Jacobs,2007-05-06,Grade 5,+15574661426,23076
S10826,Jennifer Miller,2006-12-17,Grade 5,+19284411393,25876
S10827,Keith Hart,2015-05-18,Grade 3,+14635692494,94641
S10828,Robert Ferguson,2010-01-13,Grade 5,+18963979120,4539
S10829,Sheri Bell,2018-01-24,Grade 4,+16064301648,37464
S10830,Rodney Duke,2017-01-10,Grade 2,+17802504093,7518
S10831,Robert Powell,2011-01-02,Grade 5,+17266569986,94513
S10832,Steven Henderson,2008-02-28,Grade 5,+16978491640,60634
S10833,Andrea Aguilar,2011-05-08,Grade 4,+12429816981,-
S10834,Jeremy Zimmerman,2013-11-29,Grade 5,+15597152905,-
S10835,Michael Brown,2017-03-21,Grade 5,+19515976518,-
S10836,Daniel Farley,2011-11-02,Grade 2,+16325573027,-
S10837,Angela Campbell,2014-09-27,Grade 3,+16233205494,51212
S10838,Sean Gonzalez,2008-10-21,Grade 1,+17414286216,-
S10839,Shane Palmer,2010-08-14,Grade 5,+16326016456,-
S10840,Alison Williams,2011-09-14,Grade 5,+13509335478,78434
S10841,Roger Ramsey,2015-09-19,Grade 5,+13138905499,2454
S10842,Peter Sweeney,2006-09-10,Grade 2,+17904069024,80562
S10843,Melissa Wright,2010-06-16,Grade 2,+14008282743,117
S10844,Abigail Browning,2007-05-21,Grade 3,+18538702562,-
S10845,Michelle Austin,2012-09-21,Grade 2,+18722739914,36567
S10846,James Rasmussen,2007-07-11,Grade 5,+14596455141,5147
S10847,Kayla Harris,2007-05-30,Grade 4,+13835105865,0898
S10848,Cynthia George,2016-07-07,Grade 1,+19576656258,2609
S10849,Nancy Mack,2008-04-04,Grade 5,+18016332219,-
S10850,Amber Ponce,2006-08-17,Grade 2,+19652671082,92624
S10851,Julia Garrett,2011-06-18,Grade 3,+13459794975,-
S10852,Juan Merritt,2016-11-17,Grade 1,+18858506823,-
S10853,Jeanette King,2008-10-13,Grade 2,+19439388698,-
S10854,Misty Tran,2009-09-04,Grade 5,+14898198573,-
S10855,Renee Grant,2012-06-22,Grade 4,+17313957579,-
S10856,Aaron Davis,2009-11-01,Grade 5,+15417763813,7694
S10857,Lori Smith,2018-12-28,Grade 3,+12209219823,-
S10858,David Brown,2010-10-16,Grade 5,+16195906411,-
S10859,Linda Sullivan,2016-08-20,Grade 2,+14048634404,573
S10860,Daniel Martin,2011-01-31,Grade 2,+17599921096,831
S10861,Tamara Johnson,2006-10-18,Grade 5,+17598599520,099
S10862,Cheryl Holden,2017-11-16,Grade 4,+16174509500,664
S10863,Catherine Freeman,2013-11-29,Grade 2,+14879690380,386
S10864,Erica Lawrence,2014-03-31,Grade 1,+19982539109,7455
S10865,Sabrina Perry,2012-05-12,Grade 3,+16899378479,1597
S10866,Craig Chan,2013-02-28,Grade 3,+13457022746,22076
S10867,Tamara Moore,2014-04-25,Grade 4,+14364316570,-
S10868,John Huynh,2016-08-21,Grade 2,+14156319684,72148
S10869,Justin Diaz,2018-10-08,Grade 2,+16465646640,635
S10870,Teresa Campos,2014-05-10,Grade 4,+18948128802,18257
S10871,Sean Cox,2008-09-05,Grade 3,+12084152451,013
S10872,William Robinson,2012-07-11,Grade 5,+13514703971,8861
S10873,Lisa Griffith,2009-06-25,Grade 2,+16006930436,-
S10874,Adam Reynolds,2019-01-30,Grade 1,+18774242210,544
S10875,Megan Robinson,2008-10-06,Grade 4,+15553321757,7154
S10876,Robert Huerta,2011-08-23,Grade 1,+16275186494,-
S10877,Benjamin Smith,2011-08-05,Grade 4,+12394678844,-
S10878,Patricia Riley,2015-08-12,Grade 4,+16325503306,638
S10879,Kimberly Golden,2011-05-30,Grade 5,+12075866687,-
S10880,Kenneth Hodges,2007-12-27,Grade 3,+14423015255,45508
S10881,Angel Harris,2011-06-30,Grade 2,+16225747658,-
S10882,Danielle Lara,2010-08-11,Grade 1,+19333039128,0919
S10883,Jason Carter,2010-05-22,Grade 1,+19179922817,-
S10884,John Mack,2015-10-02,Grade 4,+14455598471,049
S10885,Jonathan Griffin,2012-09-08,Grade 3,+19522253893,921
S10886,Emily Porter,2010-09-27,Grade 5,+14515847176,-
S10887,Whitney Castillo,2006-08-21,Grade 1,+18708244482,433
S10888,Mark Rich,2010-12-19,Grade 1,+19102813734,-
S10889,Anita Brown,2006-08-27,Grade 3,+16256259129,210
S10890,Mary Smith,2006-03-22,Grade 5,+19133737068,8764
S10891,Monica Morrison,2011-06-14,Grade 4,+14136018061,69693
S10892,Oscar Bradford,2014-12-24,Grade 5,+13157376195,0360
S10893,Denise Thompson,2011-04-18,Grade 2,+18926572436,-
S10894,Kelli Blankenship,2009-02-23,Grade 4,+16202731801,5848
S10895,Mary Sanders,2009-06-29,Grade 4,+13098154797,-
S10896,Teresa Thomas,2018-12-20,Grade 3,+18192882470,8888
S10897,Rachel Wilson,2013-10-04,Grade 2,+14313128031,05977
S10898,Brian Norman,2016-06-12,Grade 5,+15895521330,600
S10899,Rhonda Medina,2017-06-02,Grade 5,+13983342749,7895
S10900,Patricia Parker,2011-03-10,Grade 4,+19964775943,-
S10901,Kyle Johnson,2017-07-22,Grade 1,+13314674978,11505
S10902,Michael Day,2006-05-17,Grade 5,+19642671782,44771
S10903,Edwin Wood,2009-10-09,Grade 5,+18956282006,3035
S10904,Brent Richardson,2012-12-02,Grade 3,+18475068946,-
S10905,Deborah Landry,2017-06-12,Grade 2,+13186546080,-
S10906,Kenneth Cox,2010-03-22,Grade 5,+14776884819,903
S10907,Michael Hernandez,2009-02-12,Grade 4,+19703421156,528
S10908,Jacqueline Nguyen,2013-02-11,Grade 5,+19517164813,-
S10909,Tyler Moore,2018-09-23,Grade 1,-,-
S10910,Melanie Mercado,2007-07-30,Grade 3,+13024877454,055
S10911,Brian Callahan,2010-12-05,Grade 2,+17438385462,452
S10912,Tammy Crosby,2018-10-05,Grade 5,+19162238335,-
S10913,Alyssa Rocha,2017-04-20,Grade 4,+18103527225,735
S10914,Raymond Mora,2009-05-06,Grade 5,+19416443767,9865
S10915,Tracey Sherman,2008-01-17,Grade 5,+16463914436,2387
S10916,Christopher Sutton,2013-08-14,Grade 2,+16775891878,-
S10917,Julia Campbell,2010-11-19,Grade 4,+12187521598,52243
S10918,Jeffrey Morris,2009-04-20,Grade 5,+15158657346,87734
S10919,Andrew Adams,2006-12-04,Grade 5,+18059466135,-
S10920,Elizabeth Gonzalez,2014-09-23,Grade 4,+16903056426,291
S10921,Anthony Morrow,2016-01-01,Grade 4,+19112630340,417
S10922,Mrs. Amy Jones,2007-12-31,Grade 2,+12345068241,-
S10923,Kathy Miller,2013-12-15,Grade 4,+17907824660,-
S10924,Brittany Hayes,2007-05-17,Grade 4,+19298513726,-
S10925,Joshua Donovan,2007-01-22,Grade 2,+16245366307,515
S10926,Christine Briggs,2007-09-13,Grade 5,+15168592141,9547
S10927,Jennifer Rojas,2010-06-18,Grade 5,+14675747070,275
S10928,Steven Reid,2011-01-18,Grade 5,+19776224856,73706
S10929,Susan Torres,2011-09-27,Grade 5,+17158397966,2013
S10930,Joyce Cole,2011-06-10,Grade 5,+16003983936,68897
S10931,Collin Garcia,2010-04-24,Grade 4,+15704625349,-
S10932,Robin Ford,2018-09-06,Grade 4,+16985237237,4948
S10933,Stephanie Beck,2012-12-18,Grade 4,+12575442153,01562
S10934,Bobby Taylor,2008-09-09,Grade 4,+12159876518,33779
S10935,Courtney Lamb,2017-05-16,Grade 1,+16204534648,-
S10936,Brian Logan,2010-10-20,Grade 3,+15803945670,38795
S10937,Andrea Taylor,2010-10-03,Grade 2,+12734857517,-
S10938,Lauren Young,2019-03-08,Grade 5,-,-
S10939,Diana Morgan,2010-06-01,Grade 3,+18753093840,38621
S10940,Kimberly Madden,2008-02-07,Grade 5,+17483380684,0845
S10941,Patricia Watson,2013-07-24,Grade 1,+16525656238,-
S10942,Nathan Ramos,2018-02-13,Grade 4,+19339457769,446
S10943,Amanda Brown,2011-02-15,Grade 1,+18816359146,3032
S10944,Dustin Rodriguez,2014-04-26,Grade 3,+17922040244,-
S10945,Diane Olson,2014-11-05,Grade 5,+13222484609,-
S10946,Becky Cohen,2008-03-20,Grade 2,+12018358910,-
S10947,Donald Rogers,2009-02-01,Grade 4,+18993375155,-
S10948,Susan Vincent,2009-02-11,Grade 3,+14253059444,-
S10949,John Hughes,2006-04-14,Grade 2,+13157858557,521
S10950,Juan Gallegos,2017-03-08,Grade 3,+17648542680,153
S10951,Steven Soto,2012-03-21,Grade 2,+14837037254,677
S10952,Sharon Adams,2006-06-20,Grade 4,+19824714749,-
S10953,Brandon Murray,2008-10-18,Grade 5,+17576630762,197
S10954,Tanya Sims,2012-05-17,Grade 4,+16844756890,06352
S10955,Richard Hernandez,2017-03-25,Grade 4,+17733020869,-
S10956,Lynn Rodriguez,2014-01-26,Grade 2,+13687150062,-
S10957,John Mccarty Dds,2012-02-01,Grade 2,+14406857065,7403
S10958,Stephanie Soto,2007-02-08,Grade 1,+19293822855,-
S10959,Richard Harrison,2006-12-20,Grade 4,+12605484496,-
S10960,Alison Garcia,2009-05-05,Grade 1,+19238837908,-
S10961,Mary Moore,2010-05-10,Grade 2,+19655385775,-
S10962,Christopher Kennedy,2015-11-27,Grade 4,+13603133127,010
S10963,Sierra Jones,2017-10-11,Grade 2,+13359068965,00066
S10964,Jason Cooke,2016-03-15,Grade 4,+18173186364,543
S10965,Natasha Robles,2011-11-23,Grade 1,+15497104767,6874
S10966,Emma Stout,2007-11-26,Grade 1,+17828776054,143
S10967,Aaron Alexander Dds,2013-02-11,Grade 4,+17789993687,3332
S10968,James Lee,2010-05-13,Grade 5,+17624078239,6384
S10969,Nancy Castro,2008-03-03,Grade 5,+14747952405,-
S10970,Curtis May,2008-04-01,Grade 5,+15806776420,44316
S10971,Sarah Hernandez,2010-04-20,Grade 1,+17726206320,2488
S10972,Natalie Cabrera,2006-08-29,Grade 4,+17127015051,-
S10973,Michael Hansen,2018-12-25,Grade 1,+12846284406,1597
S10974,Rodney Monroe,2018-07-12,Grade 2,+16694587176,5904
S10975,Amy Cabrera,2015-10-01,Grade 1,+12053285250,-
S10976,Scott Smith,2016-10-22,Grade 4,+19229247406,585
S10977,Lori Clark,2006-06-15,Grade 5,+17129763584,-
S10978,Lisa Dunn,2018-02-05,Grade 5,+15744717577,64438
S10979,Janice Brown,2008-09-01,Grade 2,+12437330642,1244
S10980,Jacqueline Smith,2017-12-03,Grade 2,+15577263471,9507
S10981,James Haynes,2016-03-18,Grade 2,+13355534358,-
S10982,Jeffrey Webb Md,2018-04-25,Grade 3,+19888771278,9116
S10983,Ronnie Mcneil,2018-10-03,Grade 2,-,-
S10984,Elizabeth Rogers,2006-08-24,Grade 5,+13996169249,-
S10985,Charles Phillips,2016-09-27,Grade 1,+17092872579,644
S10986,Ashley Arnold,2015-09-19,Grade 3,+13567068012,-
S10987,Justin Cooley,2011-09-10,Grade 2,+19292004119,-
S10988,Sandra Howell,2008-06-02,Grade 5,+12838230892,-
S10989,Julie Cox,2016-05-17,Grade 1,+12995555573,232
S10990,Julie Morris Md,2011-01-21,Grade 2,+17126250127,755
S10991,Douglas Jones,2010-11-05,Grade 5,+16472831425,-
S10992,Lauren Frazier,2010-01-27,Grade 5,+13797600128,07952
S10993,David Kidd,2010-12-29,Grade 4,+14253239952,-
S10994,Jennifer Armstrong,2015-07-12,Grade 3,+15087390887,493
S10995,Beth Cook,2014-07-21,Grade 4,+15393726004,-
S10996,Jill Jordan,2017-05-02,Grade 5,+19675698842,-
S10997,Laura Ramsey,2006-03-29,Grade 1,+16745188107,678
S10998,Lisa Bradford,2017-12-17,Grade 3,+19969361196,1788
S10999,Raven Vasquez,2016-09-23,Grade 2,+15332515962,1370
S11000,Sarah Shannon,2008-08-08,Grade 5,+14374657287,4920
S11001,Carlos Miller,2010-04-02,Grade 5,+12988178811,-
S11002,Kimberly Farrell,2017-02-08,Grade 2,+13375693151,7751
S11003,Donna Welch,2011-09-16,Grade 3,+16498719899,86159
S11004,Briana Coffey,2008-02-22,Grade 1,+17463165788,-
S11005,Jessica Tucker,2011-02-14,Grade 2,+15832267115,-
S11006,Mary Shepherd,2012-06-29,Grade 4,+14067451786,0579
S11007,Stacy Johnson,2015-06-09,Grade 2,+18958426248,34757
S11008,Wesley Thomas,2017-11-08,Grade 3,+19325363708,-
S11009,Gary Lucas,2012-08-11,Grade 3,+17222124445,-
S11010,Lee Gray,2010-05-06,Grade 3,+13739409906,-
S11011,Russell Cherry,2007-03-15,Grade 3,-,-
S11012,Ariel Smith,2018-01-24,Grade 3,+15074155618,-
S11013,Kenneth Morris,2009-09-09,Grade 1,+18437600922,24301
S11014,Ernest Hess,2013-04-09,Grade 3,+18457763052,-
S11015,Robert Johnson,2018-07-26,Grade 3,+15082292562,-
S11016,Michael Castillo,2007-06-10,Grade 2,+14616811621,2243
S11017,Cynthia Whitaker,2011-01-06,Grade 4,+18556004270,07312
S11018,Emily Adams,2010-11-25,Grade 1,+15595650347,-
S11019,Jeremy Austin,2015-07-21,Grade 4,-,-
S11020,Christopher Marshall,2018-06-28,Grade 4,+15668452192,9564
S11021,Jamie Simpson,2011-07-24,Grade 5,+18242007998,-
S11022,Robert Sandoval,2006-03-23,Grade 3,+18367662816,720
S11023,Margaret Brown,2007-10-14,Grade 5,+16164408406,98392
S11024,Dustin Nelson,2011-03-20,Grade 3,+15396016023,07637
S11025,Melissa Hudson,2011-01-07,Grade 4,+16406653361,-
S11026,Cody Meyer,2013-04-27,Grade 2,-,-
S11027,Christopher Jennings,2014-06-20,Grade 1,+15623462476,-
S11028,Cathy Smith,2018-07-08,Grade 1,+18307425204,941
S11029,Randy Smith,2012-11-29,Grade 2,+12322959354,-
S11030,Ashley Velasquez,2013-10-29,Grade 2,+18679418121,-
S11031,Charles Hamilton,2019-02-11,Grade 3,+17993978949,815
S11032,Mary Conway,2006-09-30,Grade 3,+12176023190,-
S11033,Andrew Shepherd,2007-02-07,Grade 2,+18635363891,3858
S11034,John Warren,2016-10-31,Grade 2,+12629770481,176
S11035,Barbara Bullock,2011-12-28,Grade 1,+12267588261,-
S11036,Daniel Barker,2016-09-10,Grade 2,+17637856022,-
S11037,Anne Martinez,2013-02-04,Grade 4,+19107025587,-
S11038,Dr. Stacey Sims,2008-07-24,Grade 5,+17694918423,42026
S11039,Marilyn Nichols,2013-07-15,Grade 4,+12649924090,12223
S11040,Grace Smith,2017-11-25,Grade 4,+15025276676,-
S11041,Dustin Bailey,2015-06-01,Grade 4,+18813375225,05562
S11042,Amanda Costa,2011-11-12,Grade 2,+16954995353,08276
S11043,Sarah Lee,2016-10-12,Grade 5,+18932747401,290
S11044,Noah Burgess,2007-09-04,Grade 1,+17418680121,57528
S11045,Alexandra Young,2007-04-27,Grade 3,+16416028540,-
S11046,Kevin Watson,2011-12-31,Grade 5,+16822541487,72225
S11047,Elizabeth Gomez,2007-06-14,Grade 5,+14126156357,759
S11048,Kimberly Morton,2017-07-15,Grade 4,+12273171004,-
S11049,Cathy Tran,2016-06-04,Grade 4,+18273116283,-
S11050,Timothy Stewart,2014-03-06,Grade 5,+18335129501,591
S11051,Neil Morgan,2016-08-07,Grade 3,+16335953015,145
S11052,Keith Wallace,2016-02-12,Grade 2,+18499394705,-
S11053,Erin Park,2008-02-22,Grade 3,+16825957486,95601
S11054,Lee Morrison,2013-12-29,Grade 2,+19717633948,71406
S11055,Thomas Fleming,2011-11-04,Grade 1,+18499201229,-
S11056,Robert Valentine,2013-01-14,Grade 5,+14416935212,0552
S11057,Kelsey Swanson,2013-07-05,Grade 5,+13643018285,-
S11058,Mikayla Dillon,2014-07-26,Grade 3,+17813988140,-
S11059,Christopher Peters,2016-10-01,Grade 3,+19216967230,2857
S11060,Brittany Moody,2006-05-30,Grade 1,+17298437969,3943
S11061,Phillip Peterson,2017-04-25,Grade 2,+13074639774,33619
S11062,Tina Mays,2010-08-23,Grade 4,+17449094784,-
S11063,Donna Cantu,2007-08-12,Grade 1,+14768575056,-
S11064,Dawn Paul,2019-11-02,Grade 3,+14288319255,58911
S11065,Robert Edwards,2007-07-13,Grade 1,+16286402328,-
S11066,Jessica Anderson,2016-07-24,Grade 1,-,-
S11067,Theresa Bowman,2006-12-30,Grade 3,+13122058236,17934
S11068,James Graves,2018-02-07,Grade 1,+14606984407,-
S11069,Jason Clark,2016-10-22,Grade 4,+13419888918,-
S11070,Donna Villa,2013-12-21,Grade 5,+16347925776,2028
S11071,Craig Nicholson,2018-03-26,Grade 4,+12293420009,5622
S11072,Matthew Atkinson,2008-04-10,Grade 1,+18314079329,-
S11073,Aaron Smith,2016-01-15,Grade 4,+19562349826,424
S11074,Charles Cruz,2012-08-22,Grade 5,+19923024704,-
S11075,Cheryl Lopez,2013-01-28,Grade 5,+13287265978,-
S11076,Cynthia Hill,2008-05-14,Grade 4,+14664306422,-
S11077,Dr. Stephanie Combs,2008-07-10,Grade 2,+19373507534,-
S11078,Tracy Morrison,2012-10-17,Grade 2,+18774326837,-
S11079,Victoria Ramos,2010-11-19,Grade 3,+17848733582,45572
S11080,Karen Cook,2009-08-17,Grade 2,-,-
S11081,Holly Houston,2010-04-18,Grade 4,+18039682017,235
S11082,Andrea Hudson,2011-03-29,Grade 2,+19898241927,287
S11083,Melanie Jones,2016-01-16,Grade 5,+16032395141,7745
S11084,David Mcdowell,2010-07-04,Grade 4,+15275900153,0423
S11085,Jesus Lowe,2009-08-23,Grade 2,+19125106610,9858
S11086,Melissa Moran,2007-03-11,Grade 3,+19699644136,3328
S11087,Juan Jimenez,2007-11-29,Grade 3,+12754359250,-
S11088,Mark Golden,2006-06-12,Grade 2,-,-
S11089,Eric Morris,2015-02-21,Grade 4,-,-
S11090,Nathan Huynh,2009-01-21,Grade 4,-,-
S11091,Emily Bonilla,2006-10-08,Grade 3,+17235974201,1836
S11092,Stacey Mays,2013-09-16,Grade 2,+17808917426,-
S11093,Alicia Weiss,2011-07-13,Grade 3,+19795283308,4566
S11094,William Davis,2008-04-27,Grade 5,-,-
S11095,Robert Welch,2012-08-16,Grade 3,+14476940912,-
S11096,Gloria Clark,2018-04-07,Grade 3,+19733791082,-
S11097,Elizabeth Alvarado,2007-12-14,Grade 4,+16474986150,922
S11098,Maureen Adams,2014-10-13,Grade 3,+17086769632,-
S11099,Maria Duran,2016-03-27,Grade 5,+19789081308,387
S11100,Tammy Lucero,2015-03-14,Grade 4,+18772449971,-
S11101,Patrick Lindsey,2017-12-31,Grade 1,+16705035922,-
S11102,Richard Ortega,2011-10-21,Grade 1,+13296853396,828
S11103,Amy Flores,2015-03-28,Grade 5,+18803900480,124
S11104,Patricia Willis,2016-11-26,Grade 5,+13702556772,-
S11105,Amanda Morris,2009-01-28,Grade 1,+16106207688,-
S11106,David Mooney,2013-02-09,Grade 2,+14895418614,029
S11107,Lauren Wolf,2010-10-09,Grade 3,-,-
S11108,Jamie Thompson,2009-04-15,Grade 4,+12825588844,88793
S11109,Melissa Matthews,2016-09-13,Grade 2,+14365164474,-
S11110,Ryan Harper,2009-07-02,Grade 1,+17023149466,-
S11111,Dana White,2016-12-27,Grade 2,+17176798981,-
S11112,Bryan Griffith,2017-05-06,Grade 3,+18938059043,758
S11113,Patrick Diaz,2008-01-18,Grade 3,+16737181936,01458
S11114,Jason Young,2008-09-07,Grade 4,+14202982801,-
S11115,Christopher Krueger,2007-07-12,Grade 5,+13813458260,317
S11116,Cathy Russell,2016-10-01,Grade 4,+17507506698,300
S11117,Patty Carter,2007-06-23,Grade 5,+19294295971,-
S11118,Mary Alexander,2014-10-28,Grade 4,+12037879203,46816
S11119,Trevor Thompson,2006-10-29,Grade 5,+12559761116,-
S11120,Barbara Fox,2016-10-02,Grade 3,+17528214489,620
S11121,Timothy Young,2011-05-31,Grade 4,+13196726907,11910
S11122,Carrie Bailey,2006-05-10,Grade 4,+18414878836,15400
S11123,Christopher Matthews,2014-12-16,Grade 2,-,-
S11124,Marcus Richmond,2015-05-27,Grade 1,+12444468707,-
S11125,Sara Gill,2014-10-06,Grade 1,+19819545057,2975
S11126,Shane Weber,2016-10-09,Grade 2,+16567360052,123
S11127,Becky Jackson,2009-12-05,Grade 3,+19893846253,-
S11128,Ann Deleon,2010-10-30,Grade 2,+17572645619,-
S11129,Tony Wells,2008-10-30,Grade 5,-,-
S11130,Heidi Bird Md,2008-10-12,Grade 4,+18836068704,-
S11131,Aaron Ingram,2015-01-23,Grade 1,+13188393492,7790
S11132,Peggy Daniels,2011-04-05,Grade 1,+18025091322,-
S11133,John Norman,2010-02-20,Grade 5,+17467761700,66376
S11134,Susan Baker,2012-02-26,Grade 2,+19413900728,-
S11135,Rachel Evans,2018-10-30,Grade 2,+18839306140,-
S11136,John Stewart,2014-04-19,Grade 5,+14664379301,-
S11137,Patricia Alexander,2015-07-26,Grade 3,+19819203536,21034
S11138,Luis Armstrong,2015-02-17,Grade 4,-,-
S11139,Tammy Long,2016-12-23,Grade 1,+15489518393,09605
S11140,Olivia Arellano,2016-05-06,Grade 5,+17175817237,4585
S11141,Matthew Smith,2018-09-22,Grade 4,+12955623699,6972
S11142,Aaron Lang,2014-03-12,Grade 5,+15979646420,262
S11143,Stephanie Suarez,2006-03-21,Grade 2,+12487817739,-
S11144,Daniel Ewing,2018-12-03,Grade 3,+16884363063,64614
S11145,Amanda Strickland,2007-11-08,Grade 2,+17033224124,667
S11146,Karen Long,2010-01-19,Grade 3,+17405231326,295
S11147,Andrew Nguyen,2014-02-16,Grade 3,+18062830756,-
S11148,Kimberly Baker,2011-11-19,Grade 4,+16477440724,-
S11149,Andrew Hill,2016-03-27,Grade 5,+14465782457,13942
S11150,Dennis Montgomery,2006-03-23,Grade 3,+18248589177,03841
S11151,Tim Klein,2007-08-10,Grade 2,+19827714125,591
S11152,Tyler Sloan,2012-04-20,Grade 2,+13272602099,9712
S11153,Allison Burnett,2015-11-09,Grade 2,+13368337086,037
S11154,Katelyn Burton,2017-06-01,Grade 4,+19626728954,-
S11155,Mark Hunter,2009-06-29,Grade 1,+12698281554,-
S11156,Michael Fox Md,2011-01-14,Grade 1,+16438592654,-
S11157,Frank Jenkins,2007-03-06,Grade 2,+16367826045,-
S11158,Mark Brown,2016-07-23,Grade 5,+12862790376,25138
S11159,Nicole Cook,2012-01-28,Grade 4,+15509296863,38543
S11160,Ashley Miller,2011-10-01,Grade 3,+16405549828,79391
S11161,Benjamin Johnson,2006-08-17,Grade 5,+18786075548,-
S11162,Angela Henry,2014-05-25,Grade 2,+17103718953,559
S11163,George Hall,2015-04-04,Grade 2,+18842015304,985
S11164,Michele Hebert,2017-09-09,Grade 2,+19162505670,19054
S11165,John Fleming,2018-05-24,Grade 4,+14567517714,2341
S11166,Rebecca Riddle,2018-10-12,Grade 5,+14129171026,777
S11167,Anita Robinson,2008-04-12,Grade 3,+18082767964,052
S11168,Chase Flynn,2017-09-21,Grade 4,+13057665889,-
S11169,Rachel Wright,2014-11-21,Grade 4,+14997283354,-
S11170,Diana Hernandez,2014-05-09,Grade 4,+16985111317,-
S11171,Carolyn Smith,2012-10-16,Grade 3,+15993956704,0573
S11172,Kristie Curry,2009-01-02,Grade 5,+19994189946,7666
S11173,Darrell Trevino,2009-03-24,Grade 5,-,-
S11174,Joshua Perez,2018-12-24,Grade 2,+16909003294,2566
S11175,Chris Todd,2008-05-09,Grade 3,+12273353594,-
S11176,Theodore White,2017-08-10,Grade 4,+14998920057,4952
S11177,Michael Walker,2010-06-05,Grade 1,+19772108803,930
S11178,Brenda Reynolds,2017-06-17,Grade 2,+13478065571,7548
S11179,Randy Warner,2010-01-20,Grade 3,+19904752390,551
S11180,Paula Clark,2009-04-10,Grade 3,+16115206842,943
S11181,Erika Blevins,2010-06-06,Grade 1,+19485692704,30556
S11182,William Diaz,2012-10-14,Grade 4,+16025806250,1814
S11183,Eric Adams,2017-07-02,Grade 5,+15468065260,-
S11184,Kenneth Dyer,2011-09-16,Grade 2,+19366883618,-
S11185,Micheal Schultz,2007-02-08,Grade 3,+18425814510,851
S11186,William Webb,2016-06-30,Grade 2,+15452541414,-
S11187,Ashley Cisneros,2006-03-12,Grade 3,+13209927945,840
S11188,Vanessa Norris,2009-01-29,Grade 3,+15089668130,4155
S11189,Tabitha Mitchell,2018-02-05,Grade 1,+19025845320,-
S11190,Ronald Scott,2007-05-21,Grade 5,+19763316832,370
S11191,Luis Collins,2006-05-16,Grade 4,+18946931300,376
S11192,Kenneth Pugh,2008-01-20,Grade 2,+17119141917,7841
S11193,Nicole Cruz,2017-12-22,Grade 3,+13407752093,63092
S11194,Whitney Wiggins,2016-06-17,Grade 2,+19796615845,-
S11195,David Bailey,2007-08-25,Grade 1,+13756444322,-
S11196,Latoya Pierce,2012-05-11,Grade 1,+14242438674,2551
S11197,Kyle Mclean,2007-04-01,Grade 2,+14133095789,-
S11198,Scott Ellis,2011-06-23,Grade 3,+17626983448,918
S11199,Jenna Brown,2014-05-05,Grade 1,+15353740157,2312
S11200,Patricia Kelly,2013-08-21,Grade 3,+14354521240,51814
S11201,Antonio Hill,2015-09-25,Grade 5,+14866717453,78492
S11202,Tyler Edwards,2016-04-11,Grade 4,+18218066960,-
S11203,Thomas Ryan,2010-03-23,Grade 1,+14626837748,-
S11204,Mrs. Susan Garza Dds,2013-01-23,Grade 2,+13498426685,22307
S11205,James Delgado,2016-02-08,Grade 4,+18417292732,9843
S11206,Garrett Wilson,2015-01-12,Grade 1,+16148493073,-
S11207,Laura Phillips,2016-05-28,Grade 1,+13282982952,151
S11208,Brian Martinez,2017-06-25,Grade 4,+15054767630,-
S11209,Amanda Reed,2007-07-16,Grade 1,+14944913833,-
S11210,Ronald Crawford,2015-08-01,Grade 4,+12058850601,-
S11211,Robert Castro,2009-09-04,Grade 2,+17087758989,083
S11212,Lance Sampson,2017-01-03,Grade 2,+17773684577,-
S11213,Barbara Oconnor,2014-06-23,Grade 4,+17394645919,15871
S11214,Adam Swanson,2014-04-12,Grade 2,+18552422391,-
S11215,Oscar Bryan,2018-06-21,Grade 4,+13829560113,6734
S11216,Benjamin Crane,2019-02-07,Grade 5,+14608718448,2128
S11217,Meagan Robinson,2014-03-14,Grade 3,+14236825444,-
S11218,Kimberly Cortez,2017-04-28,Grade 4,-,-
S11219,Sabrina Bolton,2018-09-29,Grade 1,+16925414174,179
S11220,Tanya Scott,2013-06-01,Grade 1,+17894562693,-
S11221,Renee Mclaughlin,2007-12-27,Grade 3,+15223820024,-
S11222,Steven Adams,2018-11-23,Grade 4,+14696417153,85585
S11223,Adam Dawson,2014-09-18,Grade 4,+19244346186,41678
S11224,Nathaniel Welch,2015-12-21,Grade 5,+13678048090,4803
S11225,Philip Baird,2006-11-03,Grade 1,+15178822290,639
S11226,Alexis Phillips,2007-10-20,Grade 2,+15699830175,0829
S11227,Lisa Sanchez,2018-12-02,Grade 4,+16198743018,2006
S11228,Rachel Flores,2016-09-12,Grade 2,+12705113246,-
S11229,Ronald Davis,2007-09-25,Grade 3,+16103325680,0660
S11230,Oscar Taylor,2009-10-05,Grade 1,+15746820014,-
S11231,Todd Moore,2012-08-21,Grade 5,-,-
S11232,Taylor Baker,2009-11-30,Grade 3,+15328675786,9180
S11233,David Leonard,2007-10-28,Grade 3,+18039683635,87934
S11234,Elizabeth Mcmillan,2016-06-24,Grade 5,+14704235837,740
S11235,Robin Dixon,2015-07-28,Grade 1,+18918711363,-
S11236,Ryan Wagner,2012-01-30,Grade 4,+15549731167,29406
S11237,Robin Roberts,2006-06-19,Grade 3,+14582148349,-
S11238,Morgan Sanchez,2016-03-08,Grade 3,+15486620604,-
S11239,Amy Miller Md,2011-10-09,Grade 3,+19843629557,9978
S11240,Robin Rubio,2012-02-03,Grade 1,+19587252961,026
S11241,Anthony Herrera,2013-04-26,Grade 4,+16578605362,-
S11242,Julie Harris,2006-07-27,Grade 1,+16396662800,-
S11243,Alec Reed,2017-11-29,Grade 5,+14176904518,32848
S11244,Ricky Harris,2012-11-01,Grade 4,+15743149522,-
S11245,Chase Garcia,2010-02-06,Grade 3,+14977238469,2296
S11246,Jasmine Johnson,2015-03-09,Grade 2,+18379233127,-
S11247,Timothy King,2007-03-23,Grade 2,+15677343992,-
S11248,Tammy Sellers,2008-08-06,Grade 1,+12747765397,953
S11249,Eric Harrell,2006-09-23,Grade 1,+17067535973,148
S11250,Katherine Gomez,2016-01-03,Grade 3,+18386740107,02566
S11251,Meghan Kelley,2007-05-26,Grade 3,+18924886484,-
S11252,Steven Norris,2011-11-15,Grade 4,+17283611463,-
S11253,Beth Ibarra Md,2017-03-01,Grade 2,+13285009050,58136
S11254,Mary Parsons,2016-08-20,Grade 4,-,-
S11255,Shelby Morris,2011-05-30,Grade 4,+19002816463,2980
S11256,Billy Hernandez,2012-08-16,Grade 2,-,-
S11257,Eric Henry,2008-07-24,Grade 4,+14588256715,32051
S11258,Matthew White,2017-08-05,Grade 3,+17714866211,5464
S11259,Erin Lee,2011-04-28,Grade 4,-,-
S11260,Jeremy Gonzalez,2017-12-26,Grade 3,+17202331516,58891
S11261,Lisa Miller,2008-07-22,Grade 4,+19328844717,30690
S11262,Antonio Nelson,2011-11-27,Grade 3,+15664580660,92270
S11263,Rebecca Obrien,2018-01-23,Grade 4,+13968327741,709
S11264,Samantha Gutierrez,2016-08-03,Grade 5,+17678779550,5692
S11265,Allison Brown,2007-03-09,Grade 1,+16564330343,7044
S11266,Michael Warren,2018-08-25,Grade 5,+14612258390,757
S11267,Timothy Michael,2016-01-01,Grade 2,+15548627754,32853
S11268,Kim Chavez,2017-10-03,Grade 1,+15263882318,03724
S11269,Lacey Clark,2013-12-30,Grade 3,+12289734348,864
S11270,Desiree Dudley,2016-09-11,Grade 3,+18864197781,-
S11271,Fernando Stanley,2007-05-03,Grade 1,+12729396480,6950
S11272,Katherine Molina,2017-03-01,Grade 1,+12458963334,007
S11273,Andrew Fields,2008-11-15,Grade 2,+12943651643,186
S11274,Kimberly Mccoy,2016-12-16,Grade 1,-,-
S11275,Joel Collier,2007-09-08,Grade 4,-,-
S11276,Nicole Ferrell,2013-03-26,Grade 4,+18164191572,-
S11277,Angela Pierce Md,2013-07-08,Grade 4,+13273208823,-
S11278,Linda Brown Md,2015-09-25,Grade 4,+15886195567,96919
S11279,Susan Warner Md,2009-04-20,Grade 5,-,-
S11280,Emily Clark,2013-03-14,Grade 1,+15624122667,891
S11281,Thomas Bridges,2013-05-08,Grade 5,+18937413750,-
S11282,Robert Mcgrath,2010-02-10,Grade 5,+12706368046,-
S11283,Michael Cox,2017-06-17,Grade 4,+18547813653,-
S11284,Katherine Anderson,2017-07-26,Grade 2,+13922203344,9151
S11285,Ebony Jacobs,2010-09-28,Grade 1,+15266980158,-
S11286,Nathan Chen,2010-01-11,Grade 5,+18448166130,-
S11287,Virginia York,2008-04-07,Grade 2,+16407559281,83020
S11288,Jesus Alvarez,2014-11-04,Grade 4,+15333958463,82745
S11289,Katherine Hawkins,2009-07-06,Grade 1,+16114479059,36766
S11290,Mark Gallagher,2014-01-22,Grade 1,+18232402259,-
S11291,Richard Gonzalez,2006-11-16,Grade 4,+13627595720,-
S11292,Melanie Jimenez,2016-08-26,Grade 2,-,-
S11293,Nicole Smith,2016-11-24,Grade 5,+19158778793,-
S11294,Johnathan Lopez Md,2019-01-24,Grade 1,+17769259432,51759
S11295,Amy Cox,2008-05-01,Grade 3,+13206493182,30451
S11296,Jose Simpson,2018-03-30,Grade 1,+16619797723,9233
S11297,John Valencia,2007-08-25,Grade 5,+16263623099,458
S11298,Matthew Dunn,2014-08-27,Grade 5,+15145467125,-
S11299,Jennifer Hughes,2009-06-08,Grade 2,+15369180863,-
S11300,Margaret Taylor,2016-09-15,Grade 5,+17363288216,13257
S11301,Scott Ortega,2006-09-27,Grade 2,+12083359383,667
S11302,Debra Sanford,2011-11-25,Grade 2,+15807490926,-
S11303,George Mejia,2014-07-19,Grade 2,+16619270136,1869
S11304,Daniel Martin,2018-05-29,Grade 5,+18045854414,-
S11305,Judith Smith,2009-07-09,Grade 1,+19853938397,-
S11306,Cheryl Perez,2018-04-21,Grade 4,+15132500824,6223
S11307,Robin Jones,2015-11-03,Grade 5,+15409086599,142
S11308,Dawn Palmer,2008-04-29,Grade 3,+15615494703,159
S11309,Michael Thompson,2016-06-28,Grade 5,+14003221822,49520
S11310,Karen Cooper,2011-01-24,Grade 1,+14788711879,36486
S11311,James Hill,2012-08-25,Grade 2,+15236070616,-
S11312,Robert Keller,2007-08-22,Grade 2,+12534933435,-
S11313,Katherine Doyle,2013-05-26,Grade 2,+12149153326,5909
S11314,Derrick Anthony,2017-11-26,Grade 3,+12417758778,93409
S11315,Melissa Strickland,2017-10-17,Grade 4,+15896701694,6385
S11316,Olivia Brown,2014-11-07,Grade 5,+13902886729,6974
S11317,Heather Hunt,2007-10-27,Grade 1,+15503166758,66334
S11318,Rodney Suarez,2018-08-06,Grade 3,+12767650750,-
S11319,Erica West,2007-06-21,Grade 3,+13967675001,-
S11320,Ernest Harrison,2016-10-19,Grade 4,+17873025651,-
S11321,Steve Cox,2015-01-31,Grade 3,+12219467959,-
S11322,Justin Aguilar,2010-05-21,Grade 3,+18492842496,-
S11323,James Williams,2014-04-09,Grade 2,+15278757726,9555
S11324,Edward Juarez,2011-09-06,Grade 4,+16554844311,858
S11325,Kenneth Richardson Dds,2013-12-07,Grade 4,+12816416801,3250
S11326,Dustin Watson,2012-05-05,Grade 2,+17628549791,35502
S11327,Leah Mcintyre,2010-06-05,Grade 4,+17146599434,626
S11328,Christy Holmes,2015-03-24,Grade 2,+16619798908,6035
S11329,Brianna Copeland,2013-01-06,Grade 4,+18876702462,469
S11330,Crystal Johnson,2013-11-14,Grade 2,+14712641973,-
S11331,Melissa Velez,2014-07-21,Grade 2,+12155269263,857
S11332,Javier Murray,2010-07-31,Grade 3,+16758990883,075
S11333,Alexis Edwards,2012-03-24,Grade 5,-,-
S11334,Richard Alexander,2013-01-13,Grade 2,-,-
S11335,Jonathon Sloan,2015-05-20,Grade 1,+12057686863,8158
S11336,Lauren King,2010-11-07,Grade 4,+14594908580,00343
S11337,Maria Bennett,2010-07-12,Grade 5,+17268469082,-
S11338,George Caldwell,2013-05-13,Grade 5,+19244045826,71611
S11339,Ashley Gonzalez,2008-11-28,Grade 4,+17602430742,-
S11340,Tina Gardner,2006-09-15,Grade 4,+19474204664,-
S11341,Crystal Herrera,2012-10-06,Grade 2,+18065352081,19343
S11342,Stacy Harrington,2007-09-20,Grade 4,+16466506762,-
S11343,Danielle Castillo,2009-08-29,Grade 4,+13493748979,9339
S11344,Glen Hess,2012-11-29,Grade 1,+19096326160,631
S11345,Barry Newman,2008-08-24,Grade 3,+12699801441,75857
S11346,Richard Flores,2008-08-25,Grade 1,+13023118272,-
S11347,Jeffrey Livingston,2006-12-10,Grade 1,+15289676927,60635
S11348,Alexander Clark,2007-08-27,Grade 3,+18038497125,-
S11349,Eric Wu,2014-03-20,Grade 2,+17297952884,74527
S11350,Candice Ayala,2012-04-23,Grade 5,+16982391436,-
S11351,Kimberly Becker,2018-12-02,Grade 3,+19297828203,26359
S11352,Christopher Vasquez,2009-09-09,Grade 5,+19915299825,-
S11353,Chad Shaw,2007-02-04,Grade 1,+19962030688,542
S11354,William Wheeler,2009-02-21,Grade 5,+17705062926,578
S11355,Lori Li,2015-12-15,Grade 5,+12493348995,0261
S11356,William Thomas,2013-02-17,Grade 5,+14978734423,926
S11357,Sarah May,2015-02-17,Grade 4,+15223860308,4129
S11358,Kristin Cohen,2007-10-21,Grade 4,+12669709696,836
S11359,Rachel Baxter Dds,2013-07-07,Grade 4,+17463629373,-
S11360,Tony Wilson,2012-08-30,Grade 5,+15925241204,41871
S11361,Michael Keller,2007-07-28,Grade 4,-,-
S11362,Steven King,2015-09-21,Grade 3,+15076302008,959
S11363,Brett Stewart,2006-06-13,Grade 5,+17189422828,-
S11364,Melinda Clayton,2009-04-24,Grade 3,+16222040259,-
S11365,Sean Oconnor,2008-10-26,Grade 3,+18103670597,6069
S11366,Carl Brown,2014-01-25,Grade 2,+12949020422,9563
S11367,Ashley Hardy,2018-11-17,Grade 2,+17183199580,6262
S11368,Wesley Davis,2008-03-10,Grade 3,-,-
S11369,Tamara Stewart,2008-04-18,Grade 3,+14677211702,729
S11370,Jonathan Hicks,2013-12-14,Grade 4,+17109974557,-
S11371,Brandon Mccoy,2012-01-01,Grade 4,+14656617651,9876
S11372,Luis Wang,2011-02-25,Grade 2,+17487218036,50462
S11373,Jennifer Carson,2017-06-24,Grade 3,+14324999950,81036
S11374,Donna Vega,2017-03-08,Grade 2,+17256537465,035
S11375,Dana Gregory,2016-02-08,Grade 3,+19779169118,-
S11376,Brandon Martinez,2010-08-22,Grade 1,+12785361792,7821
S11377,Carol Ramirez,2011-03-28,Grade 3,+18325365964,3919
S11378,Tanner Hernandez,2007-07-07,Grade 5,+18464765576,56367
S11379,Jill Mora,2006-12-10,Grade 4,+16525031341,7243
S11380,Jeffrey Cobb,2007-07-03,Grade 5,+13846347346,365
S11381,Brenda Lawrence,2016-12-19,Grade 5,+16138629735,-
S11382,Scott Diaz,2014-09-08,Grade 3,+16698441997,123
S11383,John Leon,2012-07-27,Grade 5,+15058961572,35450
S11384,Danielle Wells,2006-08-23,Grade 5,+19078745604,42407
S11385,Lisa Vazquez,2010-06-14,Grade 1,+15803151268,-
S11386,Cheryl Harris,2011-07-15,Grade 1,+18106366508,-
S11387,Frances Howard,2013-06-25,Grade 5,+17095137612,97775
S11388,Claudia Young,2013-07-19,Grade 4,+13909486926,-
S11389,Elizabeth Brown,2016-03-25,Grade 3,+14009170691,034
S11390,Shawn Edwards,2016-05-14,Grade 3,+14188229398,-
S11391,Debra Johnson,2006-10-26,Grade 4,+16965151931,-
S11392,Nicole Glass,2014-05-15,Grade 1,+19557665674,4316
S11393,Rachel Patton,2011-11-13,Grade 2,+16537682030,94280
S11394,Scott Gordon,2019-01-23,Grade 4,+14304755734,-
S11395,Patricia Oneal,2009-04-20,Grade 5,+19719239863,700
S11396,Wendy Barr,2017-10-09,Grade 2,+18216512175,85024
S11397,Andrew Ortiz,2018-01-08,Grade 3,-,-
S11398,Shane Holland,2015-03-20,Grade 4,+17758101916,69971
S11399,Jason Riley,2017-04-10,Grade 2,-,-
S11400,Dr. Donald Walker,2014-12-27,Grade 3,+15446522023,4568
S11401,Connie Mccarty,2013-04-13,Grade 3,+18066531795,-
S11402,Alex Adams,2012-06-23,Grade 1,+19977763454,9039
S11403,Kelly Ellis,2018-10-24,Grade 1,+19113091704,9713
S11404,Robyn Lopez,2015-09-08,Grade 3,+19424123069,-
S11405,Wanda Pierce,2013-01-27,Grade 1,+19296223848,900
S11406,Gregory Schultz,2008-04-27,Grade 4,+18148478721,281
S11407,April Ross,2007-03-10,Grade 4,+14436897134,27182
S11408,Nancy Dickerson,2015-10-28,Grade 5,+18147076326,122
S11409,Michael Richardson,2017-07-27,Grade 5,+18402195891,4255
S11410,Michael Wood,2018-05-04,Grade 3,+19367802193,83043
S11411,Daniel Vang,2013-04-09,Grade 4,+18159087356,58514
S11412,David King,2015-09-19,Grade 4,+15087021209,63588
S11413,Alec Berger Dds,2011-10-15,Grade 2,+17535419614,699
S11414,Vanessa Davis,2007-06-04,Grade 2,+18593496843,7604
S11415,Madeline Liu,2015-04-17,Grade 3,+14154094536,58606
S11416,William Caldwell,2006-08-30,Grade 5,+19736350826,-
S11417,Anthony Chavez,2006-04-10,Grade 5,+19777681374,-
S11418,David Hale,2011-03-30,Grade 4,+18658001895,7876
S11419,Anna Gill,2009-03-07,Grade 5,+14973825217,23812
S11420,Jonathan Carter,2017-07-13,Grade 5,+13993038094,-
S11421,Brenda Lowery,2007-05-23,Grade 3,+16234541431,-
S11422,David Singleton,2016-10-24,Grade 3,+14597094969,4273
S11423,Melvin Oconnor,2013-06-26,Grade 5,+15439971921,-
S11424,Michael Paul,2011-11-06,Grade 1,+15088160656,-
S11425,Michelle Hammond,2012-09-04,Grade 1,+18774984537,5646
S11426,Jessica Jenkins,2010-09-06,Grade 2,+13427456340,20015
S11427,Brittany Williams,2011-08-19,Grade 4,+16624070686,-
S11428,Cynthia Scott,2015-04-03,Grade 1,+13623233576,44360
S11429,Donald Green,2015-12-29,Grade 4,-,-
S11430,Heidi Gould,2018-01-19,Grade 4,+12848978488,25547
S11431,Lynn Martinez,2013-04-21,Grade 5,+14068159779,-
S11432,Jeremy Brown,2009-04-13,Grade 4,+14383404080,-
S11433,Joy Rodriguez,2015-06-19,Grade 5,+12868042345,59532
S11434,Robert Young,2012-07-27,Grade 1,+14284075475,15505
S11435,Autumn Davis,2009-10-15,Grade 3,+18133815633,75490
S11436,Todd Price,2011-12-27,Grade 3,+17153389394,-
S11437,Taylor Smith,2018-07-04,Grade 4,+17663854891,192
S11438,Catherine Friedman,2010-10-30,Grade 1,+16749689439,-
S11439,Alice Ortiz Dvm,2007-09-26,Grade 3,+19768427440,190
S11440,Robert Padilla,2009-02-04,Grade 4,+19349538239,5955
S11441,Nathan Lewis,2017-12-01,Grade 2,+16707775766,62003
S11442,Jessica Freeman,2019-02-26,Grade 1,+17547074120,488
S11443,Michael Ferguson,2011-01-26,Grade 2,+17092587363,922
S11444,Alan Mitchell,2016-06-11,Grade 5,+15792586399,-
S11445,Samantha Long,2007-07-01,Grade 2,+17345931954,-
S11446,Ruth Marshall,2012-09-16,Grade 3,-,-
S11447,Christine Martin,2016-11-14,Grade 2,+12272441929,-
S11448,George Larsen,2009-05-17,Grade 3,+13083534338,30576
S11449,Justin Harrington,2007-12-31,Grade 4,+16185750074,47187
S11450,Donald Wise,2017-09-02,Grade 5,+16893954866,813
S11451,Andrew Mora,2007-11-17,Grade 1,+18537414668,-
S11452,Tracey Carr,2018-12-29,Grade 2,+19573958279,-
S11453,Kenneth Washington,2006-08-16,Grade 2,+15306442130,-
S11454,Reginald Stone,2007-10-13,Grade 5,+17589197678,2946
S11455,Christopher Black,2006-11-20,Grade 3,+19287234867,-
S11456,Dr. Haley Tapia,2009-02-25,Grade 4,+16176678923,34390
S11457,Jeffrey Moore,2009-09-17,Grade 2,+14172574869,029
S11458,Melissa Miller,2014-02-27,Grade 1,+13677586485,38522
S11459,Jonathan Wong,2018-05-07,Grade 2,+19443609929,527
S11460,Craig Peterson,2011-05-16,Grade 3,+14955277754,953
S11461,Michael Hansen,2008-11-13,Grade 2,+18358705283,37056
S11462,Philip Cooper,2015-05-28,Grade 4,+18128394743,-
S11463,Sandra Davis,2007-03-11,Grade 2,-,-
S11464,Tara Newman,2011-04-16,Grade 3,-,-
S11465,Ray Melton,2013-03-26,Grade 1,+14995875291,-
S11466,April Roberts,2012-06-24,Grade 3,+16686479746,5699
S11467,Elizabeth Evans,2010-04-23,Grade 5,+19865416586,54233
S11468,Angela Spencer,2018-06-13,Grade 3,+12338313918,66013
S11469,Kirk Phillips,2015-06-08,Grade 2,+13043540426,-
S11470,Kelly Barnett,2014-12-13,Grade 4,+17973506325,-
S11471,Kelly Gray,2013-11-28,Grade 2,+19385018416,6916
S11472,Dustin Lopez Phd,2011-11-30,Grade 2,+13658595972,136
S11473,Timothy Greer,2018-04-05,Grade 4,+17873411404,-
S11474,Rebecca Fox,2019-01-26,Grade 5,+13039563878,-
S11475,Selena Berry,2015-07-14,Grade 2,+13537346521,222
S11476,Patricia Brown,2012-10-20,Grade 1,+12808959436,-
S11477,Pamela Murray,2007-01-18,Grade 2,+13322370290,27343
S11478,Jennifer Reid,2012-08-22,Grade 1,+12772308593,352
S11479,Eric Perry,2010-12-13,Grade 5,+16622332478,596
S11480,Ryan Hill,2009-06-26,Grade 5,+13848991188,-
S11481,Yolanda Alexander,2007-05-29,Grade 1,+16146722545,66457
S11482,Julia Romero,2014-04-19,Grade 1,+18055110689,5907
S11483,Courtney Smith,2016-07-30,Grade 2,+13449346459,80270
S11484,Andrew Morrison,2006-12-21,Grade 5,+12442681289,82507
S11485,Catherine Ross,2013-11-11,Grade 2,+18999267518,00546
S11486,Samantha Holmes,2015-11-22,Grade 5,+13355106091,27406
S11487,James Palmer,2013-03-25,Grade 4,+16267659789,2722
S11488,Laura Fisher,2010-10-16,Grade 2,-,-
S11489,Ryan Neal,2019-03-05,Grade 1,-,-
S11490,Zachary Jimenez,2012-01-20,Grade 2,+17489925784,-
S11491,Mrs. Michelle Griffin,2018-07-31,Grade 2,+12516808045,-
S11492,Diana Hunt,2013-09-22,Grade 1,+17356638440,984
S11493,Belinda Miranda,2006-07-05,Grade 3,+19265311795,-
S11494,Jeffrey Hendricks,2011-07-11,Grade 5,+19639157454,-
S11495,Kristen Carpenter,2007-09-24,Grade 1,+13635712933,758
S11496,David Lewis,2016-12-17,Grade 5,+15232858888,27080
S11497,Amy Nguyen,2016-10-25,Grade 4,+13503350027,7909
S11498,William Martin,2016-04-19,Grade 3,+13737185489,-
S11499,Mrs. Sheryl Mcintosh Md,2016-03-16,Grade 2,+16344879259,5038
S11500,Theresa Roach,2012-07-14,Grade 1,+19887156588,9869
S11501,Christopher Tyler,2010-06-28,Grade 5,+14353440025,-
S11502,Diane Armstrong,2009-10-03,Grade 1,-,-
S11503,Jason Shaffer,2015-01-08,Grade 2,+12974830721,-
S11504,James Mayo,2018-04-06,Grade 2,-,-
S11505,Samantha Lopez,2006-07-23,Grade 3,+15953272037,2692
S11506,Nicholas Kent,2018-02-20,Grade 5,+19565637358,25084
S11507,Sean Rogers,2017-06-07,Grade 2,+12574557483,176
S11508,Monica Conway,2016-09-19,Grade 2,+12417573012,-
S11509,Anthony Ingram,2011-02-24,Grade 4,+18333054989,-
S11510,Sarah Frost,2016-10-21,Grade 5,+16033059961,-
S11511,Gregory Poole,2015-01-08,Grade 5,+14387320372,-
S11512,Luis Robles,2018-10-12,Grade 3,+19052920740,02498
S11513,Nicholas Campos,2011-01-30,Grade 4,+14016394089,69927
S11514,George Mills Jr.,2012-02-13,Grade 5,+15474319255,-
S11515,Audrey Ramos,2010-10-30,Grade 5,+17068393847,6595
S11516,Kimberly Rodriguez,2018-03-20,Grade 4,+14272565587,6963
S11517,Deborah Wolfe,2015-04-11,Grade 2,+14774332999,8772
S11518,Joy Lynch,2018-10-26,Grade 1,+15269689110,185
S11519,Bonnie Dean,2017-11-01,Grade 2,+14536485679,-
S11520,Tracy Nguyen,2006-08-18,Grade 5,+16538090690,921
S11521,Matthew Williams,2009-04-12,Grade 3,+19257177076,04880
S11522,Jeff Schmidt,2009-12-25,Grade 5,+15794276023,427
S11523,Holly Rice,2017-06-09,Grade 5,+18578588924,9974
S11524,Darrell Lopez,2017-11-25,Grade 3,+19196778296,-
S11525,Stephen Davis,2009-01-16,Grade 3,+17235636049,7904
S11526,Amanda Davis,2011-12-09,Grade 4,+13198973402,-
S11527,Alan Smith,2015-09-06,Grade 2,+15943796174,5001
S11528,Ruth Swanson,2010-01-27,Grade 1,+13367548554,24055
S11529,Sharon Berg,2018-09-02,Grade 1,+17254996952,572
S11530,Daniel Moran,2006-07-03,Grade 5,-,-
S11531,Thomas Ramirez,2011-08-19,Grade 2,+13507364789,-
S11532,Lynn Davis,2010-12-31,Grade 3,+19413547589,-
S11533,Kimberly Vaughn,2015-04-17,Grade 3,-,-
S11534,Marissa Figueroa,2013-12-16,Grade 4,-,-
S11535,Rebecca Washington,2016-04-18,Grade 1,+12335080032,-
S11536,Paul Arroyo,2015-05-08,Grade 3,+12647207109,-
S11537,Andrea Mitchell,2015-08-29,Grade 4,+16428881014,-
S11538,Nancy Cohen,2014-12-25,Grade 2,+17792400919,82869
S11539,Connie Murray,2013-11-03,Grade 4,+15125943174,8042
S11540,Elizabeth Davis,2008-11-22,Grade 1,+13323085725,-
S11541,Colleen Hunt,2017-05-09,Grade 4,+18149317763,49900
S11542,Jane Roberts,2016-02-17,Grade 1,+18716197930,77870
S11543,Morgan Santiago,2010-04-05,Grade 4,+14027307620,6703
S11544,Jason Fitzpatrick,2014-04-02,Grade 4,+14708041028,-
S11545,Tina Perez,2006-09-09,Grade 5,+19916826016,-
S11546,April Smith,2009-10-21,Grade 1,+16415019899,82284
S11547,Courtney Williams,2019-03-07,Grade 3,+12337808583,-
S11548,Jennifer Richards,2015-10-12,Grade 1,+19017984879,876
S11549,Eric Johnson,2009-10-25,Grade 2,+12076264716,6703
S11550,Betty Smith,2015-03-02,Grade 4,+16948359513,-
S11551,Candace George,2006-10-07,Grade 4,+13575360911,-
S11552,Amber Murphy,2018-03-15,Grade 5,+18697992673,-
S11553,Julie Thompson,2017-01-18,Grade 2,+18295812087,-
S11554,Brian Castillo,2006-08-22,Grade 4,-,-
S11555,Matthew Stanley,2009-08-20,Grade 4,+16228368617,-
S11556,Mary Hall,2012-10-11,Grade 4,+18556457940,6312
S11557,Michelle Martin,2018-05-09,Grade 2,+16099529443,-
S11558,Aaron Allen,2012-04-19,Grade 5,+13627961948,7254
S11559,John Morales,2006-06-29,Grade 3,+15594212386,36293
S11560,Karen Johnson,2007-01-06,Grade 5,+16784779277,10801
S11561,Dominic Meza,2018-01-06,Grade 4,+15562450052,368
S11562,Gregory Valencia,2015-09-23,Grade 1,+16736716362,-
S11563,Jacob Torres,2017-05-21,Grade 3,+17466190733,20118
S11564,Victoria Dillon,2012-12-21,Grade 1,+18008361410,-
S11565,Douglas Acosta,2012-05-17,Grade 1,+14269049338,5556
S11566,Mr. Tony Martinez,2014-01-23,Grade 1,+12413738274,9558
S11567,Jacob Bennett,2008-03-15,Grade 5,-,-
S11568,Paul White,2017-09-02,Grade 3,+16352671538,-
S11569,Toni Martinez,2014-02-25,Grade 1,+17025055632,53919
S11570,William Murphy,2011-06-27,Grade 5,+15304831032,4679
S11571,Patty English,2016-01-05,Grade 4,+17974312866,19642
S11572,Olivia Robinson,2016-09-17,Grade 4,+18845012902,8232
S11573,Gary Ellison,2010-09-24,Grade 2,+13888348206,35670
S11574,Belinda Smith,2007-02-07,Grade 5,+19997575583,-
S11575,Terri Young,2011-04-23,Grade 3,+13019473313,-
S11576,Alan Duran,2011-02-17,Grade 4,+13346076817,-
S11577,Diana Brown,2011-11-16,Grade 5,+15092930951,-
S11578,Amanda Burns,2019-02-08,Grade 2,-,-
S11579,Dr. Tanya Jackson Dvm,2009-04-22,Grade 5,+12018279780,296
S11580,Teresa Scott,2018-05-03,Grade 2,+16317316295,-
S11581,Laura Macdonald,2012-09-14,Grade 4,+15023517296,5495
S11582,Theresa Morris,2009-12-21,Grade 1,+13564174213,99607
S11583,Debra King,2010-11-08,Grade 1,+12525117197,04411
S11584,Melody Smith,2008-04-02,Grade 1,+13038331037,-
S11585,Andrea Humphrey,2012-04-05,Grade 5,+13154273162,945
S11586,Zachary Cooley,2010-09-02,Grade 3,+19418221916,-
S11587,Aaron Smith,2014-10-01,Grade 3,+14147063892,7230
S11588,Amy Grimes,2006-08-28,Grade 4,+17132153298,638
S11589,Roberto Vega,2018-01-05,Grade 4,+19318379306,-
S11590,Joseph Santiago,2017-07-19,Grade 3,+16664473729,-
S11591,Rebecca Watson Phd,2010-06-07,Grade 5,+14512175437,7800
S11592,Robert Kemp,2016-11-02,Grade 3,+18523386674,-
S11593,Dustin Page,2016-05-25,Grade 4,+15187643827,073
S11594,Kevin Edwards,2008-08-21,Grade 1,+19317959823,665
S11595,Victor Ryan,2006-10-07,Grade 3,+14484221686,-
S11596,Kevin Neal,2010-05-14,Grade 1,+14378405274,530
S11597,Roger Horton,2015-12-19,Grade 4,+14684007558,696
S11598,Charles Chung,2013-09-21,Grade 5,+12673765040,-
S11599,Donald Parrish,2006-08-05,Grade 5,+18466595611,72806
S11600,Deanna Clark,2009-01-22,Grade 5,+14796362679,421
S11601,Tony Pham,2013-10-03,Grade 4,+13424473138,280
S11602,Elizabeth Cole,2012-11-14,Grade 1,+16875140746,28608
S11603,Steven Gonzalez,2007-02-19,Grade 2,+18033109174,0149
S11604,Gavin Hamilton,2012-01-01,Grade 1,+13829913757,19789
S11605,Malik Heath,2018-03-08,Grade 4,+15398429885,7357
S11606,Ronald Cuevas,2006-10-15,Grade 2,+14527507594,-
S11607,Breanna Gentry,2017-11-15,Grade 4,+13695761854,83236
S11608,Diana Harrison,2011-07-04,Grade 2,+13446808862,655
S11609,Charles Johnson,2015-06-03,Grade 2,+17243925636,2145
S11610,Misty Vang,2017-04-01,Grade 1,+13467546241,39779
S11611,Aaron Miller,2016-03-08,Grade 5,-,-
S11612,Terry Garcia,2007-03-28,Grade 5,+15813535785,-
S11613,Mary Richardson,2009-11-08,Grade 2,+13545050650,6137
S11614,Mark Matthews,2016-07-05,Grade 5,+14324215350,256
S11615,Linda Martinez,2013-10-12,Grade 1,+19078230917,-
S11616,Anthony Hill,2018-09-12,Grade 1,+15923741319,330
S11617,James Guzman,2017-08-27,Grade 5,+18454545772,30809
S11618,Paul Allen,2009-04-12,Grade 2,+18993674721,60986
S11619,Barbara Sawyer,2015-11-30,Grade 1,+14655896008,3712
S11620,Abigail Pratt,2009-03-26,Grade 3,+17454123290,-
S11621,Ryan Hicks,2017-12-18,Grade 1,-,-
S11622,Micheal Moses,2018-12-09,Grade 2,-,-
S11623,Christopher Nichols,2007-01-03,Grade 4,+17019030412,-
S11624,Devin Estrada,2012-06-27,Grade 5,+12517733260,62075
S11625,Susan Harris,2014-04-04,Grade 5,+17125305198,8723
S11626,Teresa Moore,2007-03-07,Grade 2,+14193573841,12822
S11627,Raymond Warner,2014-06-01,Grade 3,+15296763373,-
S11628,Sarah Williams,2016-02-12,Grade 1,+19205926737,-
S11629,William Brown,2019-02-20,Grade 2,-,-
S11630,Natasha Parker,2013-09-12,Grade 3,+19663831368,240
S11631,John Howard,2012-12-12,Grade 3,+14647977598,183
S11632,Joseph Torres,2018-09-10,Grade 1,+18614721433,-
S11633,Kelly Martinez,2014-06-09,Grade 4,+15928463619,76784
S11634,Sarah Hernandez,2018-02-21,Grade 5,+16029313002,73467
S11635,Frances Burns,2009-08-10,Grade 3,+18255246171,783
S11636,John Bennett,2016-12-25,Grade 5,+19614084769,-
S11637,Jonathan Stephens,2011-07-20,Grade 4,+14248498829,7411
S11638,Angelica White,2010-01-31,Grade 5,+14863774318,-
S11639,Tracy Villanueva,2014-09-09,Grade 4,+18976569921,537
S11640,James Pierce,2018-09-18,Grade 2,+17424618909,4036
S11641,Alexander Castillo,2013-09-20,Grade 5,+12554124071,-
S11642,Natalie Hernandez,2011-01-10,Grade 4,+13037572250,-
S11643,Christine Gordon,2012-12-02,Grade 2,+17564587912,-
S11644,Eric Graham,2014-10-15,Grade 3,+17684649832,-
S11645,Michael Mcdonald,2015-05-30,Grade 5,+13204761976,81173
S11646,Selena Wright,2012-10-05,Grade 1,+12485967474,-
S11647,Amanda King,2015-10-14,Grade 1,+19483789581,-
S11648,Stephanie Moon,2014-04-21,Grade 4,+14627547381,484
S11649,Karla Hubbard,2015-11-08,Grade 3,+19798266953,4966
S11650,Stephanie Stout,2014-08-06,Grade 3,-,-
S11651,Linda Morris,2010-04-29,Grade 3,+16729237911,608
S11652,John Jordan,2016-09-22,Grade 1,-,-
S11653,Elizabeth Brown,2007-06-05,Grade 3,+16996595185,171
S11654,Courtney Combs,2009-05-19,Grade 1,+12406953169,574
S11655,Miss Cynthia Robertson Phd,2006-11-29,Grade 5,+18364851267,9836
S11656,Nathaniel Garcia,2016-07-29,Grade 2,+15116367600,92988
S11657,Alex Harrison,2015-09-11,Grade 5,-,-
S11658,Michelle Crawford,2016-12-27,Grade 3,+19164268568,083
S11659,Melissa Bennett,2006-12-26,Grade 5,+12228000645,28570
S11660,Dennis Lozano,2006-06-01,Grade 4,+14955688023,-
S11661,Micheal Hensley,2011-02-01,Grade 4,+13285385510,-
S11662,Richard Brock,2007-06-14,Grade 2,+12838611414,86737
S11663,Michelle Rhodes,2012-11-14,Grade 5,+19556426311,45842
S11664,Tammie Jimenez,2017-02-02,Grade 1,+14064697995,-
S11665,Joshua Rodriguez,2015-08-08,Grade 1,+17057228568,9622
S11666,Peggy Mason Dds,2011-03-12,Grade 4,+13242200162,9919
S11667,Jean Brooks,2012-12-18,Grade 3,+18784281120,65514
S11668,Morgan Williams,2015-04-26,Grade 1,+14537978456,-
S11669,Tiffany Miles,2013-11-28,Grade 5,+15978717688,0803
S11670,Tracy Jones,2018-06-26,Grade 4,+16795526048,-
S11671,Andrea Jackson,2012-11-20,Grade 1,+17192936284,220
S11672,Andrew Wilson,2014-01-24,Grade 3,+14332137998,-
S11673,Dylan Harris,2016-04-10,Grade 4,+14235328163,719
S11674,Danielle Cook,2016-04-27,Grade 1,+12599207644,593
S11675,Dennis Rodriguez,2019-01-13,Grade 2,-,-
S11676,Beverly Lopez Phd,2010-10-01,Grade 4,+12966955052,-
S11677,Jason Alvarez Jr.,2014-07-11,Grade 4,+14386576433,-
S11678,Michael Stafford,2018-12-11,Grade 4,+17417563200,81525
S11679,Dr. Jorge Webb,2017-09-20,Grade 4,+12847841317,70277
S11680,Robin Mccall,2016-09-14,Grade 2,+15284394220,-
S11681,Gregory Blair,2011-12-16,Grade 1,+15787021682,053
S11682,Brianna Lane,2016-12-24,Grade 3,+16169918421,-
S11683,Kent Lutz,2015-04-29,Grade 5,+17619764092,857
S11684,Dr. Ashley Jimenez,2010-02-01,Grade 3,+17054537530,5345
S11685,Adam Camacho,2007-10-25,Grade 1,+12485705319,-
S11686,Melanie Anderson,2017-07-25,Grade 2,+15336548168,-
S11687,Rachel Williams,2009-06-04,Grade 5,+17807093334,625
S11688,Jessica Strong,2006-07-18,Grade 4,+15516506119,-
S11689,Evelyn Allison,2011-06-30,Grade 4,+19919270031,5637
S11690,Whitney Thomas Md,2012-04-01,Grade 4,+15554870679,03872
S11691,Kyle Williams,2013-04-29,Grade 5,+17244239531,71430
S11692,Gregory Gutierrez,2012-07-18,Grade 1,+14793709766,518
S11693,Melissa Robertson,2013-10-31,Grade 3,+19256579073,24055
S11694,Christopher Calhoun,2009-08-22,Grade 2,+14753346228,138
S11695,Elizabeth Cooke,2016-12-22,Grade 5,+13455410952,48150
S11696,Amy Ruiz,2012-07-03,Grade 2,+18999400301,7522
S11697,Christopher Hayes,2013-12-17,Grade 3,+18908144033,631
S11698,Tammy Richardson,2010-09-10,Grade 2,+17457445419,7854
S11699,Brent Stafford,2010-06-10,Grade 2,+18246192462,-
S11700,Seth Estrada,2017-08-13,Grade 3,+16624826616,0917
S11701,Leslie Tyler,2007-01-12,Grade 2,-,-
S11702,Glenda Brown,2010-07-01,Grade 1,+15272884053,-
S11703,Catherine Sanders,2015-07-16,Grade 4,+19648292857,844
S11704,Karen Hall,2017-03-07,Grade 5,+12354905918,546
S11705,Dawn Sandoval Dvm,2013-03-09,Grade 4,+12898985759,-
S11706,Jeanette Hernandez,2018-03-24,Grade 5,+12214249311,1463
S11707,Ricky Garza,2018-12-09,Grade 3,+12462942666,041
S11708,Elizabeth Morgan,2017-07-24,Grade 5,+12744479069,-
S11709,Brittany Olson,2006-04-30,Grade 2,+18758007564,90983
S11710,Chad Ward,2008-05-28,Grade 3,+13075177271,37901
S11711,Jessica Nguyen,2010-01-01,Grade 5,+14463958561,6354
S11712,Danielle Murphy,2015-08-20,Grade 5,+12234000491,-
S11713,Sherry Carlson Md,2013-09-26,Grade 3,+16728295610,68414
S11714,Richard Stewart,2008-10-21,Grade 3,+14858819249,-
S11715,Hailey Henry,2015-11-16,Grade 1,+18579243140,57208
S11716,Tyler Greene,2012-06-14,Grade 2,+13102485902,-
S11717,Isaiah Yoder,2010-01-29,Grade 3,+14966614421,017
S11718,Joe Reyes,2017-12-02,Grade 1,+17034947791,53886
S11719,Michelle Thomas,2009-07-08,Grade 3,-,-
S11720,Kelly Moon,2015-07-26,Grade 4,+15959501241,2737
S11721,Rebecca Jordan,2019-02-10,Grade 2,+19518306167,6587
S11722,Valerie Davis,2016-07-28,Grade 1,+17914163138,45517
S11723,Melissa Watson,2017-02-25,Grade 4,+17097839754,887
S11724,Michelle Smith,2009-08-19,Grade 4,+17374331408,-
S11725,Edward Hopkins,2016-01-31,Grade 4,+13184558453,6732
S11726,Brittany Ray,2015-08-20,Grade 3,+13674013033,-
S11727,Sarah Roberts,2009-03-02,Grade 2,-,-
S11728,Jeremiah Miller,2009-03-07,Grade 4,+18528768264,2624
S11729,Walter Hall Md,2013-11-03,Grade 1,+12335948344,338
S11730,Marcia Collins,2010-06-18,Grade 3,+14443431760,3585
S11731,Charles Brown Ii,2010-06-18,Grade 1,+16483875184,-
S11732,Brittney Case,2015-02-19,Grade 1,+12375708309,966
S11733,Kelly Rhodes,2009-12-06,Grade 4,+14222016278,7917
S11734,Jennifer Craig Dvm,2017-05-02,Grade 4,+13639025568,-
S11735,Robert Drake,2010-04-12,Grade 5,+15302879923,02185
S11736,Daniel Miller,2018-08-17,Grade 3,+13235198717,-
S11737,Wesley Murphy,2006-08-23,Grade 3,+18954416961,256
S11738,Jaime Davis,2011-07-30,Grade 2,+17112250703,9563
S11739,Jessica Sherman,2016-12-17,Grade 1,-,-
S11740,Rhonda Garcia,2014-04-17,Grade 1,+12932830367,96718
S11741,Curtis Weber,2016-09-28,Grade 3,+13682829523,640
S11742,Teresa Flynn,2014-05-03,Grade 4,+16006507847,-
S11743,Lauren Henry,2010-02-17,Grade 3,+13293677327,00339
S11744,Samantha Cannon,2008-10-18,Grade 4,+15338623762,51370
S11745,Virginia Lopez,2009-09-30,Grade 3,+19456502304,0853
S11746,Casey Acosta,2006-05-11,Grade 3,+15352403539,15045
S11747,Randall Murray,2011-09-25,Grade 2,+13497958788,621
S11748,Brittany Melton,2016-06-01,Grade 5,+12614806714,-
S11749,Laura Mitchell,2014-08-07,Grade 3,+16475920258,-
S11750,Michael Hill,2014-05-23,Grade 3,+15883053297,13192
S11751,Anthony Hanson,2017-01-14,Grade 5,+15222064129,83398
S11752,David Reed,2014-09-09,Grade 4,-,-
S11753,Laura Tyler,2010-08-17,Grade 3,+12813245681,22352
S11754,Kimberly Willis,2007-02-03,Grade 4,+12533221779,-
S11755,Jorge Spencer,2006-06-05,Grade 5,+17165326456,1384
S11756,Renee Martin Dds,2016-07-03,Grade 1,+16684371431,316
S11757,Jessica Fernandez,2011-12-22,Grade 5,+12095308032,859
S11758,Susan Ferguson,2014-04-10,Grade 3,+18484018277,-
S11759,Angela Harris,2016-02-01,Grade 4,+15283148031,-
S11760,Antonio Cummings,2011-04-20,Grade 5,+17278556991,-
S11761,Tony Moreno,2009-12-24,Grade 2,+16434738788,-
S11762,Jenna Moreno,2018-10-12,Grade 5,+12634924219,662
S11763,Melissa Garcia,2011-07-28,Grade 1,+15917607765,9914
S11764,Carrie Martin,2009-03-02,Grade 5,+18982653928,-
S11765,Patricia Mathis,2014-04-10,Grade 1,+15112771474,93434
S11766,Maria Davis,2013-05-09,Grade 1,+14232432165,5804
S11767,Sonya Miller,2007-04-09,Grade 2,+12037741298,928
S11768,Anthony Johnson,2015-11-24,Grade 1,+15379813298,-
S11769,Michael Moore,2017-10-09,Grade 3,+15329569085,-
S11770,Ryan Zimmerman,2016-02-14,Grade 3,+18306042674,700
S11771,Anthony Davenport,2014-12-16,Grade 4,+18273450802,-
S11772,Misty Green,2007-01-27,Grade 3,+13923842725,439
S11773,Kyle Johnson Jr.,2009-11-01,Grade 4,+16583254680,-
S11774,Jose Smith,2013-11-07,Grade 2,+17224596702,83925
S11775,Jeffery Foster,2019-02-26,Grade 1,+14117101318,-
S11776,Kenneth Harrison,2011-02-26,Grade 3,+14247544202,-
S11777,Christopher Young,2018-08-14,Grade 2,+17098525312,-
S11778,Kevin Oconnell,2016-10-26,Grade 5,+12752990677,77824
S11779,Kevin Jones,2013-06-14,Grade 4,+18366520638,3571
S11780,Ms. Taylor Guerrero,2014-03-13,Grade 1,+19004767858,-
S11781,Monica Wallace,2018-01-06,Grade 5,-,-
S11782,Courtney Bernard Dds,2010-09-07,Grade 2,+17452033901,390
S11783,Patrick Smith,2019-02-10,Grade 3,+15598414467,-
S11784,Crystal Carter,2012-05-27,Grade 5,+19832238900,-
S11785,Kristy Gomez,2018-12-03,Grade 2,+14959007265,-
S11786,Tina Wilson,2011-09-15,Grade 4,+13929484349,385
S11787,Chelsea Torres,2010-04-19,Grade 1,+17454019334,83023
S11788,Diana Mason,2007-01-28,Grade 5,+19632347660,-
S11789,Paul Mejia,2016-12-01,Grade 4,-,-
S11790,Charles Miller,2018-11-15,Grade 3,+17109794413,216
S11791,Luis Nelson,2010-11-13,Grade 4,+15316915328,-
S11792,Jennifer Salazar,2010-05-07,Grade 3,+14882194112,283
S11793,Jean Munoz,2017-09-28,Grade 5,+16335037685,26939
S11794,Chris Stevenson,2016-02-13,Grade 1,+15699331688,1780
S11795,Matthew Martin,2007-06-27,Grade 4,+19768413814,724
S11796,Jennifer Rose,2011-07-04,Grade 4,+12114866078,4575
S11797,Wesley Cherry,2019-02-09,Grade 5,+14746572580,405
S11798,Joe Summers,2009-08-10,Grade 2,+13884075299,-
S11799,Amber Bates,2013-10-02,Grade 3,+17304905788,07665
S11800,David Pierce,2012-02-27,Grade 1,+17525506047,052
S11801,Michael Cummings,2010-11-21,Grade 1,+18139604864,8183
S11802,Stacie Johnson,2017-05-02,Grade 2,+19715446810,-
S11803,Luis Bryan,2014-11-19,Grade 3,+16837699136,804
S11804,Alexander Smith,2014-06-18,Grade 4,+16932552470,-
S11805,Brian Nguyen,2014-03-03,Grade 5,+18078766548,1142
S11806,Jonathan Williams,2013-09-17,Grade 4,-,-
S11807,Ryan Wright Dds,2016-02-18,Grade 4,+17043519181,-
S11808,Laura Roman,2007-04-05,Grade 5,+12027349016,6876
S11809,Ellen Hill,2017-07-03,Grade 1,+14708177475,73822
S11810,Cody Warren,2017-12-02,Grade 1,+12922543389,-
S11811,Samantha Bell,2014-03-28,Grade 2,+14343062411,36216
S11812,Kathryn Bentley,2018-12-16,Grade 4,+18309421790,48916
S11813,Daniel Wilson,2008-06-09,Grade 3,+19243504196,-
S11814,Melissa Chavez,2014-05-30,Grade 1,-,-
S11815,Danielle Williams,2015-08-23,Grade 3,+17869849261,186
S11816,Amber Williams,2009-07-27,Grade 1,+18794660052,-
S11817,Linda Collins,2017-11-21,Grade 1,+19873846485,647
S11818,Deborah Collier,2011-09-13,Grade 4,+15688136797,513
S11819,Michele Mata Dds,2009-05-11,Grade 4,+13296479017,-
S11820,Jonathan Adams,2019-02-21,Grade 3,+15027528985,486
S11821,Todd Cooper,2008-02-23,Grade 4,+15939115723,6158
S11822,Dr. Stephanie Hunter,2015-02-09,Grade 5,+17209199977,13744
S11823,Kevin Gibson,2013-09-04,Grade 3,+18025363622,4267
S11824,William Lopez,2013-12-20,Grade 1,+18833754493,-
S11825,Gloria Steele,2016-03-25,Grade 5,+15425636622,-
S11826,Tammy Pope,2010-01-09,Grade 2,+17136003688,438
S11827,Jeffrey Brown,2017-04-28,Grade 4,+17895190350,4685
S11828,Robert Henson,2017-03-05,Grade 3,+13654678633,-
S11829,Brandon Friedman,2006-08-06,Grade 1,+15038897785,-
S11830,Michelle Rios,2010-11-07,Grade 1,+18995409941,377
S11831,Robert Clark,2014-10-04,Grade 5,+15942500043,-
S11832,Charles Krueger,2017-08-07,Grade 2,+16244279331,-
S11833,Jason Barnes,2011-10-19,Grade 2,+15182515927,30985
S11834,Sherri Bender,2015-01-09,Grade 2,+17786691604,1019
S11835,Carlos Jacobs,2006-06-13,Grade 5,-,-
S11836,Jessica Hopkins,2016-07-28,Grade 4,+19353652997,-
S11837,Thomas Thomas,2009-09-23,Grade 2,+15764972185,47809
S11838,John Edwards,2009-07-31,Grade 1,+17392315759,-
S11839,Carla Jones,2012-04-10,Grade 3,+17249853072,2269
S11840,Sarah Robbins,2017-07-15,Grade 1,+16607391936,210
S11841,Gina Thomas,2015-10-27,Grade 4,+14878188258,-
S11842,Emily Jimenez,2017-10-19,Grade 3,+12164417137,3862
S11843,Natalie Richardson,2009-04-23,Grade 4,+12592890278,-
S11844,Angela Downs,2017-03-31,Grade 2,+15766511118,-
S11845,Nicole Smith,2017-11-11,Grade 1,+12183645011,-
S11846,Katherine Jackson,2017-01-01,Grade 2,+12398503047,998
S11847,Melissa Knight,2006-11-04,Grade 3,+15566748217,-
S11848,Vincent Morrison,2018-10-20,Grade 3,+12314573401,34685
S11849,Evan Gates,2011-05-14,Grade 5,-,-
S11850,Brent Parsons,2014-09-08,Grade 4,+18714457629,-
S11851,Jessica Peterson,2010-12-27,Grade 1,+17714208193,2904
S11852,Michael Henderson,2012-09-19,Grade 2,+16504079390,2265
S11853,Christian Wallace,2012-09-05,Grade 2,+16535749434,20279
S11854,Kimberly Duncan,2014-11-10,Grade 4,+18582048116,-
S11855,Kelly Allen,2013-06-13,Grade 1,+16759996417,00970
S11856,Spencer Perez,2006-10-25,Grade 2,+18152102892,70457
S11857,Jeffery Black,2012-01-19,Grade 4,+17816933618,-
S11858,Joshua Davis,2009-06-20,Grade 3,+13103988665,-
S11859,Carl Jimenez,2014-02-13,Grade 4,+19012407553,962
S11860,Melissa Gomez,2009-12-01,Grade 1,+19636607941,-
S11861,William Fisher,2017-09-12,Grade 1,+18083117470,0606
S11862,Christopher Medina,2012-12-11,Grade 5,+19804828741,-
S11863,Haley Koch,2013-04-10,Grade 4,+12709620138,55391
S11864,Judy Ellison,2016-03-30,Grade 2,+13775737801,28621
S11865,Anthony Sanders,2013-10-11,Grade 2,+13465552713,-
S11866,Lucas Craig,2014-10-16,Grade 3,+19072391860,851
S11867,Shawn Martinez,2012-03-21,Grade 5,+16018901225,-
S11868,Jeffrey Hawkins,2013-07-06,Grade 5,+17362152409,136
S11869,Donna Roman,2007-10-25,Grade 5,+14298641144,-
S11870,James Ellis,2018-08-24,Grade 3,+17449730412,962
S11871,Paul Hayes,2014-06-08,Grade 4,+17626013381,-
S11872,Felicia Lamb,2011-10-19,Grade 1,+18814139962,788
S11873,David Howe,2018-11-08,Grade 5,-,-
S11874,Deborah Howard,2012-03-28,Grade 2,+14429735918,73605
S11875,Margaret Stevens,2006-09-10,Grade 3,+16119611921,-
S11876,James Dodson,2015-10-31,Grade 1,+17625262579,54880
S11877,Christopher Webster,2008-07-21,Grade 5,+19294576542,-
S11878,Brandi Gross,2006-11-14,Grade 3,+17782185618,22417
S11879,Joshua Watts,2009-09-16,Grade 5,+19565623208,7542
S11880,Bridget Lopez,2010-03-03,Grade 4,+12207103314,234
S11881,Sydney Reyes,2018-03-18,Grade 4,+18137127489,-
S11882,Hunter Thompson,2006-05-22,Grade 5,+15667062659,-
S11883,Stanley Adams,2006-10-03,Grade 3,-,-
S11884,Jill Callahan,2015-05-11,Grade 3,+16479404807,0286
S11885,Joseph Cooper,2017-04-26,Grade 4,+17689420344,-
S11886,Jesus Munoz,2014-04-29,Grade 5,+19996322475,570
S11887,Lauren Montes,2017-06-15,Grade 1,+17555285773,75851
S11888,Daniel Guerra,2006-04-18,Grade 2,+18104174471,-
S11889,Amy Jones,2012-03-25,Grade 5,+16773787801,47514
S11890,Travis Blake,2012-01-14,Grade 4,+14876076650,746
S11891,Marco Sexton,2008-07-22,Grade 1,+12709499200,07411
S11892,Christian Harris,2014-03-07,Grade 2,+12924623990,02159
S11893,Alyssa Thompson,2011-10-02,Grade 1,+16637222409,09590
S11894,Michael Jensen,2017-07-05,Grade 1,+19963471581,09428
S11895,Shannon Jenkins,2015-09-03,Grade 3,+15936716368,9478
S11896,Julie Young,2013-08-18,Grade 1,+14564429039,-
S11897,Angela Davis,2006-08-07,Grade 1,+19905748666,-
S11898,Jill Bean,2013-03-31,Grade 2,+16739354477,99827
S11899,Carol Lopez,2006-12-01,Grade 5,+19659355236,71711
S11900,Bernard Anderson,2006-06-25,Grade 2,+18452506550,-
S11901,Eddie Hodge,2009-09-29,Grade 5,+14475712070,9046
S11902,Susan Chen,2015-12-11,Grade 4,+12797030605,-
S11903,Tyler Richardson,2006-06-05,Grade 1,+15142660478,161
S11904,Daniel Walker,2012-05-22,Grade 2,+15448829474,262
S11905,Mary Trevino,2010-03-05,Grade 3,+12505418882,-
S11906,Wanda Griffith,2009-05-06,Grade 2,+19322189180,-
S11907,Jeffrey Miller,2017-08-17,Grade 3,+14389783833,764
S11908,James Robles,2017-08-06,Grade 3,+14977740511,70467
S11909,Karla White,2014-12-27,Grade 5,+16979322479,768
S11910,Jessica Barrera,2009-10-01,Grade 3,+13284262752,81080
S11911,Guy Carroll,2016-11-16,Grade 2,+18765954202,-
S11912,Donna Rosario,2016-11-23,Grade 5,+19117694411,-
S11913,Kerry Williams,2017-05-04,Grade 1,+13779868472,67210
S11914,Tara David,2013-08-07,Grade 1,+14095635261,94259
S11915,Alex Morgan,2011-03-04,Grade 2,+12195523308,7967
S11916,Anthony Flores,2016-11-07,Grade 1,+15534563537,-
S11917,Victor Fleming,2012-01-03,Grade 3,+12699988743,4995
S11918,Sheila Beard,2014-05-01,Grade 1,+18836095392,-
S11919,Michael Johnson,2010-05-20,Grade 4,+13533503141,-
S11920,Paula Ramos Dvm,2018-06-13,Grade 3,+17727061630,7845
S11921,Jill Bright,2010-10-27,Grade 3,+15023051156,-
S11922,Amy Dickerson,2015-01-03,Grade 4,+19164752892,-
S11923,Jennifer Bailey Md,2017-12-27,Grade 1,+18076002331,0109
S11924,Mr. Brian Thompson Dvm,2013-07-12,Grade 1,+16473089374,-
S11925,Edward Knight,2017-10-21,Grade 1,+14264545858,80118
S11926,Laurie Morris,2007-07-16,Grade 5,+19706374918,84444
S11927,Cassandra Robbins,2012-11-19,Grade 1,+16739923774,-
S11928,Ronald Martinez,2011-12-25,Grade 4,+17656052120,80189
S11929,Kelly Rosario,2010-03-30,Grade 5,+17372615408,46841
S11930,Daniel Sherman,2009-03-18,Grade 2,+12112279565,-
S11931,Mr. Chad Jones,2012-12-01,Grade 3,+19177576805,-
S11932,Danny Brown,2017-09-11,Grade 2,+15558496117,4211
S11933,William Jordan,2015-04-18,Grade 4,+18677653791,-
S11934,Danielle Figueroa,2009-04-28,Grade 3,+13399356496,-
S11935,Juan Martinez,2010-01-17,Grade 3,+19937943101,-
S11936,Daniel Anderson,2011-05-26,Grade 3,+16195612610,4454
S11937,Jessica Morrison,2015-06-24,Grade 5,+13299239076,294
S11938,Nancy Sanchez,2007-08-29,Grade 3,+12902787849,-
S11939,David Dean,2009-12-30,Grade 2,+14757026724,-
S11940,Charlotte Barnes,2013-04-08,Grade 1,+18314529212,-
S11941,Colleen Rivera,2018-01-28,Grade 5,+14894998219,-
S11942,Mr. Bryan Foley,2010-07-22,Grade 2,+19488440373,8891
S11943,Jonathan Martin,2018-08-19,Grade 3,+13798843955,200
S11944,Eileen Osborn,2011-12-11,Grade 3,+19774514900,181
S11945,Krystal Pierce,2008-05-05,Grade 4,+13748034783,105
S11946,Kenneth Munoz,2008-04-02,Grade 1,+15993847975,-
S11947,Christina Strickland,2015-07-29,Grade 3,+13993608125,78859
S11948,Javier Crane Md,2006-11-26,Grade 4,+12773879959,-
S11949,Edward Conner,2011-12-07,Grade 5,+13365662125,-
S11950,Keith Richardson,2012-08-07,Grade 3,+12672093877,210
S11951,Mr. Robert Jackson Md,2010-06-08,Grade 2,+16038733301,4233
S11952,James Hartman,2016-03-11,Grade 3,+15432220768,34478
S11953,Stephanie Gray,2011-05-26,Grade 4,+15126972356,80771
S11954,Mary Green,2016-05-03,Grade 2,+19029883436,-
S11955,Angela Solis,2010-08-30,Grade 3,+16208038325,6590
S11956,Erin Lopez,2015-03-18,Grade 2,+18503004170,-
S11957,David Thomas,2018-02-22,Grade 1,+17275172705,-
S11958,Crystal Sparks,2013-01-26,Grade 3,+19144423700,9895
S11959,Jason Davis,2011-04-09,Grade 2,+14276214637,-
S11960,Kevin Stephenson,2012-10-27,Grade 5,+19406852490,456
S11961,Joe Brown,2018-07-01,Grade 2,+12678493936,20087
S11962,Kevin Green,2013-11-10,Grade 2,-,-
S11963,Jessica Bentley,2011-05-04,Grade 2,+17468952870,-
S11964,John Kemp,2013-09-30,Grade 2,+19216664109,5100
S11965,Brittney Norman,2012-10-30,Grade 1,+18686717608,4755
S11966,Brenda Howe,2011-06-22,Grade 3,+14929119058,4159
S11967,Renee Johnson,2012-12-22,Grade 2,+17354787711,3233
S11968,Charles Romero,2010-04-05,Grade 3,+14774643352,-
S11969,Amanda Franco,2017-03-16,Grade 4,-,-
S11970,Cynthia Rodriguez,2019-02-24,Grade 4,+14407849467,6297
S11971,Linda Kelly,2014-12-02,Grade 2,+17827847971,307
S11972,Eric Johnson,2011-06-11,Grade 5,+15375702654,69046
S11973,Erin Bonilla,2018-06-27,Grade 3,+14352412546,2589
S11974,William Bennett,2016-11-24,Grade 4,+15322489216,106
S11975,Chris Ford,2015-05-21,Grade 5,+12586699000,-
S11976,Lawrence Dixon,2015-01-22,Grade 4,+15769756582,40754
S11977,Jeffrey Chang,2015-11-16,Grade 2,+18164504151,035
S11978,Adam Lee,2007-09-17,Grade 5,+16086320556,-
S11979,Henry Davidson,2007-04-30,Grade 2,+14864652411,-
S11980,Cynthia Keith,2010-11-12,Grade 3,-,-
S11981,Michael Medina,2009-03-28,Grade 1,+13315463752,08724
S11982,Lance Jones,2013-09-08,Grade 5,+19798951402,6915
S11983,Colleen Santos,2016-12-01,Grade 4,+13412187981,-
S11984,Eric Porter,2015-02-25,Grade 2,+16267592245,-
S11985,Samantha Willis,2013-12-20,Grade 3,+14546479891,009
S11986,Bryan Lee,2011-12-25,Grade 5,+14698985057,6904
S11987,Cynthia Powers,2013-10-28,Grade 5,-,-
S11988,Rhonda Campbell,2006-08-22,Grade 3,+18103313787,7467
S11989,Christine Lopez,2015-04-26,Grade 3,+17993101105,90649
S11990,Brianna Garrett,2015-04-07,Grade 1,+16985336452,4697
S11991,Annette Hester,2018-01-10,Grade 1,+12155147905,56792
S11992,Gilbert Brooks,2012-09-05,Grade 3,+13666086610,-
S11993,Steven Lowe,2017-03-12,Grade 5,+13705883529,-
S11994,Zachary Newman,2012-01-26,Grade 2,+16337957005,16770
S11995,Christopher Henry,2012-01-19,Grade 5,+15359108966,684
S11996,Travis Pope,2016-05-06,Grade 2,+15449026136,569
S11997,Sarah Armstrong,2017-09-28,Grade 4,+19203271587,-
S11998,Angela May,2018-05-31,Grade 3,+14779341549,-
S11999,Michael Daniels,2008-09-21,Grade 2,+18506736049,-
S12000,Aaron Thomas,2014-12-14,Grade 1,+15105613599,72827
S12001,Jennifer Navarro,2009-08-28,Grade 4,+19036111497,81706
S12002,Regina Chan,2015-06-11,Grade 1,+12324365628,-
S12003,Robert Wallace,2016-09-04,Grade 2,+18959631224,12934
S12004,Crystal Davis,2011-10-31,Grade 5,+17814578872,89721
S12005,William Potter,2017-12-04,Grade 3,+13129881893,5839
S12006,Richard Harrington,2013-02-23,Grade 2,+13733574012,-
S12007,Victor Lam,2008-09-28,Grade 1,+17012339069,0862
S12008,Emily Conner,2007-01-07,Grade 2,+13785070894,-
S12009,Madeline Garner,2009-05-04,Grade 2,+17787299001,-
S12010,Benjamin Ball,2007-08-28,Grade 5,+18607345788,54171
S12011,Briana Knight,2010-06-11,Grade 3,+16839314092,-
S12012,Mark Waters,2014-01-18,Grade 2,+18087961556,607
S12013,Matthew Young,2010-08-13,Grade 1,+16026895351,-
S12014,Amy Pace,2012-01-02,Grade 3,+18082901598,6048
S12015,John Paul,2018-12-02,Grade 2,+16392622603,38460
S12016,Joseph Hall,2006-05-16,Grade 5,+12993270916,-
S12017,James Huang,2006-12-24,Grade 1,+19152607286,-
S12018,Ryan Frye,2009-09-21,Grade 2,+17642504979,963
S12019,Danielle Boyd,2011-01-07,Grade 5,+17782584278,-
S12020,Mr. Javier Sparks,2010-07-07,Grade 1,+18769567299,727
S12021,Patrick Donovan,2016-08-19,Grade 1,+13168954948,-
S12022,Kayla Cook,2013-11-29,Grade 4,+16653809455,-
S12023,Samantha Miller,2009-07-01,Grade 4,+18396690573,47983
S12024,Elizabeth Lewis,2010-11-19,Grade 2,+12668172592,3765
S12025,Nicholas White,2008-05-23,Grade 1,+19584017429,-
S12026,Deborah Evans,2018-09-02,Grade 5,+19893775332,5692
S12027,Teresa Morris,2006-06-22,Grade 5,+18872411012,172
S12028,Matthew Smith,2017-10-29,Grade 5,+19838199223,-
S12029,Amanda Perez,2013-02-10,Grade 4,+14485384382,30987
S12030,Andrew Curry,2015-01-10,Grade 4,+15355248292,-
S12031,Amy Murphy,2008-11-10,Grade 4,+18903297601,-
S12032,Jill Kelley,2008-07-23,Grade 5,+18754390691,13480
S12033,Miranda Roberts,2015-09-20,Grade 1,+12952405641,-
S12034,Stephanie Davis,2014-02-19,Grade 5,+14195088396,481
S12035,Shannon Campbell,2012-07-05,Grade 2,+19764734830,947
S12036,Sarah Hogan,2008-03-06,Grade 2,+17336583110,-
S12037,Michelle Bartlett,2007-02-10,Grade 5,+13612980416,521
S12038,Anthony Miller,2012-02-15,Grade 2,+12234701743,778
S12039,Brian Leon,2011-07-12,Grade 2,+19713883335,5556
S12040,Sandra Hurley,2011-08-20,Grade 5,+18777139775,6623
S12041,Tina Thompson,2015-07-10,Grade 5,+12367115450,-
S12042,Stephen Shaw,2018-06-22,Grade 5,-,-
S12043,Robert Castillo,2008-04-06,Grade 1,+12388215772,091
S12044,Jay Chung,2014-06-11,Grade 4,+13626470871,304
S12045,Mr. Reginald Daniel Jr.,2010-01-13,Grade 3,-,-
S12046,Deanna Thompson,2014-04-04,Grade 5,+18792364981,67361
S12047,Shane Porter,2012-07-07,Grade 4,+15448826941,-
S12048,Joshua Nielsen,2016-10-14,Grade 3,+15024566762,4888
S12049,Amy Hardy,2015-04-07,Grade 2,+15487967099,07482
S12050,Bailey Collins,2008-05-27,Grade 4,+13366256420,2926
S12051,Timothy Keller,2011-07-25,Grade 2,+12646564700,-
S12052,Nathaniel Burke,2006-08-08,Grade 2,+19983356649,04522
S12053,Brian King,2014-07-12,Grade 4,+13992005376,525
S12054,Barbara Phillips,2014-05-18,Grade 2,+15315842863,43005
S12055,Wesley Gomez,2014-10-18,Grade 2,+18996675762,-
S12056,Rebecca Garcia,2009-12-09,Grade 4,+14003945916,-
S12057,Brittany Smith,2012-09-09,Grade 4,+15722225119,-
S12058,Rebecca Soto,2016-02-01,Grade 1,+12465236082,4639
S12059,Christopher Mcclure,2017-07-04,Grade 2,+17304638657,0900
S12060,Duane Sullivan,2007-02-03,Grade 5,+19366121404,-
S12061,Diana Black,2015-06-18,Grade 5,+18209617202,-
S12062,Shari Howe,2010-03-08,Grade 2,+14425403125,-
S12063,Christina Hernandez,2014-07-29,Grade 5,+18508069612,-
S12064,Dr. Evan Moore,2011-09-06,Grade 5,+14148809887,-
S12065,Connie Horton,2008-11-24,Grade 2,-,-
S12066,Vickie Foley,2013-11-03,Grade 3,+12954328727,-
S12067,Erin Goodman,2008-11-20,Grade 4,+13412338955,-
S12068,Benjamin Bell,2011-01-20,Grade 2,+17877179547,83586
S12069,Roger Clark,2012-09-17,Grade 1,-,-
S12070,Amanda Hill,2013-05-06,Grade 5,+16584759503,93093
S12071,George Nunez,2014-09-24,Grade 1,+12743809684,-
S12072,Lauren Schneider,2012-12-03,Grade 2,+15907989179,-
S12073,Tammy Wilkins,2006-05-10,Grade 5,+13114288267,-
S12074,Elizabeth Lawrence,2011-01-30,Grade 4,+16356442816,7035
S12075,Jeffrey Nichols,2006-06-12,Grade 3,+13787205730,-
S12076,Patricia Cherry Dds,2007-02-28,Grade 3,+13518568151,6928
S12077,Diane Wright,2018-01-15,Grade 3,-,-
S12078,Matthew Rogers,2012-03-15,Grade 3,+19264348383,-
S12079,Brittany Adams,2011-12-26,Grade 5,+14842818062,743
S12080,Thomas Obrien,2008-07-16,Grade 3,-,-
S12081,Brian Evans,2015-05-30,Grade 3,+13304048981,-
S12082,Jessica Espinoza,2007-10-25,Grade 3,+17988707030,08120
S12083,Cindy Winters,2017-01-14,Grade 2,-,-
S12084,George Webb,2009-02-27,Grade 4,+14223614384,5819
S12085,Anthony Bauer,2019-02-18,Grade 3,+19663895841,8861
S12086,Jamie Turner,2015-03-24,Grade 1,+17348085692,-
S12087,Robert White,2015-01-25,Grade 3,+12017888097,012
S12088,Matthew Gill,2011-09-11,Grade 2,+14012449682,011
S12089,Craig Gonzalez,2007-03-28,Grade 4,+13529422482,544
S12090,Shannon Allison,2017-06-13,Grade 2,+13172701457,-
S12091,Jared Goodwin,2017-06-22,Grade 5,+14437554477,-
S12092,Daniel Bell,2011-09-02,Grade 1,+16482240793,764
S12093,Amy Phillips,2009-12-08,Grade 2,+19506957052,7920
S12094,William Roberts,2011-12-07,Grade 1,-,-
S12095,Lauren Brown,2014-08-18,Grade 2,+17572400740,494
S12096,Lisa Reynolds,2017-01-05,Grade 1,+17269171124,31749
S12097,Emily Wright,2006-04-28,Grade 5,+18582495101,950
S12098,Mary Booth,2011-11-03,Grade 2,+15063656380,4632
S12099,Tiffany Freeman,2018-02-27,Grade 4,+17336198080,6187
S12100,Jenna Wiggins,2010-11-10,Grade 3,+15834468436,739
S12101,Marie Hudson,2010-07-31,Grade 3,+16432649850,892
S12102,Brian Smith,2015-03-15,Grade 1,+17445395048,-
S12103,Michelle Landry,2012-09-08,Grade 3,+12525710849,552
S12104,Mark Copeland,2015-12-01,Grade 3,+19815160294,9414
S12105,Matthew Andrews,2010-04-14,Grade 3,+18193721079,5635
S12106,Antonio Campbell,2012-01-22,Grade 4,+15899643277,91946
S12107,Tamara Allison,2016-04-09,Grade 1,+13173000138,-
S12108,Michelle Williams,2018-10-24,Grade 2,+12657419896,-
S12109,John Grant,2016-03-26,Grade 4,+19606853196,5196
S12110,Sabrina Brown,2007-03-29,Grade 3,-,-
S12111,Linda Hill,2017-10-26,Grade 5,+15986040012,38921
S12112,Susan Durham,2011-02-12,Grade 2,+18819796451,79652
S12113,Duane Morse,2010-11-09,Grade 4,+12187284504,-
S12114,Kyle White,2008-06-24,Grade 5,+16844000737,-
S12115,Jeffery Stewart,2008-11-17,Grade 3,+18074220577,04541
S12116,Jordan Barrera,2015-02-26,Grade 5,+19795790849,-
S12117,Suzanne Evans,2008-02-06,Grade 4,+16363416073,-
S12118,Tracey Turner,2012-08-30,Grade 2,+13903945213,378
S12119,Henry Parker Md,2017-02-24,Grade 3,+19183927344,996
S12120,Andrew Rosales,2006-11-01,Grade 2,+18442364523,-
S12121,Timothy Bennett,2019-02-08,Grade 4,+15603371197,-
S12122,James Nichols,2018-08-05,Grade 2,+14605381249,544
S12123,Sharon Preston,2013-07-12,Grade 5,+18044321841,-
S12124,Jason Scott,2017-10-22,Grade 2,+15007094376,89158
S12125,Douglas Richards,2010-10-18,Grade 5,+18906685278,1975
S12126,Krista Gutierrez,2007-05-11,Grade 5,+18847367842,52999
S12127,Mr. Mark Alexander,2016-12-07,Grade 4,+16198159055,7903
S12128,Joshua Garcia,2007-05-06,Grade 1,+15302415614,-
S12129,Paul Lawrence,2013-11-26,Grade 4,+16434300596,-
S12130,Troy Brown,2015-07-16,Grade 5,+19012770834,-
S12131,Christian Peterson,2006-03-30,Grade 5,+17323175304,02764
S12132,Erin Pierce,2009-11-24,Grade 1,+15985257610,-
S12133,Beth Stephens,2007-09-03,Grade 3,+13896528336,-
S12134,Ryan Robinson,2009-03-04,Grade 5,+15209672950,-
S12135,Juan Mccoy,2015-02-03,Grade 5,+19626105930,-
S12136,Denise Patton,2016-01-02,Grade 1,+13406785649,-
S12137,Robert Hernandez,2006-03-11,Grade 4,+17019987620,7392
S12138,Keith Wood,2015-01-17,Grade 2,+16257661101,-
S12139,Jessica Hall,2007-07-23,Grade 4,+12702691173,5503
S12140,Sean Perry,2011-10-08,Grade 2,+16354376131,-
S12141,Melissa Bowman,2018-06-05,Grade 5,+16769859872,-
S12142,Jonathan Weber,2011-10-03,Grade 2,+16057266946,234
S12143,John Abbott,2007-04-01,Grade 4,+18028973248,-
S12144,John Morales,2012-09-27,Grade 1,+19424331914,33422
S12145,Jose Flynn,2010-11-28,Grade 1,+15665547538,874
S12146,Colin Collins,2018-07-19,Grade 5,+14468320661,247
S12147,Kathy Schmitt,2017-04-30,Grade 3,+16879732275,-
S12148,Ryan Johnson,2018-06-05,Grade 3,+17797748314,00616
S12149,John Oneal,2018-06-19,Grade 2,+12552494785,-
S12150,Emily Ross,2017-03-15,Grade 5,+16972561104,9501
S12151,Amanda Newman,2013-09-13,Grade 5,+16476366776,310
S12152,Justin Owens,2011-03-02,Grade 2,+13243437060,-
S12153,Brandi Kennedy,2009-02-12,Grade 3,+17993314684,47607
S12154,Chase Douglas,2013-12-10,Grade 5,+17202870008,591
S12155,Dawn Ward,2009-09-19,Grade 5,+18344069230,3725
S12156,Shannon Brown,2018-06-23,Grade 5,+13793041001,-
